Мақоми давлатӣ,Категория,№,Рамзи хизматрасонӣ,Номгӯйи хизматрасонӣ,Гирандаи хизматрасонӣ,Хизматрасонанда,Ташкилоти қабул ва додани натиҷа,Шакли хизматрасонӣ,Музднок ё ройгон
ҲУКУМАТИ ҶУМҲУРИИ ТОҶИКИСТОН,Иҷозат,8,000008,"Иҷозат барои воридоти навъҳои алоҳидаи молҳо (кор ва хизматрасониҳо)-е, ки номгўйи онҳо бо қарори Ҳукумати Ҷумҳурии Тоҷикистон тасдиқ гардидааст",Шахсони воқеӣ ва ҳуқуқӣ,Ҳукумати Ҷумҳурии Тоҷикистон,Вазорати рушди иқтисод ва савдои Ҷумҳурии Тоҷикистон,"Коғазӣ, электронӣ",Ройгон
ҲУКУМАТИ ҶУМҲУРИИ ТОҶИКИСТОН,Иҷозат,9,000009,"Иҷозат барои содироти навъҳои алоҳидаи молҳо (кор ва хизматрасониҳо)-е, ки номгўйи онҳо бо қарори Ҳукумати Ҷумҳурии Тоҷикистон тасдиқ гардидааст",Шахсони воқеӣ ва ҳуқуқӣ,Ҳукумати Ҷумҳурии Тоҷикистон,Вазорати рушди иқтисод ва савдои Ҷумҳурии Тоҷикистон,"Коғазӣ, электронӣ",Ройгон
ҲУКУМАТИ ҶУМҲУРИИ ТОҶИКИСТОН,Иҷозат,10,000010,"Иҷозат барои транзити навъҳои алоҳидаи молҳо (кор ва хизматрасониҳо)-е, ки номгўйи онҳо бо қарори Ҳукумати Ҷумҳурии Тоҷикистон тасдиқ гардидааст",Шахсони воқеӣ ва ҳуқуқӣ,Ҳукумати Ҷумҳурии Тоҷикистон,Вазорати рушди иқтисод ва савдои Ҷумҳурии Тоҷикистон,"Коғазӣ, электронӣ",Ройгон
ҲУКУМАТИ ҶУМҲУРИИ ТОҶИКИСТОН,Иҷозат,11,000011,Иҷозат барои ҷойгир кардани рекламаи берунӣ,Шахсони воқеӣ ва ҳуқуқӣ,Мақомоти маҳаллии ҳокимияти давлатӣ,Мақомоти маҳаллии ҳокимияти давлатӣ,"Коғазӣ, электронӣ",Музднок
ҲУКУМАТИ ҶУМҲУРИИ ТОҶИКИСТОН,Иҷозат,12,000012,Иҷозати сохтмони бино ва иншоот,Шахсони воқеӣ ва ҳуқуқӣ,Мақомоти маҳаллии ҳокимияти давлатӣ,Мақомоти маҳаллии ҳокимияти давлатӣ,"Коғазӣ, электронӣ",Ройгон
ҲУКУМАТИ ҶУМҲУРИИ ТОҶИКИСТОН,Иҷозат,13,000013,Иҷозат барои таъсиси шабакаҳои кабелии пахши барномаҳо,Шахсони воқеӣ ва ҳуқуқӣ,Мақомоти маҳаллии ҳокимияти давлатӣ,Мақомоти маҳаллии ҳокимияти давлатӣ,"Коғазӣ, электронӣ",Ройгон
ҲУКУМАТИ ҶУМҲУРИИ ТОҶИКИСТОН,Қарор,14,000014,Қарор дар бораи гирифтан ва ба шахсони воқеӣ ва ҳуқуқӣ додани қитъаи замин,Шахсони воқеӣ ва ҳуқуқӣ,Ҳукумати Ҷумҳурии Тоҷикистон,Кумитаи давлатии идораи замин ва геодезии Ҷумҳурии Тоҷикистон,"Коғазӣ, электронӣ",Ройгон
ҲУКУМАТИ ҶУМҲУРИИ ТОҶИКИСТОН,Қарор,15,000015,"Қарор дар бораи тасдиқи санади комиссияи давлатии қабули иншооти сохтмонаш баитмомрасида (дар объектҳои дорои аҳаммияти ҷумҳуриявӣ ва стратегӣ, ки номгўи онҳоро Ҳукумати Ҷумҳурии Тоҷикистон тасдиқ намудааст)",Шахсони воқеӣ ва ҳуқуқӣ,Ҳукумати Ҷумҳурии Тоҷикистон,Ҳукумати Ҷумҳурии Тоҷикистон,"Коғазӣ, электронӣ",Ройгон
ҲУКУМАТИ ҶУМҲУРИИ ТОҶИКИСТОН,Қарор,16,000016,"Қарор дар бораи муайян намудани фармоишгари сохтмон (барои объектҳои дорои аҳаммияти ҷумҳуриявӣ ва стратегӣ, ки номгўи онҳоро Ҳукумати Ҷумҳурии Тоҷикистон тасдиқ намудааст)",Шахсони воқеӣ ва ҳуқуқӣ,Ҳукумати Ҷумҳурии Тоҷикистон,Ҳукумати Ҷумҳурии Тоҷикистон,"Коғазӣ, электронӣ",Ройгон
ҲУКУМАТИ ҶУМҲУРИИ ТОҶИКИСТОН,Қарор,17,000017,"Қарор дар бораи сохтмони бино ва иншоот (барои объектҳои дорои аҳаммияти ҷумҳуриявӣ ва стратегӣ, ки номгўйи онҳоро Ҳукумати Ҷумҳурии Тоҷикистон тасдиқ намудааст)",Шахсони воқеӣ ва ҳуқуқӣ,Ҳукумати Ҷумҳурии Тоҷикистон,Ҳукумати Ҷумҳурии Тоҷикистон,"Коғазӣ, электронӣ",Ройгон
ҲУКУМАТИ ҶУМҲУРИИ ТОҶИКИСТОН,Қарор,18,000018,Қарор дар бораи тасдиқи санад оид ба қабули иншоот барои истифодабарӣ,Шахсони воқеӣ ва ҳуқуқӣ,Мақомоти маҳаллии ҳокимияти давлатӣ,Мақомоти маҳаллии ҳокимияти давлатӣ,"Коғазӣ, электронӣ",Ройгон
ҲУКУМАТИ ҶУМҲУРИИ ТОҶИКИСТОН,Қарор,19,000019,Қарор дар бораи ҷудо намудани қитъаи замин,Шахсони воқеӣ ва ҳуқуқӣ,Мақомоти маҳаллии ҳокимияти давлатӣ,Мақомоти маҳаллии ҳокимияти давлатӣ,"Коғазӣ, электронӣ",Ройгон
ҲУКУМАТИ ҶУМҲУРИИ ТОҶИКИСТОН,Қарор,20,000020,Қарор дар бораи вобаста намудани қитъаи замин,Шахсони воқеӣ ва ҳуқуқӣ,Мақомоти маҳаллии ҳокимияти давлатӣ,Мақомоти маҳаллии ҳокимияти давлатӣ,"Коғазӣ, электронӣ",Ройгон
ҲУКУМАТИ ҶУМҲУРИИ ТОҶИКИСТОН,Қарор,21,000021,Қарор дар бораи додани иҷораи моликияти коммуналӣ,Шахсони воқеӣ ва ҳуқуқӣ,Мақомоти маҳаллии ҳокимияти давлатӣ,Мақомоти маҳаллии ҳокимияти давлатӣ,"Коғазӣ, электронӣ",Ройгон
ҲУКУМАТИ ҶУМҲУРИИ ТОҶИКИСТОН,Қарор,22,000022,Қарор дар бораи хусусигардонии моликияти коммуналӣ,Шахсони воқеӣ ва ҳуқуқӣ,Мақомоти маҳаллии ҳокимияти давлатӣ,Мақомоти маҳаллии ҳокимияти давлатӣ,"Коғазӣ, электронӣ",Ройгон
ҲУКУМАТИ ҶУМҲУРИИ ТОҶИКИСТОН,Қарор,23,000023,Қарор дар бораи иваз намудани таъиноти иншоот,Шахсони воқеӣ ва ҳуқуқӣ,Мақомоти маҳаллии ҳокимияти давлатӣ,Мақомоти маҳаллии ҳокимияти давлатӣ,"Коғазӣ, электронӣ",Ройгон
ҲУКУМАТИ ҶУМҲУРИИ ТОҶИКИСТОН,Қарор,24,000024,Қарор оид ба танзими масъалаҳои иҷтимоию иқтисодӣ,Шахсони воқеӣ ва ҳуқуқӣ,Мақомоти маҳаллии ҳокимияти давлатӣ,Мақомоти маҳаллии ҳокимияти давлатӣ,"Коғазӣ, электронӣ",Ройгон
АГЕНТИИ НАЗОРАТИ МАВОДИ НАШЪАОВАРИ НАЗДИ ПРЕЗИДЕНТИ ҶУМҲУРИИ ТОҶИКИСТОН,Иҷозатнома,25,000025,"Иҷозатнома оид ба фаъолияти марбут ба муомилоти қонунии прекурсорҳои воситаҳои нашъадор ва моддаҳои психотропӣ (таҳия, истеҳсол, тайёр кардан, коркард, нигоҳ доштан, интиқол, муросилот, додан, харид, фурўш, тақсимот, соҳиб шудан, истифода, воридот ва содирот)",Шахсони воқеӣ ва ҳуқуқӣ,Агентии назорати маводи нашъаовари назди Президенти Ҷумҳурии Тоҷикистон,Агентии назорати маводи нашъаовари назди Президенти Ҷумҳурии Тоҷикистон,"Коғазӣ, электронӣ",Музднок
АГЕНТИИ НАЗОРАТИ МАВОДИ НАШЪАОВАРИ НАЗДИ ПРЕЗИДЕНТИ ҶУМҲУРИИ ТОҶИКИСТОН,Шаҳодатнома,26,000026,Шаҳодатномаи воридоти прекурсорҳои воситаҳои нашъадор ва моддаҳои психотропӣ,Шахсони воқеӣ ва ҳуқуқӣ,Агентии назорати маводи нашъаовари назди Президенти Ҷумҳурии Тоҷикистон,Агентии назорати маводи нашъаовари назди Президенти Ҷумҳурии Тоҷикистон,"Коғазӣ, электронӣ",Музднок
АГЕНТИИ НАЗОРАТИ МАВОДИ НАШЪАОВАРИ НАЗДИ ПРЕЗИДЕНТИ ҶУМҲУРИИ ТОҶИКИСТОН,Шаҳодатнома,27,000027,Шаҳодатномаи содироти прекурсорҳои воситаҳои нашъадор ва моддаҳои психотропӣ,Шахсони воқеӣ ва ҳуқуқӣ,Агентии назорати маводи нашъаовари назди Президенти Ҷумҳурии Тоҷикистон,Агентии назорати маводи нашъаовари назди Президенти Ҷумҳурии Тоҷикистон,"Коғазӣ, электронӣ",Музднок
АГЕНТИИ ИННОВАТСИЯ ВА ТЕХНОЛОГИЯҲОИ РАҚАМИИ НАЗДИ ПРЕЗИДЕНТИ ҶУМҲУРИИ ТОҶИКИСТОН,Иҷозатнома,28,000028,"Иҷозатнома барои фаъолият оид ба додани сертификатҳои калидҳои имзоҳои электронии ҳифзшуда, хизматрасониҳо вобаста ба истифодаи имзоҳои электронии ҳифзшуда ва тасдиқи аслияти имзоҳои электронии ҳифзшуда ба марказҳои тасдиқкунанда",Шахсони воқеӣ ва ҳуқуқӣ,Агентии инноватсия ва технологияҳои рақамии назди Президенти Ҷумҳурии Тоҷикистон,Агентии инноватсия ва технологияҳои рақамии назди Президенти Ҷумҳурии Тоҷикистон,"Коғазӣ, электронӣ",Музднок
АГЕНТИИ ИННОВАТСИЯ ВА ТЕХНОЛОГИЯҲОИ РАҚАМИИ НАЗДИ ПРЕЗИДЕНТИ ҶУМҲУРИИ ТОҶИКИСТОН,Сертификат,29,000029,Сертификати воситаҳои имзои электронии ҳифзшуда ба марказҳои тасдиқкунанда,Шахсони воқеӣ ва ҳуқуқӣ,Агентии инноватсия ва технологияҳои рақамии назди Президенти Ҷумҳурии Тоҷикистон,Агентии инноватсия ва технологияҳои рақамии назди Президенти Ҷумҳурии Тоҷикистон,"Коғазӣ, электронӣ",Музднок
АГЕНТИИ ОМОРИ НАЗДИ ПРЕЗИДЕНТИ ҶУМҲУРИИ ТОҶИКИСТОН,,30,000030,Маълумотнома дар бораи рамзҳои оморӣ,Шахсони воқеӣ ва ҳуқуқӣ,"Раёсат, шуъба ва бахшҳои Агентии омори назди Президенти Ҷумҳурии Тоҷикистон дар шаҳру ноҳияҳо","Раёсат, шуъба ва бахшҳои Агентии омори назди Президенти Ҷумҳурии Тоҷикистон дар шаҳру ноҳияҳо","Коғазӣ, электронӣ",Музднок
АГЕНТИИ НАЗОРАТИ ДАВЛАТИИ ЭНЕРГЕТИКИИ НАЗДИ ПРЕЗИДЕНТИ ҶУМҲУРИИ ТОҶИКИСТОН,Иҷозат,37,000037,Иҷозат барои пайвастшавии дастгоҳу объекти энергетика ва субъекти хоҷагидор ба шабакаи энергетикӣ,Шахсони воқеӣ ва ҳуқуқӣ,"Агентии назорати давлатии энергетикии назди Президенти Ҷумҳурии Тоҷикистон, раёсату шуъбаҳои шаҳрию минтақавии Агентии назорати давлатии энергетикии назди Президенти Ҷумҳурии Тоҷикистон","Агентии назорати давлатии энергетикии назди Президенти Ҷумҳурии Тоҷикистон, раёсату шуъбаҳои шаҳрию минтақавии Агентии назорати давлатии энергетикии назди Президенти Ҷумҳурии Тоҷикистон","Коғазӣ, электронӣ",Музднок
АГЕНТИИ НАЗОРАТИ ДАВЛАТИИ ЭНЕРГЕТИКИИ НАЗДИ ПРЕЗИДЕНТИ ҶУМҲУРИИ ТОҶИКИСТОН,Иҷозат,38,000038,Иҷозат барои пайвастшавии истифодабарандагон ба шабакаи энергетикӣ,Шахсони воқеӣ ва ҳуқуқӣ,"Агентии назорати давлатии энергетикии назди Президенти Ҷумҳурии Тоҷикистон, раёсату шуъбаҳои шаҳрию минтақавии Агентии назорати давлатии энергетикии назди Президенти Ҷумҳурии Тоҷикистон","Агентии назорати давлатии энергетикии назди Президенти Ҷумҳурии Тоҷикистон, раёсату шуъбаҳои шаҳрию минтақавии Агентии назорати давлатии энергетикии назди Президенти Ҷумҳурии Тоҷикистон","Коғазӣ, электронӣ",Музднок
АГЕНТИИ НАЗОРАТИ ДАВЛАТИИ ЭНЕРГЕТИКИИ НАЗДИ ПРЕЗИДЕНТИ ҶУМҲУРИИ ТОҶИКИСТОН,Мувофиқакунӣ,39,000039,Мувофиқакунии меъёрҳои сарфи технологии захираҳои сўзишворию энергетикӣ ба воҳиди маҳсулоти истеҳсолшаванда,Шахсони воқеӣ ва ҳуқуқӣ,"Агентии назорати давлатии энергетикии назди Президенти Ҷумҳурии Тоҷикистон, раёсату шуъбаҳои шаҳрию минтақавии Агентии назорати давлатии энергетикии назди Президенти Ҷумҳурии Тоҷикистон","Агентии назорати давлатии энергетикии назди Президенти Ҷумҳурии Тоҷикистон, раёсату шуъбаҳои шаҳрию минтақавии Агентии назорати давлатии энергетикии назди Президенти Ҷумҳурии Тоҷикистон","Коғазӣ, электронӣ",Музднок
АГЕНТИИ НАЗОРАТИ ДАВЛАТИИ ЭНЕРГЕТИКИИ НАЗДИ ПРЕЗИДЕНТИ ҶУМҲУРИИ ТОҶИКИСТОН,Хулоса,40,000040,Хулоса аз натиҷаи корҳои озмоишии электротехникии заминпайвандҳо ва оиқи ноқилу кабелҳо ва ташхиси воситаҳои ҳимоявӣ,Шахсони воқеӣ ва ҳуқуқӣ,Озмоишгоҳи электротехникии Агентии назорати давлатии энергетикии назди Президенти Ҷумҳурии Тоҷикистон,Озмоишгоҳи электротехникии Агентии назорати давлатии энергетикии назди Президенти Ҷумҳурии Тоҷикистон,"Коғазӣ, электронӣ",Музднок
ВАЗОРАТИ АДЛИЯИ ҶУМҲУРИИ ТОҶИКИСТОН,Апостил,41,000041,Апостил ба ҳуҷҷатҳои расмии мақомоти сабти асноди ҳолати шаҳрвандӣ,Шахсони воқеӣ ва шахсони ҳуқуқӣ,Вазорати адлияи Ҷумҳурии Тоҷикистон,"Вазорати адлияи Ҷумҳурии Тоҷикистон, раёсатҳои адлияи Вилояти Мухтори Кӯҳистони Бадахшон, вилоятҳои Хатлон ва Суғд","Коғазӣ, электронӣ",Музднок
ВАЗОРАТИ АДЛИЯИ ҶУМҲУРИИ ТОҶИКИСТОН,Апостил,42,000042,Апостил ба ҳуҷҷатҳои расмии нотариусҳои давлатӣ,Шахсони воқеӣ ва шахсони ҳуқуқӣ,Вазорати адлияи Ҷумҳурии Тоҷикистон,"Вазорати адлияи Ҷумҳурии Тоҷикистон, раёсатҳои адлияи Вилояти Мухтори Кӯҳистони Бадахшон, вилоятҳои Хатлон ва Суғд","Коғазӣ, электронӣ",Музднок
ВАЗОРАТИ АДЛИЯИ ҶУМҲУРИИ ТОҶИКИСТОН,Апостил,43,000043,Апостил ба ҳуҷҷатҳои расмии мақомоти судӣ ва мақомоти истеҳсолоти иҷро,Шахсони воқеӣ ва шахсони ҳуқуқӣ,Вазорати адлияи Ҷумҳурии Тоҷикистон,"Вазорати адлияи Ҷумҳурии Тоҷикистон, раёсатҳои адлияи Вилояти Мухтори Кӯҳистони Бадахшон, вилоятҳои Хатлон ва Суғд","Коғазӣ, электронӣ",Музднок
ВАЗОРАТИ АДЛИЯИ ҶУМҲУРИИ ТОҶИКИСТОН,Апостил,44,000044,Апостил ба ҳуҷҷатҳои расмии мақомоти прокуратура,Шахсони воқеӣ ва шахсони ҳуқуқӣ,Вазорати адлияи Ҷумҳурии Тоҷикистон,"Вазорати адлияи Ҷумҳурии Тоҷикистон, раёсатҳои адлияи Вилояти Мухтори Кӯҳистони Бадахшон, Хатлон ва Суғд","Коғазӣ, электронӣ",Музднок
ВАЗОРАТИ АДЛИЯИ ҶУМҲУРИИ ТОҶИКИСТОН,Бақайдгирӣ (азнавбақайдгирӣ),52,000052,Бақайдгирии давлатии иттиҳодияҳои ҷамъиятӣ (Шаҳодатнома дар бораи бақайдгирии давлати иттиҳодияҳои ҷамъиятӣ),Шахсони воқеӣ ва ҳуқуқӣ,"Вазорати адлияи Ҷумҳурии Тоҷикистон, раёсатҳои адлияи Вилояти Мухтори Кӯҳистони Бадахшон, вилоятҳои Хатлон ва Суғд","Вазорати адлияи Ҷумҳурии Тоҷикистон, раёсатҳои адлияи Вилояти Мухтори Кӯҳистони Бадахшон, вилоятҳои Хатлон ва Суғд","Коғазӣ, электронӣ",Музднок
ВАЗОРАТИ АДЛИЯИ ҶУМҲУРИИ ТОҶИКИСТОН,Бақайдгирӣ (азнавбақайдгирӣ),53,000053,Азнавбақайдгирии давлатии иттиҳодияҳои ҷамъиятӣ (Шаҳодатнома дар бораи азнавбақайдгирии давлатии иттиҳодияи ҷамъиятӣ),Шахсони воқеӣ ва ҳуқуқӣ,"Вазорати адлияи Ҷумҳурии Тоҷикистон, раёсатҳои адлияи Вилояти Мухтори Кӯҳистони Бадахшон, вилоятҳои Хатлон ва Суғд","Вазорати адлияи Ҷумҳурии Тоҷикистон, раёсатҳои адлияи Вилояти Мухтори Кӯҳистони Бадахшон, вилоятҳои Хатлон ва Суғд","Коғазӣ, электронӣ",Музднок
ВАЗОРАТИ АДЛИЯИ ҶУМҲУРИИ ТОҶИКИСТОН,Бақайдгирӣ (азнавбақайдгирӣ),54,000054,"Бақайдгирии давлатии барҳамдиҳии иттиҳодияҳои ҷамъиятӣ, филиал ва намояндагиҳо (Иқтибос аз Феҳристи ягонаи давлатӣ)",Шахсони воқеӣ ва ҳуқуқӣ,"Вазорати адлияи Ҷумҳурии Тоҷикистон, раёсатҳои адлияи Вилояти Мухтори Кӯҳистони Бадахшон, вилоятҳои Хатлон ва Суғд","Вазорати адлияи Ҷумҳурии Тоҷикистон, раёсатҳои адлияи Вилояти Мухтори Кӯҳистони Бадахшон, вилоятҳои Хатлон ва Суғд","Коғазӣ, электронӣ",Музднок
ВАЗОРАТИ АДЛИЯИ ҶУМҲУРИИ ТОҶИКИСТОН,Бақайдгирӣ (азнавбақайдгирӣ),55,000055,Бақайдгирии давлатии ҳизбҳои сиёсӣ (Шаҳодатнома дар бораи бақайдгирии давлатии ҳизбҳои сиёсӣ),Шахсони воқеӣ ва ҳуқуқӣ,Вазорати адлияи Ҷумҳурии Тоҷикистон,Вазорати адлияи Ҷумҳурии Тоҷикистон,"Коғазӣ, электронӣ",Музднок
ВАЗОРАТИ АДЛИЯИ ҶУМҲУРИИ ТОҶИКИСТОН,Бақайдгирӣ (азнавбақайдгирӣ),56,000056,Бақайдгирии давлатии барҳамдиҳии ҳизбҳои сиёсӣ (Иқтибос аз Феҳристи давлатӣ),Шахсони воқеӣ ва ҳуқуқӣ,Вазорати адлияи Ҷумҳурии Тоҷикистон,Вазорати адлияи Ҷумҳурии Тоҷикистон,"Коғазӣ, электронӣ",Музднок
ВАЗОРАТИ АДЛИЯИ ҶУМҲУРИИ ТОҶИКИСТОН,Бақайдгирӣ (азнавбақайдгирӣ),57,000057,Азназбақайдгирии давлатии ҳизбҳои сиёсӣ (Шаҳодатнома дар бораи азнавбақайдгирии давлатии ҳизбҳои сиёсӣ),Шахсони воқеӣ ва ҳуқуқӣ,Вазорати адлияи Ҷумҳурии Тоҷикистон,Вазорати адлияи Ҷумҳурии Тоҷикистон,"Коғазӣ, электронӣ",Музднок
ВАЗОРАТИ АДЛИЯИ ҶУМҲУРИИ ТОҶИКИСТОН,Бақайдгирӣ (азнавбақайдгирӣ),58,000058,Бақайдгирии давлатии мақомоти минтақавии Иттифоқи адвокатҳои (Шаҳодатнома дар бораи бақайдгирии давлатии мақоми минтақавии Иттифоқи адвокатҳо),Шахсони воқеӣ ва ҳуқуқӣ,"Вазорати адлияи Ҷумҳурии Тоҷикистон, раёсатҳои адлияи Вилояти Мухтори Кӯҳистони Бадахшон, вилоятҳои Хатлон ва Суғд","Вазорати адлияи Ҷумҳурии Тоҷикистон, раёсатҳои адлияи Вилояти Мухтори Кӯҳистони Бадахшон, вилоятҳои Хатлон ва Суғд","Коғазӣ, электронӣ",Музднок
ВАЗОРАТИ АДЛИЯИ ҶУМҲУРИИ ТОҶИКИСТОН,Бақайдгирӣ (азнавбақайдгирӣ),59,000059,Азнавбақадгирии давлатии мақомоти минтақавии Иттифоқи адвокатӣ (Шаҳодатнома дар бораи азнавбақайдгирии давлатии мақоми минтақавии Иттифоқи адвокатҳо),Шахсони воқеӣ ва ҳуқуқӣ,"Вазорати адлияи Ҷумҳурии Тоҷикистон, раёсатҳои адлияи Вилояти Мухтори Кӯҳистони Бадахшон, вилоятҳои Хатлон ва Суғд","Вазорати адлияи Ҷумҳурии Тоҷикистон, раёсатҳои адлияи Вилояти Мухтори Кӯҳистони Бадахшон, вилоятҳои Хатлон ва Суғд","Коғазӣ, электронӣ",Музднок
ВАЗОРАТИ АДЛИЯИ ҶУМҲУРИИ ТОҶИКИСТОН,Бақайдгирӣ (азнавбақайдгирӣ),60,000060,Бақайдгирии давлатии иттифоқи адвокатҳо (Шаҳодатнома дар бораи бақайдгирии давлатии Иттифоқи адвокатҳо),Шахсони воқеӣ ва ҳуқуқӣ,"Вазорати адлияи Ҷумҳурии Тоҷикистон, раёсатҳои адлияи Вилояти Мухтори Кӯҳистони Бадахшон, вилоятҳои Хатлон ва Суғд","Вазорати адлияи Ҷумҳурии Тоҷикистон, раёсатҳои адлияи Вилояти Мухтори Кӯҳистони Бадахшон, вилоятҳои Хатлон ва Суғд","Коғазӣ, электронӣ",Музднок
ВАЗОРАТИ АДЛИЯИ ҶУМҲУРИИ ТОҶИКИСТОН,Бақайдгирӣ (азнавбақайдгирӣ),61,000061,Бақайдгирии давлатии бюрои адвокатӣ (Шаҳодатнома дар бораи бақайдгирии бюрои адвокатӣ),Шахсони воқеӣ ва ҳуқуқӣ,"Вазорати адлияи Ҷумҳурии Тоҷикистон, раёсатҳои адлияи Вилояти Мухтори Кӯҳистони Бадахшон, вилоятҳои Хатлон ва Суғд","Вазорати адлияи Ҷумҳурии Тоҷикистон, раёсатҳои адлияи Вилояти Мухтори Кӯҳистони Бадахшон, вилоятҳои Хатлон ва Суғд","Коғазӣ, электронӣ",Музднок
ВАЗОРАТИ АДЛИЯИ ҶУМҲУРИИ ТОҶИКИСТОН,Бақайдгирӣ (азнавбақайдгирӣ),62,000062,Азнавбақайдгирии давлатии бюрои адвокатӣ (Шаҳодатнома дар бораи азнавбақайдгирии бюрои адвокатӣ),Шахсони воқеӣ ва ҳуқуқӣ,"Вазорати адлияи Ҷумҳурии Тоҷикистон, раёсатҳои адлияи Вилояти Мухтори Кӯҳистони Бадахшон, Хатлон ва Суғд","Вазорати адлияи Ҷумҳурии Тоҷикистон, раёсатҳои адлияи Вилояти Мухтори Кӯҳистони Бадахшон, Хатлон ва Суғд","Коғазӣ, электронӣ",Музднок
ВАЗОРАТИ АДЛИЯИ ҶУМҲУРИИ ТОҶИКИСТОН,Бақайдгирӣ (азнавбақайдгирӣ),63,000063,Бақайдгирии давлатии коллегияи адвокатҳо (Шаҳодатнома дар бораи бақайдгирии коллегияи адвокатҳо),Шахсони воқеӣ ва ҳуқуқӣ,"Вазорати адлияи Ҷумҳурии Тоҷикистон, раёсатҳои адлияи Вилояти Мухтори Кӯҳистони Бадахшон, Хатлон ва Суғд","Вазорати адлияи Ҷумҳурии Тоҷикистон, раёсатҳои адлияи Вилояти Мухтори Кӯҳистони Бадахшон, Хатлон ва Суғд","Коғазӣ, электронӣ",Музднок
ВАЗОРАТИ АДЛИЯИ ҶУМҲУРИИ ТОҶИКИСТОН,Бақайдгирӣ (азнавбақайдгирӣ),64,000064,Азнавбақайдгирии давлатии коллегияи адвокатҳо (Шаҳодатнома дар бораи азнавбақайдгирии коллегияи адвокатҳо),Шахсони воқеӣ ва ҳуқуқӣ,"Вазорати адлияи Ҷумҳурии Тоҷикистон, раёсатҳои адлияи Вилояти Мухтори Кӯҳистони Бадахшон, Хатлон ва Суғд","Вазорати адлияи Ҷумҳурии Тоҷикистон, раёсатҳои адлияи Вилояти Мухтори Кӯҳистони Бадахшон, Хатлон ва Суғд","Коғазӣ, электронӣ",Музднок
ВАЗОРАТИ АДЛИЯИ ҶУМҲУРИИ ТОҶИКИСТОН,Бақайдгирӣ (азнавбақайдгирӣ),65,000065,Бақайдгирии давлатии маслиҳатхонаи ҳуқуқӣ (Шаҳодатнома дар бораи бақайдгирии маслиҳатхонаи ҳуқуқӣ),Шахсони воқеӣ ва ҳуқуқӣ,"Вазорати адлияи Ҷумҳурии Тоҷикистон, раёсатҳои адлияи Вилояти Мухтори Кӯҳистони Бадахшон, Хатлон ва Суғд","Вазорати адлияи Ҷумҳурии Тоҷикистон, раёсатҳои адлияи Вилояти Мухтори Кӯҳистони Бадахшон, Хатлон ва Суғд","Коғазӣ, электронӣ",Музднок
ВАЗОРАТИ АДЛИЯИ ҶУМҲУРИИ ТОҶИКИСТОН,Бақайдгирӣ (азнавбақайдгирӣ),66,000066,Азнавбақайдгирии давлатии маслиҳатхонаи ҳуқуқӣ (Шаҳодатнома дар бораи азнавбақайдгирии маслиҳатхонаи ҳуқуқӣ),Шахсони воқеӣ ва ҳуқуқӣ,"Вазорати адлияи Ҷумҳурии Тоҷикистон, раёсатҳои адлияи Вилояти Мухтори Кӯҳистони Бадахшон, Хатлон ва Суғд","Вазорати адлияи Ҷумҳурии Тоҷикистон, раёсатҳои адлияи Вилояти Мухтори Кӯҳистони Бадахшон, Хатлон ва Суғд","Коғазӣ, электронӣ",Музднок
ВАЗОРАТИ АДЛИЯИ ҶУМҲУРИИ ТОҶИКИСТОН,Бақайдгирӣ (азнавбақайдгирӣ),67,000067,Бақайдгирии давлатии кабинети адвокатӣ (Шаҳодатнома дар бораи бақайдгирии кабинети адвокатӣ),Шахсони воқеӣ ва ҳуқуқӣ,"Вазорати адлияи Ҷумҳурии Тоҷикистон, раёсатҳои адлияи Вилояти Мухтори Кӯҳистони Бадахшон, Хатлон ва Суғд","Вазорати адлияи Ҷумҳурии Тоҷикистон, раёсатҳои адлияи Вилояти Мухтори Кӯҳистони Бадахшон, Хатлон ва Суғд","Коғазӣ, электронӣ",Музднок
ВАЗОРАТИ АДЛИЯИ ҶУМҲУРИИ ТОҶИКИСТОН,Бақайдгирӣ (азнавбақайдгирӣ),68,000068,Азнавбақайдгирии давлатии кабинети адвокатӣ (Шаҳодатнома дар бораи азнавбақайдгирии кабинети адвокатӣ),Шахсони воқеӣ ва ҳуқуқӣ,"Вазорати адлияи Ҷумҳурии Тоҷикистон, раёсатҳои адлияи Вилояти Мухтори Кӯҳистони Бадахшон, Хатлон ва Суғд","Вазорати адлияи Ҷумҳурии Тоҷикистон, раёсатҳои адлияи Вилояти Мухтори Кӯҳистони Бадахшон, Хатлон ва Суғд","Коғазӣ, электронӣ",Музднок
ВАЗОРАТИ АДЛИЯИ ҶУМҲУРИИ ТОҶИКИСТОН,Бақайдгирӣ (азнавбақайдгирӣ),69,000069,Бақайдгирии давлатии махсуси адвокатҳои давлатҳои хориҷӣ (Шаҳодатнома дар бораи бақайдгирии махсуси адвокатҳои давлатҳои хориҷӣ),Шахсони воқеӣ ва ҳуқуқӣ,"Вазорати адлияи Ҷумҳурии Тоҷикистон, раёсатҳои адлияи Вилояти Мухтори Кӯҳистони Бадахшон, Хатлон ва Суғд","Вазорати адлияи Ҷумҳурии Тоҷикистон, раёсатҳои адлияи Вилояти Мухтори Кӯҳистони Бадахшон, Хатлон ва Суғд","Коғазӣ, электронӣ",Музднок
ВАЗОРАТИ АДЛИЯИ ҶУМҲУРИИ ТОҶИКИСТОН,Бақайдгирӣ (азнавбақайдгирӣ),70,000070,Бақайдгирии давлатии гарави молу мулки манқул ва шартномаҳои консессионӣ (Иттилоот оиди бақайдгирии давлатии гарави молу мулки манқул ва шартномаҳои консессионӣ),Шахсони воқеӣ ва ҳуқуқӣ,Вазорати адлияи Ҷумҳурии Тоҷикистон,Вазорати адлияи Ҷумҳурии Тоҷикистон,"Коғазӣ, электронӣ",Ройгон
ВАЗОРАТИ АДЛИЯИ ҶУМҲУРИИ ТОҶИКИСТОН,Бақайдгирӣ (азнавбақайдгирӣ),71,000071,Қайди баҳисобгирии намояндагӣ ва филиалҳои иттиҳодияҳои ҷамъиятӣ (Иқтибос аз Феҳристи давлатӣ),Шахсони воқеӣ ва ҳуқуқӣ,"Вазорати адлияи Ҷумҳурии Тоҷикистон, раёсатҳои адлияи Вилояти Мухтори Кӯҳистони Бадахшон, Хатлон ва Суғд","Вазорати адлияи Ҷумҳурии Тоҷикистон, раёсатҳои адлияи Вилояти Мухтори Кӯҳистони Бадахшон, Хатлон ва Суғд","Коғазӣ, электронӣ",Музднок
ВАЗОРАТИ АДЛИЯИ ҶУМҲУРИИ ТОҶИКИСТОН,Бақайдгирӣ (азнавбақайдгирӣ),72,000072,Аз нав ба қайдгирии намояндагӣ ва филиалҳои иттиҳодияҳои ҷамъиятӣ (Иқтибос аз Феҳристи давлатӣ),Шахсони воқеӣ ва ҳуқуқӣ,"Вазорати адлияи Ҷумҳурии Тоҷикистон, раёсатҳои адлияи Вилояти Мухтори Кӯҳистони Бадахшон, Хатлон ва Суғд","Вазорати адлияи Ҷумҳурии Тоҷикистон, раёсатҳои адлияи Вилояти Мухтори Кӯҳистони Бадахшон, Хатлон ва Суғд","Коғазӣ, электронӣ",Музднок
ВАЗОРАТИ АДЛИЯИ ҶУМҲУРИИ ТОҶИКИСТОН,Иқтибос (нусха),73,000073,Иқтибос аз Феҳристи ягонаи адвокатӣ,Шахсони воқеӣ ва ҳуқуқӣ,Вазорати адлияи Ҷумҳурии Тоҷикистон,Вазорати адлияи Ҷумҳурии Тоҷикистон,"Коғазӣ, электронӣ",Музднок
ВАЗОРАТИ АДЛИЯИ ҶУМҲУРИИ ТОҶИКИСТОН,Иқтибос (нусха),74,000074,Иқтибос аз Феҳристи ягонаи ташкилотҳои адвокатӣ,Шахсони воқеӣ ва ҳуқуқӣ,"Вазорати адлияи Ҷумҳурии Тоҷикистон, раёсатҳои адлияи Вилояти Мухтори Кӯҳистони Бадахшон, Хатлон ва Суғд","Вазорати адлияи Ҷумҳурии Тоҷикистон, раёсатҳои адлияи Вилояти Мухтори Кӯҳистони Бадахшон, Хатлон ва Суғд","Коғазӣ, электронӣ",Музднок
ВАЗОРАТИ АДЛИЯИ ҶУМҲУРИИ ТОҶИКИСТОН,Иқтибос (нусха),75,000075,Иқтибос аз Феҳристи махсуси адвокатҳои давлатҳои хориҷӣ,Шахсони воқеӣ ва ҳуқуқӣ,Вазорати адлияи Ҷумҳурии Тоҷикистон,Вазорати адлияи Ҷумҳурии Тоҷикистон,"Коғазӣ, электронӣ",Музднок
ВАЗОРАТИ АДЛИЯИ ҶУМҲУРИИ ТОҶИКИСТОН,Иқтибос (нусха),76,000076,Иқтибос аз Феҳрист дар бораи барҳамдиҳии бюрои адвокатӣ,Шахсони воқеӣ ва ҳуқуқӣ,"Вазорати адлияи Ҷумҳурии Тоҷикистон, раёсатҳои адлияи Вилояти Мухтори Кӯҳистони Бадахшон, Хатлон ва Суғд","Вазорати адлияи Ҷумҳурии Тоҷикистон, раёсатҳои адлияи Вилояти Мухтори Кӯҳистони Бадахшон, Хатлон ва Суғд","Коғазӣ, электронӣ",Музднок
ВАЗОРАТИ АДЛИЯИ ҶУМҲУРИИ ТОҶИКИСТОН,Иқтибос (нусха),77,000077,Иқтибос аз Феҳрист дар бораи барҳамдиҳии коллегияи адвокатӣ,Шахсони воқеӣ ва ҳуқуқӣ,"Вазорати адлияи Ҷумҳурии Тоҷикистон, раёсатҳои адлияи Вилояти Мухтори Кӯҳистони Бадахшон, Хатлон ва Суғд","Вазорати адлияи Ҷумҳурии Тоҷикистон, раёсатҳои адлияи Вилояти Мухтори Кӯҳистони Бадахшон, Хатлон ва Суғд","Коғазӣ, электронӣ",Музднок
ВАЗОРАТИ АДЛИЯИ ҶУМҲУРИИ ТОҶИКИСТОН,Иқтибос (нусха),78,000078,Иқтибос аз Феҳрист дар бораи барҳамдиҳии маслиҳатхонаи ҳуқуқӣ,Шахсони воқеӣ ва ҳуқуқӣ,"Вазорати адлияи Ҷумҳурии Тоҷикистон, раёсатҳои адлияи Вилояти Мухтори Кӯҳистони Бадахшон, Хатлон ва Суғд","Вазорати адлияи Ҷумҳурии Тоҷикистон, раёсатҳои адлияи Вилояти Мухтори Кӯҳистони Бадахшон, Хатлон ва Суғд","Коғазӣ, электронӣ",Музднок
ВАЗОРАТИ АДЛИЯИ ҶУМҲУРИИ ТОҶИКИСТОН,Иқтибос (нусха),79,000079,Иқтибос аз Феҳрист дар бораи барҳамдиҳии кабинети адвокатӣ,Шахсони воқеӣ ва ҳуқуқӣ,"Вазорати адлияи Ҷумҳурии Тоҷикистон, раёсатҳои адлияи Вилояти Мухтори Кӯҳистони Бадахшон, Хатлон ва Суғд","Вазорати адлияи Ҷумҳурии Тоҷикистон, раёсатҳои адлияи Вилояти Мухтори Кӯҳистони Бадахшон, Хатлон ва Суғд","Коғазӣ, электронӣ",Музднок
ВАЗОРАТИ АДЛИЯИ ҶУМҲУРИИ ТОҶИКИСТОН,Тасдиқкунӣ,85,000085,"Тасдиқи розигиҳоеро, ки мазмуни онҳо аҳди яктарафаро ифода мекунанд",Шахсони воқеӣ ва ҳуқуқӣ,"Саридораи нотариалии давлатӣ, идораҳои нотариалии давлатии шаҳрҳо ва ноҳияҳо","Саридораи нотариалии давлатӣ, идораҳои нотариалии давлатии шаҳрҳо ва ноҳияҳо","Коғазӣ, электронӣ",Музднок
ВАЗОРАТИ АДЛИЯИ ҶУМҲУРИИ ТОҶИКИСТОН,Тасдиқкунӣ,86,000086,"Тадиқи розигиҳое, ки қонунгузории Ҷумҳурии Тоҷикистон тасдиқи нотариалии онҳоро ҳатмӣ кардааст",Шахсони воқеӣ ва ҳуқуқӣ,"Саридораи нотариалии давлатӣ, идораҳои нотариалии давлатии шаҳрҳо ва ноҳияҳо","Саридораи нотариалии давлатӣ, идораҳои нотариалии давлатии шаҳрҳо ва ноҳияҳо","Коғазӣ, электронӣ",Музднок
ВАЗОРАТИ АДЛИЯИ ҶУМҲУРИИ ТОҶИКИСТОН,Тасдиқкунӣ,87,000087,Тасдиқи ваколатномаҳо,Шахсони воқеӣ ва ҳуқуқӣ,"Саридораи нотариалии давлатӣ, идораҳои нотариалии давлатии шаҳрҳо ва ноҳияҳо","Саридораи нотариалии давлатӣ, идораҳои нотариалии давлатии шаҳрҳо ва ноҳияҳо","Коғазӣ, электронӣ",Музднок
ВАЗОРАТИ АДЛИЯИ ҶУМҲУРИИ ТОҶИКИСТОН,Тасдиқкунӣ,88,000088,Тасдиқи васиятнома ва васиятномаи махфӣ,Шахсони воқеӣ ва ҳуқуқӣ,"Саридораи нотариалии давлатӣ, идораҳои нотариалии давлатии шаҳрҳо ва ноҳияҳо","Саридораи нотариалии давлатӣ, идораҳои нотариалии давлатии шаҳрҳо ва ноҳияҳо","Коғазӣ, электронӣ",Музднок
ВАЗОРАТИ АДЛИЯИ ҶУМҲУРИИ ТОҶИКИСТОН,Тасдиқкунӣ,89,000089,Тасдиқи аслияти имзо дар ҳуҷҷат,Шахсони воқеӣ ва ҳуқуқӣ,"Саридораи нотариалии давлатӣ, идораҳои нотариалии давлатии шаҳрҳо ва ноҳияҳо","Саридораи нотариалии давлатӣ, идораҳои нотариалии давлатии шаҳрҳо ва ноҳияҳо","Коғазӣ, электронӣ",Музднок
ВАЗОРАТИ АДЛИЯИ ҶУМҲУРИИ ТОҶИКИСТОН,Тасдиқкунӣ,92,000092,Тасдиқи шартномаҳои иҷораи молиявӣ (лизинг),Шахсони воқеӣ ва ҳуқуқӣ,"Саридораи нотариалии давлатӣ, идораҳои нотариалии давлатии шаҳрҳо ва ноҳияҳо","Саридораи нотариалии давлатӣ, идораҳои нотариалии давлатии шаҳрҳо ва ноҳияҳо","Коғазӣ, электронӣ",Музднок
ВАЗОРАТИ АДЛИЯИ ҶУМҲУРИИ ТОҶИКИСТОН,Тасдиқкунӣ,93,000093,Тасдик намудани аслияти имзои тарҷумон дар ҳуҷҷати тарҷумашуда,Шахсони воқеӣ ва ҳуқуқӣ,"Саридораи нотариалии давлатӣ, идораҳои нотариалии давлатии шаҳрҳо ва ноҳияҳо","Саридораи нотариалии давлатӣ, идораҳои нотариалии давлатии шаҳрҳо ва ноҳияҳо","Коғазӣ, электронӣ",Музднок
ВАЗОРАТИ АДЛИЯИ ҶУМҲУРИИ ТОҶИКИСТОН,Тасдиқкунӣ,94,000094,Тасдиқ кардани дурустии нусхаи ҳуҷҷатҳо,Шахсони воқеӣ ва ҳуқуқӣ,"Саридораи нотариалии давлатӣ, идораҳои нотариалии давлатии шаҳрҳо ва ноҳияҳо","Саридораи нотариалии давлатӣ, идораҳои нотариалии давлатии шаҳрҳо ва ноҳияҳо","Коғазӣ, электронӣ",Музднок
ВАЗОРАТИ АДЛИЯИ ҶУМҲУРИИ ТОҶИКИСТОН,Тасдиқкунӣ,95,000095,Тасдиқ намудани вақти пешниҳоди ҳуҷҷат,Шахсони воқеӣ ва ҳуқуқӣ,"Саридораи нотариалии давлатӣ, идораҳои нотариалии давлатии шаҳрҳо ва ноҳияҳо","Саридораи нотариалии давлатӣ, идораҳои нотариалии давлатии шаҳрҳо ва ноҳияҳо","Коғазӣ, электронӣ",Музднок
ВАЗОРАТИ АДЛИЯИ ҶУМҲУРИИ ТОҶИКИСТОН,Тасдиқкунӣ,96,000096,"Тасдиқи аҳдҳо (шартнома, созишнома)",Шахсони воқеӣ ва ҳуқуқӣ,"Саридораи нотариалии давлатӣ, идораҳои нотариалии давлатии шаҳрҳо ва ноҳияҳо","Саридораи нотариалии давлатӣ, идораҳои нотариалии давлатии шаҳрҳо ва ноҳияҳо","Коғазӣ, электронӣ",Музднок
ВАЗОРАТИ АДЛИЯИ ҶУМҲУРИИ ТОҶИКИСТОН,Тасдиқкунӣ,97,000097,Тасдиқи навиштаҷоти иҷроия,Шахсони воқеӣ ва ҳуқуқӣ,"Саридораи нотариалии давлатӣ, идораҳои нотариалии давлатии шаҳрҳо ва ноҳияҳо","Саридораи нотариалии давлатӣ, идораҳои нотариалии давлатии шаҳрҳо ва ноҳияҳо","Коғазӣ, электронӣ",Музднок
ВАЗОРАТИ АДЛИЯИ ҶУМҲУРИИ ТОҶИКИСТОН,Эътироз,100,000100,Эътироз оид ба векселҳо (Санад дар бораи тасдиқи эътироз оид ба векселҳо),Шахсони воқеӣ ва ҳуқуқӣ,"Саридораи нотариалии давлатӣ, идораҳои нотариалии давлатии шаҳрҳо ва ноҳияҳо","Саридораи нотариалии давлатӣ, идораҳои нотариалии давлатии шаҳрҳо ва ноҳияҳо","Коғазӣ, электронӣ",Музднок
ВАЗОРАТИ АДЛИЯИ ҶУМҲУРИИ ТОҶИКИСТОН,Пешниҳод,101,000101,Пешниҳод намудани чекҳо барои пардохт ва тасдиқи напардохтани чекҳо (Санад дар бораи тасдиқи напардохтани чек),Шахсони воқеӣ ва ҳуқуқӣ,"Саридораи нотариалии давлатӣ, идораҳои нотариалии давлатии шаҳрҳо ва ноҳияҳо","Саридораи нотариалии давлатӣ, идораҳои нотариалии давлатии шаҳрҳо ва ноҳияҳо","Коғазӣ, электронӣ",Музднок
ВАЗОРАТИ АДЛИЯИ ҶУМҲУРИИ ТОҶИКИСТОН,Хулоса,105,000105,"Хулоса аз натиҷаи гузаронидани ташхиси муҳосибӣ-иқтисодӣ ва муҳандисӣ-сохтмонӣ аз рӯйи таъинот ва қарори суд, мақомотӣ прокуратура, корҳои дохилӣ, амнияти миллӣ, назорати давлатии молиявӣ ва мубориза бо коррупсия",Шахсони воқеӣ ва ҳуқуқӣ,"Маркази ҷумҳуриявии экспертизаи судӣ ва криминалистӣ ва филиалҳои он дар Вилояти Мухтори Кӯҳистони Бадахшон, вилоятҳои Хатлон ва Суғд","Маркази ҷумҳуриявии экспертизаи судӣ ва криминалистӣ ва филиалҳои он дар Вилояти Мухтори Кӯҳистони Бадахшон, вилоятҳои Хатлон ва Суғд","Коғазӣ, электронӣ",Музднок
ВАЗОРАТИ АДЛИЯИ ҶУМҲУРИИ ТОҶИКИСТОН,Хулоса,106,000106,Хулоса аз натиҷаи гузаронидани ташхис бо хоҳиши шахсони воқеӣ ва ҳуқуқӣ,Шахсони воқеӣ ва ҳуқуқӣ,"Маркази ҷумҳуриявии экспертизаи судӣ ва криминалистӣ ва филиалҳои он дар Вилояти Мухтори Кӯҳистони Бадахшон, вилоятҳои Хатлон ва Суғд","Маркази ҷумҳуриявии экспертизаи судӣ ва криминалистӣ ва филиалҳои он дар Вилояти Мухтори Кӯҳистони Бадахшон, вилоятҳои Хатлон ва Суғд","Коғазӣ, электронӣ",Музднок
ВАЗОРАТИ АДЛИЯИ ҶУМҲУРИИ ТОҶИКИСТОН,Қабулкунӣ,107,000107,Қабул кардани маблағҳои пулӣ ва (ё) коғазҳои қимматнок ба амонат (депозит) (Пардохтнома дар бораи қабул кардани маблағҳои пулӣ ва коғазҳои қиматнок ба амонат (депозит)),Шахсони воқеӣ ва ҳуқуқӣ,"Саридораи нотариалии давлатӣ, идораҳои нотариалии давлатии шаҳрҳо ва ноҳияҳо","Саридораи нотариалии давлатӣ, идораҳои нотариалии давлатии шаҳрҳо ва ноҳияҳо","Коғазӣ, электронӣ",Музднок
ВАЗОРАТИ АДЛИЯИ ҶУМҲУРИИ ТОҶИКИСТОН,Қабулкунӣ,108,000108,Қабул кардани ҳуҷҷатҳо барои маҳфуз доштан ва баргардонидани онҳо (Шаҳодатнома дар бораи қабул кардани ҳуҷҷатҳо барои маҳфуз доштан ва баргардонидани онҳо),Шахсони воқеӣ ва ҳуқуқӣ,"Саридораи нотариалии давлатӣ, идораҳои нотариалии давлатии шаҳрҳо ва ноҳияҳо","Саридораи нотариалии давлатӣ, идораҳои нотариалии давлатии шаҳрҳо ва ноҳияҳо","Коғазӣ, электронӣ",Музднок
ВАЗОРАТИ АДЛИЯИ ҶУМҲУРИИ ТОҶИКИСТОН,Шаҳодатнома,109,000109,Шаҳодатномаи ҳуқуқ ба мерос,Шахсони воқеӣ ва ҳуқуқӣ,"Саридораи нотариалии давлатӣ, идораҳои нотариалии давлатии шаҳрҳо ва ноҳияҳо","Саридораи нотариалии давлатӣ, идораҳои нотариалии давлатии шаҳрҳо ва ноҳияҳо","Коғазӣ, электронӣ",Музднок
ВАЗОРАТИ АДЛИЯИ ҶУМҲУРИИ ТОҶИКИСТОН,Шаҳодатнома,110,000110,Шаҳодатнома дар бораи андешидани чораҳои ҳифзи молумулки меросӣ,Шахсони воқеӣ ва ҳуқуқӣ,"Саридораи нотариалии давлатӣ, идораҳои нотариалии давлатии шаҳрҳо ва ноҳияҳо","Саридораи нотариалии давлатӣ, идораҳои нотариалии давлатии шаҳрҳо ва ноҳияҳо","Коғазӣ, электронӣ",Музднок
ВАЗОРАТИ АДЛИЯИ ҶУМҲУРИИ ТОҶИКИСТОН,Шаҳодатнома,111,000111,Шаҳодатнома дар бораи супоридани аризаи шахсони воқеӣ ва ҳуқуқӣ ба дигар шахсони воқеӣ ва ҳуқуқӣ,Шахсони воқеӣ ва ҳуқуқӣ,"Саридораи нотариалии давлатӣ, идораҳои нотариалии давлатии шаҳрҳо ва ноҳияҳо","Саридораи нотариалии давлатӣ, идораҳои нотариалии давлатии шаҳрҳо ва ноҳияҳо","Коғазӣ, электронӣ",Музднок
ВАЗОРАТИ АДЛИЯИ ҶУМҲУРИИ ТОҶИКИСТОН,Шаҳодатнома,112,000112,Шаҳодатнома дар бораи ҳуқуқи моликият,Шахсони воқеӣ ва ҳуқуқӣ,"Саридораи нотариалии давлатӣ, идораҳои нотариалии давлатии шаҳрҳо ва ноҳияҳо","Саридораи нотариалии давлатӣ, идораҳои нотариалии давлатии шаҳрҳо ва ноҳияҳо","Коғазӣ, электронӣ",Музднок
ВАЗОРАТИ КИШОВАРЗИИ ҶУМҲУРИИ ТОҶИКИСТОН,Бақайдгирӣ (азнавбақайдгирӣ),114,000114,"Бақайдгирии трактор, комбайн, мошини худгарди кишоварзӣ, мелиоративӣ, роҳсозию сохтмонӣ ва ядаку нимядакҳои тракторӣ (шиносномаи техникии трактор, комбайн, мошинҳои худгарди кишоварзӣ, мелиоративӣ, роҳсозию сохтмонӣ, ядак ва нимядакҳои тракторҳо)",Шахсони воқеӣ ва ҳуқуқӣ,Бозрасии назорати давлатии техникаи кишоварзӣ,Бозрасии назорати давлатии техникаи кишоварзӣ,"Коғазӣ, электронӣ",Музднок
ВАЗОРАТИ КИШОВАРЗИИ ҶУМҲУРИИ ТОҶИКИСТОН,Бақайдгирӣ (азнавбақайдгирӣ),115,000115,"Бақайдгирии тағйирот ба шиносномаи трактор, комбайн, мошини худгарди кишоварзӣ, мелиоративӣ, роҳсозию сохтмонӣ ва ядаку нимядакҳои тракторӣ",Шахсони воқеӣ ва ҳуқуқӣ,Бозрасии назорати давлатии техникаи кишоварзӣ,Бозрасии назорати давлатии техникаи кишоварзӣ,"Коғазӣ, электронӣ",Музднок
ВАЗОРАТИ КИШОВАРЗИИ ҶУМҲУРИИ ТОҶИКИСТОН,Бақайдгирӣ (азнавбақайдгирӣ),116,000116,"Бақайдгирӣ ва додани рақами давлатӣ ба трактор, комбайн, мошини худгарди кишоварзӣ, мелиоративӣ, роҳсозию сохтмонӣ ва ядаку нимядакҳои тракторӣ",Шахсони воқеӣ ва ҳуқуқӣ,Бозрасии назорати давлатии техникаи кишоварзӣ,Бозрасии назорати давлатии техникаи кишоварзӣ,"Коғазӣ, электронӣ",Музднок
ВАЗОРАТИ КИШОВАРЗИИ ҶУМҲУРИИ ТОҶИКИСТОН,Бақайдгирӣ (азнавбақайдгирӣ),117,000117,"Азқайдбарории трактор, комбайн, мошини худгарди кишоварзӣ, мелиоративӣ, роҳсозию сохтмонӣ ва ядаку нимядакҳои тракторӣ",Шахсони воқеӣ ва ҳуқуқӣ,Бозрасии назорати давлатии техникаи кишоварзӣ,Бозрасии назорати давлатии техникаи кишоварзӣ,"Коғазӣ, электронӣ",Музднок
ВАЗОРАТИ КИШОВАРЗИИ ҶУМҲУРИИ ТОҶИКИСТОН,Варақа,118,000118,Варақаи аломати бақайдгирии «транзит»-ӣ,Шахсони воқеӣ ва ҳуқуқӣ,Бозрасии назорати давлатии техникаи кишоварзӣ,Бозрасии назорати давлатии техникаи кишоварзӣ,"Коғазӣ, электронӣ",Музднок
ВАЗОРАТИ КИШОВАРЗИИ ҶУМҲУРИИ ТОҶИКИСТОН,Гувоҳнома,119,000119,"Гувоҳнома барои муассисаҳои таълимие, ки курси ронандагии «Механизатор - ронанда»",Шахсони воқеӣ ва ҳуқуқӣ,Бозрасии назорати давлатии техникаи кишоварзӣ,Бозрасии назорати давлатии техникаи кишоварзӣ,"Коғазӣ, электронӣ",Музднок
ВАЗОРАТИ КИШОВАРЗИИ ҶУМҲУРИИ ТОҶИКИСТОН,Талон,120,000120,"Талони техникии трактор, комбайнҳо, мошинҳои худгарди кишоварзӣ, мелиоративӣ, роҳсозию сохтмонӣ, ядак ва нимядакҳои тракторҳо",Шахсони воқеӣ ва ҳуқуқӣ,Бозрасии назорати давлатии техникаи кишоварзӣ,Бозрасии назорати давлатии техникаи кишоварзӣ,"Коғазӣ, электронӣ",Музднок
ВАЗОРАТИ КИШОВАРЗИИ ҶУМҲУРИИ ТОҶИКИСТОН,Талон,121,000121,"Талони муоинаи ҳатмии давлатии техникии трактор, комбайнҳо, мошинҳои худгарди кишоварзӣ, мелиоративӣ, роҳсозию сохтмонӣ, ядак ва нимядакҳои тракторҳо",Шахсони воқеӣ ва ҳуқуқӣ,Бозрасии назорати давлатии техникаи кишоварзӣ,Бозрасии назорати давлатии техникаи кишоварзӣ,"Коғазӣ, электронӣ",Музднок
ВАЗОРАТИ КИШОВАРЗИИ ҶУМҲУРИИ ТОҶИКИСТОН,Хулоса,122,000122,"Хулоса дар бораи аз эътибор соқит намудани трактор, комбайн, мошини худгарди кишоварзӣ, мелиоративӣ, роҳсозию сохтмонӣ ва ядаку нимядакҳои тракторӣ (инчунин баъди садама)",Шахсони воқеӣ ва ҳуқуқӣ,Бозрасии назорати давлатии техникаи кишоварзӣ,Бозрасии назорати давлатии техникаи кишоварзӣ,"Коғазӣ, электронӣ",Музднок
ВАЗОРАТИ КОРҲОИ ДОХИЛИИ ҶУМҲУРИИ ТОҶИКИСТОН,Аломати қайди давлатӣ,126,000126,Аломати қайди давлатии воситаҳои нақлиёти мусофиркашонии шахсони ҳуқуқӣ,Шахсони воқеӣ ва ҳуқуқӣ,"Раёсати бозрасии давлатии автомобилӣ, Бозрасии давлатии автомобилии вилоятҳо ва шаҳру ноҳияҳои Ҷумҳурии Тоҷикистон","Раёсати бозрасии давлатии автомобилӣ, Бозрасии давлатии автомобилии вилоятҳо ва шаҳру ноҳияҳои Ҷумҳурии Тоҷикистон","Коғазӣ, электронӣ",Музднок
ВАЗОРАТИ КОРҲОИ ДОХИЛИИ ҶУМҲУРИИ ТОҶИКИСТОН,Аломати қайди давлатӣ,127,000127,Аломати қайди давлатии воситаҳои нақлиёти махсус,Шахсони воқеӣ ва ҳуқуқӣ,"Раёсати бозрасии давлатии автомобилӣ, Бозрасии давлатии автомобилии вилоятҳо ва шаҳру ноҳияҳои Ҷумҳурии Тоҷикистон","Раёсати бозрасии давлатии автомобилӣ, Бозрасии давлатии автомобилии вилоятҳо ва шаҳру ноҳияҳои Ҷумҳурии Тоҷикистон","Коғазӣ, электронӣ",Музднок
ВАЗОРАТИ КОРҲОИ ДОХИЛИИ ҶУМҲУРИИ ТОҶИКИСТОН,Аломати қайди давлатӣ,128,000128,"Аломати қайди давлатии воситаҳои нақлиёти намояндагиҳои дипломатӣ, консулӣ ва шахсони ҳуқуқии ғайридавлатӣ",Шахсони воқеӣ ва ҳуқуқӣ,"Раёсати бозрасии давлатии автомобилӣ, Бозрасии давлатии автомобилии вилоятҳо ва шаҳру ноҳияҳои Ҷумҳурии Тоҷикистон","Раёсати бозрасии давлатии автомобилӣ, Бозрасии давлатии автомобилии вилоятҳо ва шаҳру ноҳияҳои Ҷумҳурии Тоҷикистон","Коғазӣ, электронӣ",Музднок
ВАЗОРАТИ КОРҲОИ ДОХИЛИИ ҶУМҲУРИИ ТОҶИКИСТОН,Аломати қайди давлатӣ,129,000129,Аломати қайди давлатии воситаҳои ядак ва нимядакҳо,Шахсони воқеӣ ва ҳуқуқӣ,"Раёсати бозрасии давлатии автомобилӣ, Бозрасии давлатии автомобилии вилоятҳо ва шаҳру ноҳияҳои Ҷумҳурии Тоҷикистон","Раёсати бозрасии давлатии автомобилӣ, Бозрасии давлатии автомобилии вилоятҳо ва шаҳру ноҳияҳои Ҷумҳурии Тоҷикистон","Коғазӣ, электронӣ",Музднок
ВАЗОРАТИ КОРҲОИ ДОХИЛИИ ҶУМҲУРИИ ТОҶИКИСТОН,Аломати қайди давлатӣ,130,000130,Аломати қайди давлатии мотосиклҳо,Шахсони воқеӣ ва ҳуқуқӣ,"Раёсати бозрасии давлатии автомобилӣ, Бозрасии давлатии автомобилии вилоятҳо ва шаҳру ноҳияҳои Ҷумҳурии Тоҷикистон","Раёсати бозрасии давлатии автомобилӣ, Бозрасии давлатии автомобилии вилоятҳо ва шаҳру ноҳияҳои Ҷумҳурии Тоҷикистон","Коғазӣ, электронӣ",Музднок
ВАЗОРАТИ КОРҲОИ ДОХИЛИИ ҶУМҲУРИИ ТОҶИКИСТОН,Бақайдгирӣ (азнавбақайдгирӣ),132,000132,Бақайдгирӣ ва додани китобҳои ҳавлигӣ ба шахсони воқеӣ ва ҳуқуқии Ҷумҳурии Тоҷикистон,Шахсони воқеӣ ва ҳуқуқӣ,Хадамоти шиносномавию бақайдгирӣ,Хадамоти шиносномавию бақайдгирӣ,"Коғазӣ, электронӣ",Музднок
ВАЗОРАТИ КОРҲОИ ДОХИЛИИ ҶУМҲУРИИ ТОҶИКИСТОН,Бақайдгирӣ (азнавбақайдгирӣ),133,000133,Бақайдгирии рақами транзитӣ,Шахсони воқеӣ ва ҳуқуқӣ,"Раёсати бозрасии давлатии автомобилӣ, Бозрасии давлатии автомобилии вилоятҳо ва шаҳру ноҳияҳои Ҷумҳурии Тоҷикистон","Раёсати бозрасии давлатии автомобилӣ, Бозрасии давлатии автомобилии вилоятҳо ва шаҳру ноҳияҳои Ҷумҳурии Тоҷикистон","Коғазӣ, электронӣ",Музднок
ВАЗОРАТИ КОРҲОИ ДОХИЛИИ ҶУМҲУРИИ ТОҶИКИСТОН,Бақайдгирӣ (азнавбақайдгирӣ),134,000134,Бақайдгирии шахсони воқеӣ ва ҳуқуқӣ барои фурӯши воситаҳои нақлиёт ва қисмҳои он,Шахсони воқеӣ ва ҳуқуқӣ,"Раёсати бозрасии давлатии автомобилӣ, Бозрасии давлатии автомобилии вилоятҳо ва шаҳру ноҳияҳои Ҷумҳурии Тоҷикистон","Раёсати бозрасии давлатии автомобилӣ, Бозрасии давлатии автомобилии вилоятҳо ва шаҳру ноҳияҳои Ҷумҳурии Тоҷикистон","Коғазӣ, электронӣ",Музднок
ВАЗОРАТИ КОРҲОИ ДОХИЛИИ ҶУМҲУРИИ ТОҶИКИСТОН,Варақа,135,000135,Варақаи тасдиқнома дар бораи харидорӣ намудани аломати бақайдгирии давлатӣ барои воситаҳои нақлиёти автомобилӣ,Шахсони воқеӣ ва ҳуқуқӣ,"Раёсати бозрасии давлатии автомобилӣ, Бозрасии давлатии автомобилии вилоятҳо ва шаҳру ноҳияҳои Ҷумҳурии Тоҷикистон","Раёсати бозрасии давлатии автомобилӣ, Бозрасии давлатии автомобилии вилоятҳо ва шаҳру ноҳияҳои Ҷумҳурии Тоҷикистон","Коғазӣ, электронӣ",Музднок
ВАЗОРАТИ КОРҲОИ ДОХИЛИИ ҶУМҲУРИИ ТОҶИКИСТОН,Иҷозатнома,140,000140,Иҷозатнома барои фаъолият оид ба коркарди конструксияи биною иншоот бо маводи ба оташ тобоваранда,Шахсони воқеӣ ва ҳуқуқӣ,Сарраёсати хадамоти давлатии оташнишонӣ,Сарраёсати хадамоти давлатии оташнишонӣ,"Коғазӣ, электронӣ",Музднок
ВАЗОРАТИ КОРҲОИ ДОХИЛИИ ҶУМҲУРИИ ТОҶИКИСТОН,Иҷозатнома,141,000141,"Иҷозатнома барои фаъолият оид ба васл, таъмир ва хизматрасонии таҷҳизотҳои худкор ва воситаҳои дастии оташнишонӣ",Шахсони воқеӣ ва ҳуқуқӣ,Сарраёсати хадамоти давлатии оташнишонӣ,Сарраёсати хадамоти давлатии оташнишонӣ,"Коғазӣ, электронӣ",Музднок
ВАЗОРАТИ КОРҲОИ ДОХИЛИИ ҶУМҲУРИИ ТОҶИКИСТОН,Иҷозатнома,142,000142,Иҷозатнома барои фаъолият оид ба таъмин намудан бо воситаҳо ва маводи оташнишонӣ,Шахсони воқеӣ ва ҳуқуқӣ,Сарраёсати хадамоти давлатии оташнишонӣ,Сарраёсати хадамоти давлатии оташнишонӣ,"Коғазӣ, электронӣ",Музднок
ВАЗОРАТИ КОРҲОИ ДОХИЛИИ ҶУМҲУРИИ ТОҶИКИСТОН,Иҷозатнома,143,000143,Иҷозатнома барои фаъолият оид ба гузарондани экспертизаи восита ва маводди ба оташ тобовар ва оташнишонӣ,Шахсони воқеӣ ва ҳуқуқӣ,Сарраёсати хадамоти давлатии оташнишонӣ,Сарраёсати хадамоти давлатии оташнишонӣ,"Коғазӣ, электронӣ",Музднок
ВАЗОРАТИ КОРҲОИ ДОХИЛИИ ҶУМҲУРИИ ТОҶИКИСТОН,Иҷозатнома,144,000144,Иҷозатнома барои фаъолият оид ба истеҳсолу сохтани силоҳ ва лавозимоти ҷангии он,Шахсони воқеӣ ва ҳуқуқӣ,Сарраёсати хадамоти давлатии оташнишонӣ,Сарраёсати хадамоти давлатии оташнишонӣ,"Коғазӣ, электронӣ",Музднок
ВАЗОРАТИ КОРҲОИ ДОХИЛИИ ҶУМҲУРИИ ТОҶИКИСТОН,Иҷозатнома,145,000145,Иҷозатнома барои фаъолият оид ба фурӯши силоҳ ва лавозимоти ҷангии он,Шахсони воқеӣ ва ҳуқуқӣ,Сарраёсати хадамоти давлатии оташнишонӣ,Сарраёсати хадамоти давлатии оташнишонӣ,"Коғазӣ, электронӣ",Музднок
ВАЗОРАТИ КОРҲОИ ДОХИЛИИ ҶУМҲУРИИ ТОҶИКИСТОН,Иҷозатнома,146,000146,Иҷозатнома барои фаъолият оид ба коллексиякунӣ ва банамоишгузории силоҳ ва лавозимоти ҷангии он,Шахсони воқеӣ ва ҳуқуқӣ,Сарраёсати хадамоти давлатии оташнишонӣ,Сарраёсати хадамоти давлатии оташнишонӣ,"Коғазӣ, электронӣ",Музднок
ВАЗОРАТИ КОРҲОИ ДОХИЛИИ ҶУМҲУРИИ ТОҶИКИСТОН,Иҷозат (рухсатнома),147,000147,Иҷозат барои нигоҳдорӣ ва кашонидани маводи таркандаи таъиноти саноатӣ,Шахсони воқеӣ ва ҳуқуқӣ,Вазорати корҳои дохилии Ҷумҳурии Тоҷикистон,Вазорати корҳои дохилии Ҷумҳурии Тоҷикистон,"Коғазӣ, электронӣ",Музднок
ВАЗОРАТИ КОРҲОИ ДОХИЛИИ ҶУМҲУРИИ ТОҶИКИСТОН,Иҷозат (рухсатнома),148,000148,Иҷозат барои нигоҳдорӣ ва кашонидани маводи сахттаъсири заҳролуд,Шахсони воқеӣ ва ҳуқуқӣ,Вазорати корҳои дохилии Ҷумҳурии Тоҷикистон,Вазорати корҳои дохилии Ҷумҳурии Тоҷикистон,"Коғазӣ, электронӣ",Музднок
ВАЗОРАТИ КОРҲОИ ДОХИЛИИ ҶУМҲУРИИ ТОҶИКИСТОН,Иҷозат (рухсатнома),149,000149,"Иҷозати шартҳои техникӣ барои азнавтаҷҳизонии воситаҳои нақлиёт, қисмҳо ва агрегатҳои он",Шахсони воқеӣ ва ҳуқуқӣ,"Раёсати бозрасии давлатии автомобилӣ, Бозрасии давлатии автомобилии вилоятҳо ва шаҳру ноҳияҳои Ҷумҳурии Тоҷикистон","Раёсати бозрасии давлатии автомобилӣ, Бозрасии давлатии автомобилии вилоятҳо ва шаҳру ноҳияҳои Ҷумҳурии Тоҷикистон","Коғазӣ, электронӣ",Музднок
ВАЗОРАТИ КОРҲОИ ДОХИЛИИ ҶУМҲУРИИ ТОҶИКИСТОН,Иҷозат (рухсатнома),150,000150,"Иҷозат барои азнавтаҷҳизонии воситаҳои нақлиёт ва қисмҳои он, системаи таъминоти сӯзишворӣ",Шахсони воқеӣ ва ҳуқуқӣ,"Раёсати бозрасии давлатии автомобилӣ, Бозрасии давлатии автомобилии вилоятҳо ва шаҳру ноҳияҳои Ҷумҳурии Тоҷикистон","Раёсати бозрасии давлатии автомобилӣ, Бозрасии давлатии автомобилии вилоятҳо ва шаҳру ноҳияҳои Ҷумҳурии Тоҷикистон","Коғазӣ, электронӣ",Музднок
ВАЗОРАТИ КОРҲОИ ДОХИЛИИ ҶУМҲУРИИ ТОҶИКИСТОН,Иҷозат (рухсатнома),151,000151,Иҷозат (талон) барои истифодабарии воситаи нақлиёт бо шишаҳои сиёҳу хира,Шахсони воқеӣ ва ҳуқуқӣ,Вазорати корҳои дохилии Ҷумҳурии Тоҷикистон,Вазорати корҳои дохилии Ҷумҳурии Тоҷикистон,"Коғазӣ, электронӣ",Музднок
ВАЗОРАТИ КОРҲОИ ДОХИЛИИ ҶУМҲУРИИ ТОҶИКИСТОН,Иҷозат (рухсатнома),152,000152,Иҷозат барои гузаронидани муоинаи техникӣ,Шахсони воқеӣ ва ҳуқуқӣ,"Раёсати бозрасии давлатии автомобилӣ, Бозрасии давлатии автомобилии вилоятҳо ва шаҳру ноҳияҳои Ҷумҳурии Тоҷикистон","Раёсати бозрасии давлатии автомобилӣ, Бозрасии давлатии автомобилии вилоятҳо ва шаҳру ноҳияҳои Ҷумҳурии Тоҷикистон","Коғазӣ, электронӣ",Музднок
ВАЗОРАТИ КОРҲОИ ДОХИЛИИ ҶУМҲУРИИ ТОҶИКИСТОН,Иҷозат (рухсатнома),155,000155,Иҷозат барои ҷойгир намудани рекламаҳои берунӣ дар воситаҳои нақлиёт,Шахсони воқеӣ ва ҳуқуқӣ,"Раёсати бозрасии давлатии автомобилӣ, Бозрасии давлатии автомобилии вилоятҳо ва шаҳру ноҳияҳои Ҷумҳурии Тоҷикистон","Раёсати бозрасии давлатии автомобилӣ, Бозрасии давлатии автомобилии вилоятҳо ва шаҳру ноҳияҳои Ҷумҳурии Тоҷикистон","Коғазӣ, электронӣ",Музднок
ВАЗОРАТИ КОРҲОИ ДОХИЛИИ ҶУМҲУРИИ ТОҶИКИСТОН,Иҷозат (рухсатнома),156,000156,Рухсатнома оид ба тайёр намудани сикка,Шахсони воқеӣ ва ҳуқуқӣ,Шуъбаҳои Вазорати корҳои дохилии Ҷумҳурии Тоҷикистон дар шаҳр ва ноҳияҳо,Шуъбаҳои Вазорати корҳои дохилии Ҷумҳурии Тоҷикистон дар шаҳр ва ноҳияҳо,"Коғазӣ, электронӣ",Музднок
ВАЗОРАТИ КОРҲОИ ДОХИЛИИ ҶУМҲУРИИ ТОҶИКИСТОН,Иҷозат (рухсатнома),157,000157,Рухсатнома оид ба тайёр намудани муҳр,Шахсони воқеӣ ва ҳуқуқӣ,Шуъбаҳои Вазорати корҳои дохилии Ҷумҳурии Тоҷикистон дар шаҳр ва ноҳияҳо,Шуъбаҳои Вазорати корҳои дохилии Ҷумҳурии Тоҷикистон дар шаҳр ва ноҳияҳо,"Коғазӣ, электронӣ",Музднок
ВАЗОРАТИ КОРҲОИ ДОХИЛИИ ҶУМҲУРИИ ТОҶИКИСТОН,Иҷозат (рухсатнома),158,000158,Рухсатнома барои воридоти силоҳ ва лавозимоти ҷангии он ба ҳудуди Ҷумҳурии Тоҷикистон,Шахсони воқеӣ ва ҳуқуқӣ,Вазорати корҳои дохилии Ҷумҳурии Тоҷикистон,Вазорати корҳои дохилии Ҷумҳурии Тоҷикистон,"Коғазӣ, электронӣ",Музднок
ВАЗОРАТИ КОРҲОИ ДОХИЛИИ ҶУМҲУРИИ ТОҶИКИСТОН,Иҷозат (рухсатнома),159,000159,Рухсатнома барои содироти силоҳ ва лавозимоти ҷангии он аз ҳудуди Ҷумҳурии Тоҷикистон,Шахсони воқеӣ ва ҳуқуқӣ,Вазорати корҳои дохилии Ҷумҳурии Тоҷикистон,Вазорати корҳои дохилии Ҷумҳурии Тоҷикистон,"Коғазӣ, электронӣ",Музднок
ВАЗОРАТИ КОРҲОИ ДОХИЛИИ ҶУМҲУРИИ ТОҶИКИСТОН,Иҷозат (рухсатнома),160,000160,Рухсатнома барои нигоҳ доштани силоҳ ва лавозимоти ҷангии он,Шахсони воқеӣ ва ҳуқуқӣ,Шуъбаҳои Вазорати корҳои дохилии Ҷумҳурии Тоҷикистон дар шаҳру ноҳияҳо,Шуъбаҳои Вазорати корҳои дохилии Ҷумҳурии Тоҷикистон дар шаҳру ноҳияҳо,"Коғазӣ, электронӣ",Музднок
ВАЗОРАТИ КОРҲОИ ДОХИЛИИ ҶУМҲУРИИ ТОҶИКИСТОН,Маълумотнома,171,000171,Маълумотнома оид ба муайян намудани воситаҳои нақлиёти дар кофтуков қарор дошта (надошта),Шахсони воқеӣ ва ҳуқуқӣ,Бюрои милли маркази «Интерпол»,Бюрои милли маркази «Интерпол»,"Коғазӣ, электронӣ",Музднок
ВАЗОРАТИ КОРҲОИ ДОХИЛИИ ҶУМҲУРИИ ТОҶИКИСТОН,Маълумотнома,174,000174,Маълумотнома (ҳисобнома) оид ба хариду фурӯши воситаи нақлиёт,Шахсони воқеӣ ва ҳуқуқӣ,"Раёсати бозрасии давлатии автомобилӣ, Бозрасии давлатии автомобилии вилоятҳо ва шаҳру ноҳияҳои Ҷумҳурии Тоҷикистон","Раёсати бозрасии давлатии автомобилӣ, Бозрасии давлатии автомобилии вилоятҳо ва шаҳру ноҳияҳои Ҷумҳурии Тоҷикистон","Коғазӣ, электронӣ",Музднок
ВАЗОРАТИ КОРҲОИ ДОХИЛИИ ҶУМҲУРИИ ТОҶИКИСТОН,Мувофиқасозӣ,177,000177,"Мувофиқасозии лоиҳаҳо, нақшаҳои сохтмон, азнавсозӣ ва таъмири бино, роҳҳои автомобилгард, кўчаҳо, пулҳо ва гузаронидани корҳои иктишофӣ",Шахсони воқеӣ ва ҳуқуқӣ,"Раёсати бозрасии давлатии автомобилӣ, Бозрасии давлатии автомобилии вилоятҳо ва шаҳру ноҳияҳои Ҷумҳурии Тоҷикистон","Раёсати бозрасии давлатии автомобилӣ, Бозрасии давлатии автомобилии вилоятҳо ва шаҳру ноҳияҳои Ҷумҳурии Тоҷикистон","Коғазӣ, электронӣ",Музднок
ВАЗОРАТИ КОРҲОИ ДОХИЛИИ ҶУМҲУРИИ ТОҶИКИСТОН,Мувофиқасозӣ,178,000178,Мувофиқасозии хатсайри воситаҳои нақлиёт оид ба кашонидани борҳои хатарнок,Шахсони воқеӣ ва ҳуқуқӣ,"Раёсати бозрасии давлатии автомобилӣ, Бозрасии давлатии автомобилии вилоятҳо ва шаҳру ноҳияҳои Ҷумҳурии Тоҷикистон","Раёсати бозрасии давлатии автомобилӣ, Бозрасии давлатии автомобилии вилоятҳо ва шаҳру ноҳияҳои Ҷумҳурии Тоҷикистон","Коғазӣ, электронӣ",Музднок
ВАЗОРАТИ КОРҲОИ ДОХИЛИИ ҶУМҲУРИИ ТОҶИКИСТОН,Мувофиқасозӣ,179,000179,Мувофиқасозии нақшаи ҷойгиркунии рекламаҳои берунӣ дар роҳҳои автомобилгард ва кӯчаву роҳҳои шаҳрҳо ва ноҳияҳо,Шахсони воқеӣ ва ҳуқуқӣ,"Раёсати бозрасии давлатии автомобилӣ, Бозрасии давлатии автомобилии вилоятҳо ва шаҳру ноҳияҳои Ҷумҳурии Тоҷикистон","Раёсати бозрасии давлатии автомобилӣ, Бозрасии давлатии автомобилии вилоятҳо ва шаҳру ноҳияҳои Ҷумҳурии Тоҷикистон","Коғазӣ, электронӣ",Музднок
ВАЗОРАТИ КОРҲОИ ДОХИЛИИ ҶУМҲУРИИ ТОҶИКИСТОН,Мувофиқасозӣ,180,000180,"Мувофиқасозии нақша ва тайёр намудани хулоса оид ба сохтмони нуқтаҳои савдо ва хизматрасонӣ, таъмини сӯзишворӣ дар қисми ҳамшафати роҳҳои автомобилгарди истифодаи умум",Шахсони воқеӣ ва ҳуқуқӣ,"Раёсати бозрасии давлатии автомобилӣ, Бозрасии давлатии автомобилии вилоятҳо ва шаҳру ноҳияҳои Ҷумҳурии Тоҷикистон","Раёсати бозрасии давлатии автомобилӣ, Бозрасии давлатии автомобилии вилоятҳо ва шаҳру ноҳияҳои Ҷумҳурии Тоҷикистон","Коғазӣ, электронӣ",Музднок
ВАЗОРАТИ КОРҲОИ ДОХИЛИИ ҶУМҲУРИИ ТОҶИКИСТОН,Мувофиқасозӣ,181,000181,Мувофиқасозии нақшаи ташкили ҳаракати роҳ ва ҷойгиркунии аломатҳои роҳ дар роҳҳои автомобилгард ва кӯчаҳо,Шахсони воқеӣ ва ҳуқуқӣ,"Раёсати бозрасии давлатии автомобилӣ, Бозрасии давлатии автомобилии вилоятҳо ва шаҳру ноҳияҳои Ҷумҳурии Тоҷикистон","Раёсати бозрасии давлатии автомобилӣ, Бозрасии давлатии автомобилии вилоятҳо ва шаҳру ноҳияҳои Ҷумҳурии Тоҷикистон","Коғазӣ, электронӣ",Музднок
ВАЗОРАТИ КОРҲОИ ДОХИЛИИ ҶУМҲУРИИ ТОҶИКИСТОН,Мувофиқасозӣ,182,000182,"Мувофиқасозии лоиҳа барои сохтмони шаҳр, шаҳрак ва дигар нуқтаҳои аҳолинишин",Шахсони воқеӣ ва ҳуқуқӣ,"Раёсати бозрасии давлатии автомобилӣ, Бозрасии давлатии автомобилии вилоятҳо ва шаҳру ноҳияҳои Ҷумҳурии Тоҷикистон","Раёсати бозрасии давлатии автомобилӣ, Бозрасии давлатии автомобилии вилоятҳо ва шаҳру ноҳияҳои Ҷумҳурии Тоҷикистон","Коғазӣ, электронӣ",Музднок
ВАЗОРАТИ КОРҲОИ ДОХИЛИИ ҶУМҲУРИИ ТОҶИКИСТОН,Санад,183,000183,Санад аз натиҷаи санҷиши истгоҳҳои ёрии техникӣ ва ташкилотҳои дигар барои иҷозати гузаронидани муоинаи техникӣ ва таъмири воситаҳои нақлиёти ба садама дучоршуда,Шахсони воқеӣ ва ҳуқуқӣ,Шуъбаи Вазорати корҳои дохилии Ҷумҳурии Тоҷикистон дар шаҳру ноҳияҳо,Шуъбаи Вазорати корҳои дохилии Ҷумҳурии Тоҷикистон дар шаҳру ноҳияҳо,"Коғазӣ, электронӣ",Музднок
ВАЗОРАТИ КОРҲОИ ДОХИЛИИ ҶУМҲУРИИ ТОҶИКИСТОН,Санад,184,000184,Санад аз натиҷаи санҷиши ташкилотҳои махсусгардонидашуда барои азнавтаҷҳизонии воситаҳои нақлиёт барои кор бо намудҳои гуногуни сўзишворӣ,Шахсони воқеӣ ва ҳуқуқӣ,Шуъбаи Вазорати корҳои дохилии Ҷумҳурии Тоҷикистон дар шаҳру ноҳияҳо,Шуъбаи Вазорати корҳои дохилии Ҷумҳурии Тоҷикистон дар шаҳру ноҳияҳо,"Коғазӣ, электронӣ",Музднок
ВАЗОРАТИ КОРҲОИ ДОХИЛИИ ҶУМҲУРИИ ТОҶИКИСТОН,Талон,187,000187,Талони (варақа)-и техникӣ,Шахсони воқеӣ ва ҳуқуқӣ,"Раёсати бозрасии давлатии автомобилӣ, Бозрасии давлатии автомобилии вилоятҳо ва шаҳру ноҳияҳои Ҷумҳурии Тоҷикистон","Раёсати бозрасии давлатии автомобилӣ, Бозрасии давлатии автомобилии вилоятҳо ва шаҳру ноҳияҳои Ҷумҳурии Тоҷикистон","Коғазӣ, электронӣ",Музднок
ВАЗОРАТИ КОРҲОИ ДОХИЛИИ ҶУМҲУРИИ ТОҶИКИСТОН,Талон,188,000188,Талон (варақа)-и муоинаи техникӣ,Шахсони воқеӣ ва ҳуқуқӣ,"Раёсати бозрасии давлатии автомобилӣ, Бозрасии давлатии автомобилии вилоятҳо ва шаҳру ноҳияҳои Ҷумҳурии Тоҷикистон","Раёсати бозрасии давлатии автомобилӣ, Бозрасии давлатии автомобилии вилоятҳо ва шаҳру ноҳияҳои Ҷумҳурии Тоҷикистон","Коғазӣ, электронӣ",Музднок
ВАЗОРАТИ КОРҲОИ ДОХИЛИИ ҶУМҲУРИИ ТОҶИКИСТОН,Талон,190,000190,Талон оид ба супоридани маблағи пардохт барои нобудсози (утилизатсия)-и воситаи нақлиёт,Шахсони воқеӣ ва ҳуқуқӣ,"Раёсати бозрасии давлатии автомобилӣ, Бозрасии давлатии автомобилии вилоятҳо ва шаҳру ноҳияҳои Ҷумҳурии Тоҷикистон","Раёсати бозрасии давлатии автомобилӣ, Бозрасии давлатии автомобилии вилоятҳо ва шаҳру ноҳияҳои Ҷумҳурии Тоҷикистон","Коғазӣ, электронӣ",Музднок
ВАЗОРАТИ КОРҲОИ ДОХИЛИИ ҶУМҲУРИИ ТОҶИКИСТОН,Хулоса,191,000191,"Хулоса аз натиҷаи муоинаи техникии автомобил, мотосикл, ядак ва нимядак",Шахсони воқеӣ ва ҳуқуқӣ,"Раёсати бозрасии давлатии автомобилӣ, Бозрасии давлатии автомобилии вилоятҳо ва шаҳру ноҳияҳои Ҷумҳурии Тоҷикистон","Раёсати бозрасии давлатии автомобилӣ, Бозрасии давлатии автомобилии вилоятҳо ва шаҳру ноҳияҳои Ҷумҳурии Тоҷикистон","Коғазӣ, электронӣ",Музднок
ВАЗОРАТИ КОРҲОИ ДОХИЛИИ ҶУМҲУРИИ ТОҶИКИСТОН,Хулоса,192,000192,Хулоса аз натиҷаи муоинаи техникии воситаҳои нақлиёт ба автомобилҳои худсохт барои бақайдгирӣ,Шахсони воқеӣ ва ҳуқуқӣ,"Раёсати бозрасии давлатии автомобилӣ, Бозрасии давлатии автомобилии вилоятҳо ва шаҳру ноҳияҳои Ҷумҳурии Тоҷикистон","Раёсати бозрасии давлатии автомобилӣ, Бозрасии давлатии автомобилии вилоятҳо ва шаҳру ноҳияҳои Ҷумҳурии Тоҷикистон","Коғазӣ, электронӣ",Музднок
ВАЗОРАТИ КОРҲОИ ДОХИЛИИ ҶУМҲУРИИ ТОҶИКИСТОН,Хулоса,193,000193,Хулоса аз натиҷаи муоинаи техникии мототсиклҳои худсохт барои бақайдгирӣ,Шахсони воқеӣ ва ҳуқуқӣ,"Раёсати бозрасии давлатии автомобилӣ, Бозрасии давлатии автомобилии вилоятҳо ва шаҳру ноҳияҳои Ҷумҳурии Тоҷикистон","Раёсати бозрасии давлатии автомобилӣ, Бозрасии давлатии автомобилии вилоятҳо ва шаҳру ноҳияҳои Ҷумҳурии Тоҷикистон","Коғазӣ, электронӣ",Музднок
ВАЗОРАТИ КОРҲОИ ДОХИЛИИ ҶУМҲУРИИ ТОҶИКИСТОН,Хулоса,194,000194,Хулоса аз натиҷаи муоинаи техникии ядакҳо ва нимядакҳои худсохт барои бақайдгирӣ,Шахсони воқеӣ ва ҳуқуқӣ,"Раёсати бозрасии давлатии автомобилӣ, Бозрасии давлатии автомобилии вилоятҳо ва шаҳру ноҳияҳои Ҷумҳурии Тоҷикистон","Раёсати бозрасии давлатии автомобилӣ, Бозрасии давлатии автомобилии вилоятҳо ва шаҳру ноҳияҳои Ҷумҳурии Тоҷикистон","Коғазӣ, электронӣ",Музднок
ВАЗОРАТИ КОРҲОИ ДОХИЛИИ ҶУМҲУРИИ ТОҶИКИСТОН,Хулоса,195,000195,Хулоса аз натиҷаи муоинаи техникии автомобилӣ бо баромадан ба маҳали нигоҳдории воситаи нақлиёт,Шахсони воқеӣ ва ҳуқуқӣ,"Раёсати бозрасии давлатии автомобилӣ, Бозрасии давлатии автомобилии вилоятҳо ва шаҳру ноҳияҳои Ҷумҳурии Тоҷикистон","Раёсати бозрасии давлатии автомобилӣ, Бозрасии давлатии автомобилии вилоятҳо ва шаҳру ноҳияҳои Ҷумҳурии Тоҷикистон","Коғазӣ, электронӣ",Музднок
ВАЗОРАТИ КОРҲОИ ДОХИЛИИ ҶУМҲУРИИ ТОҶИКИСТОН,Хулоса,196,000196,Хулоса аз натиҷаи муоинаи техникӣ барои додани иҷозат барои кашонидани борҳои хавфнок,Шахсони воқеӣ ва ҳуқуқӣ,"Раёсати бозрасии давлатии автомобилӣ, Бозрасии давлатии автомобилии вилоятҳо ва шаҳру ноҳияҳои Ҷумҳурии Тоҷикистон","Раёсати бозрасии давлатии автомобилӣ, Бозрасии давлатии автомобилии вилоятҳо ва шаҳру ноҳияҳои Ҷумҳурии Тоҷикистон","Коғазӣ, электронӣ",Музднок
ВАЗОРАТИ КОРҲОИ ДОХИЛИИ ҶУМҲУРИИ ТОҶИКИСТОН,Хулоса,197,000197,Хулосаи экспертизаи судии навиштаҷоти бо дастгоҳи чопкунии иҷрошуда (ибтидоӣ),Шахсони воқеӣ ва ҳуқуқӣ,Раёсати ташхисӣ-криминалистӣ,Раёсати ташхисӣ-криминалистӣ,"Коғазӣ, электронӣ",Музднок
ВАЗОРАТИ КОРҲОИ ДОХИЛИИ ҶУМҲУРИИ ТОҶИКИСТОН,Хулоса,198,000198,"Хулосаи экспертизаи судии навиштаҷоти бо дастгоҳи чопкунии иҷрошуда (пурҳачм, комиссионӣ, комплексӣ ва такрорӣ)",Шахсони воқеӣ ва ҳуқуқӣ,Раёсати ташхисӣ-криминалистӣ,Раёсати ташхисӣ-криминалистӣ,"Коғазӣ, электронӣ",Музднок
ВАЗОРАТИ КОРҲОИ ДОХИЛИИ ҶУМҲУРИИ ТОҶИКИСТОН,Хулоса,199,000199,Хулосаи экспертизаи судӣ-хатшиносӣ (ибтидоӣ),Шахсони воқеӣ ва ҳуқуқӣ,Раёсати ташхисӣ-криминалистӣ,Раёсати ташхисӣ-криминалистӣ,"Коғазӣ, электронӣ",Музднок
ВАЗОРАТИ КОРҲОИ ДОХИЛИИ ҶУМҲУРИИ ТОҶИКИСТОН,Хулоса,200,000200,"Хулосаи экспертизаи судӣ-хатшиносӣ (пурҳаҷм, комиссионӣ, комплексӣ ва такрорӣ)",Шахсони воқеӣ ва ҳуқуқӣ,Раёсати ташхисӣ-криминалистӣ,Раёсати ташхисӣ-криминалистӣ,"Коғазӣ, электронӣ",Музднок
ВАЗОРАТИ КОРҲОИ ДОХИЛИИ ҶУМҲУРИИ ТОҶИКИСТОН,Хулоса,201,000201,Хулосаи экспертизаи судии яроқи сард (ибтидоӣ),Шахсони воқеӣ ва ҳуқуқӣ,Раёсати ташхисӣ-криминалистӣ,Раёсати ташхисӣ-криминалистӣ,"Коғазӣ, электронӣ",Музднок
ВАЗОРАТИ КОРҲОИ ДОХИЛИИ ҶУМҲУРИИ ТОҶИКИСТОН,Хулоса,202,000202,"Хулосаи экспертизаи судии яроқи сард (пурҳаҷм, комиссионӣ, комплексӣ ва такрорӣ)",Шахсони воқеӣ ва ҳуқуқӣ,Раёсати ташхисӣ-криминалистӣ,Раёсати ташхисӣ-криминалистӣ,"Коғазӣ, электронӣ",Музднок
ВАЗОРАТИ КОРҲОИ ДОХИЛИИ ҶУМҲУРИИ ТОҶИКИСТОН,Хулоса,203,000203,Хулосаи экспертизаи судӣ - тиббӣ (ибтидоӣ),Шахсони воқеӣ ва ҳуқуқӣ,Раёсати ташхисӣ-криминалистӣ,Раёсати ташхисӣ-криминалистӣ,"Коғазӣ, электронӣ",Музднок
ВАЗОРАТИ КОРҲОИ ДОХИЛИИ ҶУМҲУРИИ ТОҶИКИСТОН,Хулоса,204,000204,"Хулосаи экспертизаи судӣ - тиббӣ (пурҳаҷм, комиссионӣ, комплексӣ ва такрорӣ)",Шахсони воқеӣ ва ҳуқуқӣ,Раёсати ташхисӣ-криминалистӣ,Раёсати ташхисӣ-криминалистӣ,"Коғазӣ, электронӣ",Музднок
ВАЗОРАТИ КОРҲОИ ДОХИЛИИ ҶУМҲУРИИ ТОҶИКИСТОН,Хулоса,205,000205,Хулосаи экспертизаи судӣ - дактилоскапӣ (ибтидоӣ),Шахсони воқеӣ ва ҳуқуқӣ,Раёсати ташхисӣ-криминалистӣ,Раёсати ташхисӣ-криминалистӣ,"Коғазӣ, электронӣ",Музднок
ВАЗОРАТИ КОРҲОИ ДОХИЛИИ ҶУМҲУРИИ ТОҶИКИСТОН,Хулоса,206,000206,"Хулосаи экспертизаи суди дактилоскопӣ (пурҳаҷм, комиссионӣ, комплексӣ ва такрорӣ)",Шахсони воқеӣ ва ҳуқуқӣ,Раёсати ташхисӣ-криминалистӣ,Раёсати ташхисӣ-криминалистӣ,"Коғазӣ, электронӣ",Музднок
ВАЗОРАТИ КОРҲОИ ДОХИЛИИ ҶУМҲУРИИ ТОҶИКИСТОН,Хулоса,207,000207,Хулосаи экспертизаи судиакси руйи инсон (ибтидоӣ),Шахсони воқеӣ ва ҳуқуқӣ,Раёсати ташхисӣ-криминалистӣ,Раёсати ташхисӣ-криминалистӣ,"Коғазӣ, электронӣ",Музднок
ВАЗОРАТИ КОРҲОИ ДОХИЛИИ ҶУМҲУРИИ ТОҶИКИСТОН,Хулоса,208,000208,"Хулосаи экспертизаи судиакси руйи инсон (пурҳаҷм, комиссионӣ, комплексӣ ва такрорӣ)",Шахсони воқеӣ ва ҳуқуқӣ,Раёсати ташхисӣ-криминалистӣ,Раёсати ташхисӣ-криминалистӣ,"Коғазӣ, электронӣ",Музднок
ВАЗОРАТИ КОРҲОИ ДОХИЛИИ ҶУМҲУРИИ ТОҶИКИСТОН,Хулоса,209,000209,Хулосаи экспертизаи суди трасологӣ (ибтидоӣ),Шахсони воқеӣ ва ҳуқуқӣ,Раёсати ташхисӣ-криминалистӣ,Раёсати ташхисӣ-криминалистӣ,"Коғазӣ, электронӣ",Музднок
ВАЗОРАТИ КОРҲОИ ДОХИЛИИ ҶУМҲУРИИ ТОҶИКИСТОН,Хулоса,210,000210,"Хулосаи экспертизаи суди трасологӣ (пурҳачм, комиссионӣ, комплексӣ ва такрорӣ)",Шахсони воқеӣ ва ҳуқуқӣ,Раёсати ташхисӣ-криминалистӣ,Раёсати ташхисӣ-криминалистӣ,"Коғазӣ, электронӣ",Музднок
ВАЗОРАТИ КОРҲОИ ДОХИЛИИ ҶУМҲУРИИ ТОҶИКИСТОН,Хулоса,211,000211,Хулосаи экспертизаи судӣ-баллистикӣ (ибтидоӣ),Шахсони воқеӣ ва ҳуқуқӣ,Раёсати ташхисӣ-криминалистӣ,Раёсати ташхисӣ-криминалистӣ,"Коғазӣ, электронӣ",Музднок
ВАЗОРАТИ КОРҲОИ ДОХИЛИИ ҶУМҲУРИИ ТОҶИКИСТОН,Хулоса,212,000212,"Хулосаи экспертизаи судӣ-баллистикӣ (пурҳаҷм, комиссионӣ, комплексӣ ва такрорӣ)",Шахсони воқеӣ ва ҳуқуқӣ,Раёсати ташхисӣ-криминалистӣ,Раёсати ташхисӣ-криминалистӣ,"Коғазӣ, электронӣ",Музднок
ВАЗОРАТИ КОРҲОИ ДОХИЛИИ ҶУМҲУРИИ ТОҶИКИСТОН,Хулоса,213,000213,Хулосаи экспертизаи судии таркишӣ-техникӣ (ибтидоӣ),Шахсони воқеӣ ва ҳуқуқӣ,Раёсати ташхисӣ-криминалистӣ,Раёсати ташхисӣ-криминалистӣ,"Коғазӣ, электронӣ",Музднок
ВАЗОРАТИ КОРҲОИ ДОХИЛИИ ҶУМҲУРИИ ТОҶИКИСТОН,Хулоса,214,000214,"Хулосаи экспертизаи судии таркишӣ-техникӣ (пурҳаҷм, комиссионӣ, комплекси ва такрорӣ)",Шахсони воқеӣ ва ҳуқуқӣ,Раёсати ташхисӣ-криминалистӣ,Раёсати ташхисӣ-криминалистӣ,"Коғазӣ, электронӣ",Музднок
ВАЗОРАТИ КОРҲОИ ДОХИЛИИ ҶУМҲУРИИ ТОҶИКИСТОН,Хулоса,215,000215,Хулосаи экспертизаи судӣ-кимиёвии моддаҳои махсуси кимиёвӣ (ибтидоӣ),Шахсони воқеӣ ва ҳуқуқӣ,Раёсати ташхисӣ-криминалистӣ,Раёсати ташхисӣ-криминалистӣ,"Коғазӣ, электронӣ",Музднок
ВАЗОРАТИ КОРҲОИ ДОХИЛИИ ҶУМҲУРИИ ТОҶИКИСТОН,Хулоса,216,000216,"Хулосаи экспертизаи судӣ-кимиёвии моддаҳои махсуси кимиёвӣ (пурҳаҷм, комиссионӣ, комплексӣ ва такрорӣ)",Шахсони воқеӣ ва ҳуқуқӣ,Раёсати ташхисӣ-криминалистӣ,Раёсати ташхисӣ-криминалистӣ,"Коғазӣ, электронӣ",Музднок
ВАЗОРАТИ КОРҲОИ ДОХИЛИИ ҶУМҲУРИИ ТОҶИКИСТОН,Хулоса,217,000217,Хулосаи экспертизаи судӣ-кимиёвии ошкорсозии рақамҳо дар фулузот (ибтидоӣ),Шахсони воқеӣ ва ҳуқуқӣ,Раёсати ташхисӣ-криминалистӣ,Раёсати ташхисӣ-криминалистӣ,"Коғазӣ, электронӣ",Музднок
ВАЗОРАТИ КОРҲОИ ДОХИЛИИ ҶУМҲУРИИ ТОҶИКИСТОН,Хулоса,218,000218,"Хулосаи экспертизаи судӣ-кимиёвии ошкорсозии рақамҳо дар фулузот (пурҳачм, комиссионӣ, комплексӣ ва такрорӣ)",Шахсони воқеӣ ва ҳуқуқӣ,Раёсати ташхисӣ-криминалистӣ,Раёсати ташхисӣ-криминалистӣ,"Коғазӣ, электронӣ",Музднок
ВАЗОРАТИ КОРҲОИ ДОХИЛИИ ҶУМҲУРИИ ТОҶИКИСТОН,Хулоса,219,000219,Хулосаи экспертизаи судӣ-кимиёвии моддаҳои тарканда (ибтидоӣ),Шахсони воқеӣ ва ҳуқуқӣ,Раёсати ташхисӣ-криминалистӣ,Раёсати ташхисӣ-криминалистӣ,"Коғазӣ, электронӣ",Музднок
ВАЗОРАТИ КОРҲОИ ДОХИЛИИ ҶУМҲУРИИ ТОҶИКИСТОН,Хулоса,220,000220,"Хулосаи экспертизаи судӣ-кимиёвии моддаҳои тарканда (пурҳачм, комиссионӣ, комплексӣ ва такрорӣ)",Шахсони воқеӣ ва ҳуқуқӣ,Раёсати ташхисӣ-криминалистӣ,Раёсати ташхисӣ-криминалистӣ,"Коғазӣ, электронӣ",Музднок
ВАЗОРАТИ КОРҲОИ ДОХИЛИИ ҶУМҲУРИИ ТОҶИКИСТОН,Хулоса,221,000221,Хулосаи экспертизаи судӣ-кимиёвии воситаҳои нашъадор (ибтидоӣ),Шахсони воқеӣ ва ҳуқуқӣ,Раёсати ташхисӣ-криминалистӣ,Раёсати ташхисӣ-криминалистӣ,"Коғазӣ, электронӣ",Музднок
ВАЗОРАТИ КОРҲОИ ДОХИЛИИ ҶУМҲУРИИ ТОҶИКИСТОН,Хулоса,222,000222,"Хулосаи экспертизаи судӣ-кимиёвии воситаҳои нашъадор (пурҳаҷм, комиссионӣ, комплексӣ ва такрорӣ)",Шахсони воқеӣ ва ҳуқуқӣ,Раёсати ташхисӣ-криминалистӣ,Раёсати ташхисӣ-криминалистӣ,"Коғазӣ, электронӣ",Музднок
ВАЗОРАТИ КОРҲОИ ДОХИЛИИ ҶУМҲУРИИ ТОҶИКИСТОН,Хулоса,223,000223,Хулосаи экспертизаи судӣ ва автотехникии трасологӣ (ибтидоӣ),Шахсони воқеӣ ва ҳуқуқӣ,Раёсати ташхисӣ-криминалистӣ,Раёсати ташхисӣ-криминалистӣ,"Коғазӣ, электронӣ",Музднок
ВАЗОРАТИ КОРҲОИ ДОХИЛИИ ҶУМҲУРИИ ТОҶИКИСТОН,Хулоса,224,000224,"Хулосаи экспертизаи судӣ - тиббӣ автотехникии трасологӣ (пурҳаҷм, комиссионӣ, комплексӣ ва такрорӣ)",Шахсони воқеӣ ва ҳуқуқӣ,Раёсати ташхисӣ-криминалистӣ,Раёсати ташхисӣ-криминалистӣ,"Коғазӣ, электронӣ",Музднок
ВАЗОРАТИ КОРҲОИ ДОХИЛИИ ҶУМҲУРИИ ТОҶИКИСТОН,Хулоса,225,000225,Хулосаи экспертизаи судӣ - тиббӣ автотехникии молшиносии воситаи нақлиёт (ибтидоӣ),Шахсони воқеӣ ва ҳуқуқӣ,Раёсати ташхисӣ-криминалистӣ,Раёсати ташхисӣ-криминалистӣ,"Коғазӣ, электронӣ",Музднок
ВАЗОРАТИ КОРҲОИ ДОХИЛИИ ҶУМҲУРИИ ТОҶИКИСТОН,Хулоса,226,000226,"Хулосаи экспертизаи судӣ - тиббӣ автотехникии молшиносии воситаи нақлиёт (пурҳаҷм, комиссионӣ, комплексӣ ва такрорӣ)",Шахсони воқеӣ ва ҳуқуқӣ,Раёсати ташхисӣ-криминалистӣ,Раёсати ташхисӣ-криминалистӣ,"Коғазӣ, электронӣ",Музднок
ВАЗОРАТИ КОРҲОИ ДОХИЛИИ ҶУМҲУРИИ ТОҶИКИСТОН,Хулоса,227,000227,Хулосаи экспертизаи судӣ ва техникии муайян намудани ҳолати техники воситаи нақлиёт (ибтидоӣ),Шахсони воқеӣ ва ҳуқуқӣ,Раёсати ташхисӣ-криминалистӣ,Раёсати ташхисӣ-криминалистӣ,"Коғазӣ, электронӣ",Музднок
ВАЗОРАТИ КОРҲОИ ДОХИЛИИ ҶУМҲУРИИ ТОҶИКИСТОН,Хулоса,228,000228,"Хулосаи экспертизаи судӣ ва техникии муайян намудани ҳолати техникии воситаи нақлиёт (пурҳаҷм, комиссионӣ, комплексӣ ва такрорӣ)",Шахсони воқеӣ ва ҳуқуқӣ,Раёсати ташхисӣ-криминалистӣ,Раёсати ташхисӣ-криминалистӣ,"Коғазӣ, электронӣ",Музднок
ВАЗОРАТИ КОРҲОИ ДОХИЛИИ ҶУМҲУРИИ ТОҶИКИСТОН,Хулоса,229,000229,Хулосаи экспертизаи судӣ ва автотехникии муайян намудани механизми содиршавии фалокати роҳу нақлиёт (ибтидоӣ),Шахсони воқеӣ ва ҳуқуқӣ,Раёсати ташхисӣ-криминалистӣ,Раёсати ташхисӣ-криминалистӣ,"Коғазӣ, электронӣ",Музднок
ВАЗОРАТИ КОРҲОИ ДОХИЛИИ ҶУМҲУРИИ ТОҶИКИСТОН,Хулоса,230,000230,"Хулосаи экспертизаи судӣ ва техникии муайян намудани механизми содиршавии фалокати роҳу нақлиёт (пурҳаҷм, комиссионӣ, комплексӣ ва такрорӣ)",Шахсони воқеӣ ва ҳуқуқӣ,Раёсати ташхисӣ-криминалистӣ,Раёсати ташхисӣ-криминалистӣ,"Коғазӣ, электронӣ",Музднок
ВАЗОРАТИ КОРҲОИ ДОХИЛИИ ҶУМҲУРИИ ТОҶИКИСТОН,Хулоса,231,000231,Хулосаи экспертизаи судӣ - тиббӣ ва автотехникии ташхиси шикастаҳои металлҳо (ибтидоӣ),Шахсони воқеӣ ва ҳуқуқӣ,Раёсати ташхисӣ-криминалистӣ,Раёсати ташхисӣ-криминалистӣ,"Коғазӣ, электронӣ",Музднок
ВАЗОРАТИ КОРҲОИ ДОХИЛИИ ҶУМҲУРИИ ТОҶИКИСТОН,Хулоса,232,000232,"Хулосаи экспертизаи судӣ - тиббӣ ва автотехникии ташхиси шикастаҳои металлҳо (пурҳаҷм, комиссионӣ, комплексӣ ва такрорӣ)",Шахсони воқеӣ ва ҳуқуқӣ,Раёсати ташхисӣ-криминалистӣ,Раёсати ташхисӣ-криминалистӣ,"Коғазӣ, электронӣ",Музднок
ВАЗОРАТИ КОРҲОИ ДОХИЛИИ ҶУМҲУРИИ ТОҶИКИСТОН,Хулоса,233,000233,Хулоса оид ба вазъи бехатарӣ аз сӯхтор,Шахсони воқеӣ ва ҳуқуқӣ,Хадамоти давлатии оташнишонӣ дар шаҳру ноҳияҳо,Хадамоти давлатии оташнишонӣ дар шаҳру ноҳияҳо,"Коғазӣ, электронӣ",Музднок
ВАЗОРАТИ КОРҲОИ ДОХИЛИИ ҶУМҲУРИИ ТОҶИКИСТОН,Хулоса,234,000234,Хулоса барои азнавтачҳизонии воситаи нақлиёти боркаши платформаи бортдор барои кашонидани одамон,Шахсони воқеӣ ва ҳуқуқӣ,Бозрасии давлатии автомобилӣ дар шаҳру ноҳияҳо,Бозрасии давлатии автомобилӣ дар шаҳру ноҳияҳо,"Коғазӣ, электронӣ",Музднок
ВАЗОРАТИ КОРҲОИ ХОРИҶИИ ҶУМҲУРИИ ТОҶИКИСТОН,Апостил,241,000241,Апостил ба ҳуҷҷатҳои расмии дар ҳудуди Ҷумҳурии Тоҷикистон содиршуда,Шахсони воқеӣ ва ҳуқуқӣ,Сарраёсати консулии Вазорати корҳои хориҷии Ҷумҳурии Тоҷикистон ва муассисаҳои хориҷии Ҷумҳурии Тоҷикистон,Сарраёсати консулии Вазорати корҳои хориҷии Ҷумҳурии Тоҷикистон ва муассисаҳои хориҷии Ҷумҳурии Тоҷикистон,"Коғазӣ, электронӣ",Музднок
ВАЗОРАТИ КОРҲОИ ХОРИҶИИ ҶУМҲУРИИ ТОҶИКИСТОН,Корт,245,000245,Кортҳои расонаҳои хабарии кишварҳои хориҷӣ барои гирифтани аккредитатсияи доимӣ ва муваққатӣ,Шахсони воқеӣ ва ҳуқуқӣ,Вазорати корҳои хориҷии Ҷумҳурии Тоҷикистон,Вазорати корҳои хориҷии Ҷумҳурии Тоҷикистон,"Коғазӣ, электронӣ",Музднок
ВАЗОРАТИ КОРҲОИ ХОРИҶИИ ҶУМҲУРИИ ТОҶИКИСТОН,Корт,246,000246,Кортҳо ба кормандони намояндагиҳои бонкҳои хориҷӣ,Шахсони воқеӣ ва ҳуқуқӣ,Вазорати корҳои хориҷии Ҷумҳурии Тоҷикистон,Вазорати корҳои хориҷии Ҷумҳурии Тоҷикистон,"Коғазӣ, электронӣ",Музднок
ВАЗОРАТИ КОРҲОИ ХОРИҶИИ ҶУМҲУРИИ ТОҶИКИСТОН,Корт,247,000247,Корҳо ба кормандони филиал ва намояндагиҳои ширкатҳои хориҷӣ,Шахсони воқеӣ ва ҳуқуқӣ,Вазорати корҳои хориҷии Ҷумҳурии Тоҷикистон,Вазорати корҳои хориҷии Ҷумҳурии Тоҷикистон,"Коғазӣ, электронӣ",Музднок
ВАЗОРАТИ КОРҲОИ ХОРИҶИИ ҶУМҲУРИИ ТОҶИКИСТОН,Таъйиди консулӣ (легализатсия),267,000267,Таъйиди ҳуҷҷатҳо,Шахсони воқеӣ ва ҳуқуқӣ,Сарраёсати консулии Вазорати корҳои хориҷии Ҷумҳурии Тоҷикистон,Сарраёсати консулии Вазорати корҳои хориҷии Ҷумҳурии Тоҷикистон,"Коғазӣ, электронӣ",Музднок
ВАЗОРАТИ МОЛИЯИ ҶУМҲУРИИ ТОҶИКИСТОН,Иҷозатнома,281,000281,Иҷозатнома барои фаъолият оид ба ташкилу нигоҳдории кассаҳои тотализатор,Шахсони воқеӣ ва ҳуқуқӣ,Вазорати молияи Ҷумҳурии Тоҷикистон,Вазорати молияи Ҷумҳурии Тоҷикистон,"Коғазӣ, электронӣ",Музднок
ВАЗОРАТИ МОЛИЯИ ҶУМҲУРИИ ТОҶИКИСТОН,Иҷозатнома,282,000282,Иҷозатнома барои фаъолияти букмекерӣ,Шахсони воқеӣ ва ҳуқуқӣ,Вазорати молияи Ҷумҳурии Тоҷикистон,Вазорати молияи Ҷумҳурии Тоҷикистон,"Коғазӣ, электронӣ",Музднок
ВАЗОРАТИ МОЛИЯИ ҶУМҲУРИИ ТОҶИКИСТОН,Иҷозатнома,283,000283,Иҷозатнома барои фаъолияти ба роҳ мондани бозии лото,Шахсони воқеӣ ва ҳуқуқӣ,Вазорати молияи Ҷумҳурии Тоҷикистон,Вазорати молияи Ҷумҳурии Тоҷикистон,"Коғазӣ, электронӣ",Музднок
ВАЗОРАТИ МОЛИЯИ ҶУМҲУРИИ ТОҶИКИСТОН,Иҷозатнома,284,000284,Иҷозатнома барои фаъолияти гаравхона,Шахсони воқеӣ ва ҳуқуқӣ,Вазорати молияи Ҷумҳурии Тоҷикистон,Вазорати молияи Ҷумҳурии Тоҷикистон,"Коғазӣ, электронӣ",Музднок
ВАЗОРАТИ МОЛИЯИ ҶУМҲУРИИ ТОҶИКИСТОН,Иҷозатнома,285,000285,Иҷозатнома барои фаъолият оид ба тайёр кардани маҳсулоти матбаавии аз сохтакорӣ муҳофизатшаванда,Шахсони воқеӣ ва ҳуқуқӣ,Вазорати молияи Ҷумҳурии Тоҷикистон,Вазорати молияи Ҷумҳурии Тоҷикистон,"Коғазӣ, электронӣ",Музднок
ВАЗОРАТИ МОЛИЯИ ҶУМҲУРИИ ТОҶИКИСТОН,Иҷозатнома,286,000286,Иҷозатнома барои фаъолият оид ба савдои маҳсулоти матбаавии аз сохтакорӣ муҳофизатшаванда,Шахсони воқеӣ ва ҳуқуқӣ,Вазорати молияи Ҷумҳурии Тоҷикистон,Вазорати молияи Ҷумҳурии Тоҷикистон,"Коғазӣ, электронӣ",Музднок
ВАЗОРАТИ МОЛИЯИ ҶУМҲУРИИ ТОҶИКИСТОН,Иҷозатнома,287,000287,"Иҷозатнома барои фаъолияти аудиторӣ (барои аудити биржаҳо, фондҳои ғайрибуҷетӣ, ташкилотҳои сармоягузорӣ ва аудити умумӣ)",Шахсони воқеӣ ва ҳуқуқӣ,Вазорати молияи Ҷумҳурии Тоҷикистон,Вазорати молияи Ҷумҳурии Тоҷикистон,"Коғазӣ, электронӣ",Музднок
ВАЗОРАТИ МОЛИЯИ ҶУМҲУРИИ ТОҶИКИСТОН,Иҷозатнома,288,000288,Иҷозатнома барои фаъолияти фондҳои ғайридавлатии нафақа,Шахсони воқеӣ ва ҳуқуқӣ,Вазорати молияи Ҷумҳурии Тоҷикистон,Вазорати молияи Ҷумҳурии Тоҷикистон,"Коғазӣ, электронӣ",Музднок
ВАЗОРАТИ МОЛИЯИ ҶУМҲУРИИ ТОҶИКИСТОН,Иҷозатнома,289,000289,Иҷозатнома барои фаъолият оид ба хариду фурӯши металлҳо ва сангҳои қиматбаҳо,Шахсони воқеӣ ва ҳуқуқӣ,Вазорати молияи Ҷумҳурии Тоҷикистон,Вазорати молияи Ҷумҳурии Тоҷикистон,"Коғазӣ, электронӣ",Музднок
ВАЗОРАТИ МОЛИЯИ ҶУМҲУРИИ ТОҶИКИСТОН,Иҷозатнома,290,000290,Иҷозатнома барои фаъолият оид ба хариду фурӯши маснуоти заргарии аз металлҳо ва сангҳои қиматбаҳо сохташуда,Шахсони воқеӣ ва ҳуқуқӣ,Вазорати молияи Ҷумҳурии Тоҷикистон,Вазорати молияи Ҷумҳурии Тоҷикистон,"Коғазӣ, электронӣ",Музднок
ВАЗОРАТИ МОЛИЯИ ҶУМҲУРИИ ТОҶИКИСТОН,Иҷозатнома,291,000291,Иҷозатнома барои фаъолият оид ба аз аҳолӣ харидани маснуоти заргарӣ ва дигар маснуоти аз металлу сангҳои қиматбаҳо сохташудаи рӯзгор ва шикастапораҳои онҳо,Шахсони воқеӣ ва ҳуқуқӣ,Вазорати молияи Ҷумҳурии Тоҷикистон,Вазорати молияи Ҷумҳурии Тоҷикистон,"Коғазӣ, электронӣ",Музднок
ВАЗОРАТИ МОЛИЯИ ҶУМҲУРИИ ТОҶИКИСТОН,Иҷозатнома,292,000292,Иҷозатнома барои фаъолият дар соҳаи биржа,Шахсони воқеӣ ва ҳуқуқӣ,Вазорати молияи Ҷумҳурии Тоҷикистон,Вазорати молияи Ҷумҳурии Тоҷикистон,"Коғазӣ, электронӣ",Музднок
ВАЗОРАТИ МОЛИЯИ ҶУМҲУРИИ ТОҶИКИСТОН,Иҷозатнома,293,000293,Иҷозатнома барои фаъолияти брокерӣ дар бозори коғазҳои қиматнок,Шахсони воқеӣ ва ҳуқуқӣ,Вазорати молияи Ҷумҳурии Тоҷикистон,Вазорати молияи Ҷумҳурии Тоҷикистон,"Коғазӣ, электронӣ",Музднок
ВАЗОРАТИ МОЛИЯИ ҶУМҲУРИИ ТОҶИКИСТОН,Иҷозатнома,294,000294,Иҷозатнома барои фаъолияти диллерӣ дар бозори коғазҳои қиматнок,Шахсони воқеӣ ва ҳуқуқӣ,Вазорати молияи Ҷумҳурии Тоҷикистон,Вазорати молияи Ҷумҳурии Тоҷикистон,"Коғазӣ, электронӣ",Музднок
ВАЗОРАТИ МОЛИЯИ ҶУМҲУРИИ ТОҶИКИСТОН,Иҷозатнома,295,000295,Иҷозатнома барои фаъолият оид ба идораи портфели коғазҳои қиматнок,Шахсони воқеӣ ва ҳуқуқӣ,Вазорати молияи Ҷумҳурии Тоҷикистон,Вазорати молияи Ҷумҳурии Тоҷикистон,"Коғазӣ, электронӣ",Музднок
ВАЗОРАТИ МОЛИЯИ ҶУМҲУРИИ ТОҶИКИСТОН,Иҷозатнома,296,000296,Иҷозатнома барои фаъолият оид ба муайян кардани уҳдадориҳои тарафҳо (клиринг) аз рўйи амалиёт бо коғазҳои қиматнок,Шахсони воқеӣ ва ҳуқуқӣ,Вазорати молияи Ҷумҳурии Тоҷикистон,Вазорати молияи Ҷумҳурии Тоҷикистон,"Коғазӣ, электронӣ",Музднок
ВАЗОРАТИ МОЛИЯИ ҶУМҲУРИИ ТОҶИКИСТОН,Иҷозатнома,297,000297,Иҷозатнома барои фаъолияти маҳфуздорӣ,Шахсони воқеӣ ва ҳуқуқӣ,Вазорати молияи Ҷумҳурии Тоҷикистон,Вазорати молияи Ҷумҳурии Тоҷикистон,"Коғазӣ, электронӣ",Музднок
ВАЗОРАТИ МОЛИЯИ ҶУМҲУРИИ ТОҶИКИСТОН,Иҷозатнома,298,000298,Иҷозатнома барои фаъолияти ташкили савдо дар бозори коғазҳои қиматнок,Шахсони воқеӣ ва ҳуқуқӣ,Вазорати молияи Ҷумҳурии Тоҷикистон,Вазорати молияи Ҷумҳурии Тоҷикистон,"Коғазӣ, электронӣ",Музднок
ВАЗОРАТИ МОЛИЯИ ҶУМҲУРИИ ТОҶИКИСТОН,Маълумотнома,300,000300,Маълумотнома оид ба муайян намудани нархи сангҳои қиматбаҳо,Шахсони воқеӣ ва ҳуқуқӣ,Нозироти давлатии иёргирӣ,Нозироти давлатии иёргирӣ,"Коғазӣ, электронӣ",Музднок
ВАЗОРАТИ МОЛИЯИ ҶУМҲУРИИ ТОҶИКИСТОН,Маълумотнома,301,000301,Маълумотнома оид ба муайян намудани нархи сангҳои қиматбаҳои хом,Шахсони воқеӣ ва ҳуқуқӣ,Нозироти давлатии иёргирӣ,Нозироти давлатии иёргирӣ,"Коғазӣ, электронӣ",Музднок
ВАЗОРАТИ МОЛИЯИ ҶУМҲУРИИ ТОҶИКИСТОН,Маълумотнома,302,000302,"Маълумотнома аз натиҷаи муоинаи сангҳо: ҷудосозии маводди барои муоина пешниҳодшуда, аз он ҷудо намудани сангҳои қиматбаҳои хом, муайян намудани вазн, сифату ранги сангҳои қиматбаҳои хом аз рӯйи шароити техникӣ",Шахсони воқеӣ ва ҳуқуқӣ,Нозироти давлатии иёргирӣ,Нозироти давлатии иёргирӣ,"Коғазӣ, электронӣ",Музднок
ВАЗОРАТИ МОЛИЯИ ҶУМҲУРИИ ТОҶИКИСТОН,Маълумотнома,303,000303,"Маълумотнома аз натиҷаи муайян кардани партовҳои сангҳои қиматбаҳо, таҳлили маводди дорои металлҳои қиматбаҳо, муайян намудани тилло, нуқра, платина палладий дар таркиби маснуоти заргарӣ, дандонпизишкӣ ва хӯлаҳои дигар",Шахсони воқеӣ ва ҳуқуқӣ,Нозироти давлатии иёргирӣ,Нозироти давлатии иёргирӣ,"Коғазӣ, электронӣ",Музднок
ВАЗОРАТИ МОЛИЯИ ҶУМҲУРИИ ТОҶИКИСТОН,Маълумотнома,304,000304,"Маълумотнома аз натиҷаи муайян намудани металлҳои қиматбаҳо дар таркиби электролитҳо ва маҳлулҳо бо усули кимиёвӣ: тилло, нуқра, платина, палладий ва унсурҳои дигар",Шахсони воқеӣ ва ҳуқуқӣ,Нозироти давлатии иёргирӣ,Нозироти давлатии иёргирӣ,"Коғазӣ, электронӣ",Музднок
ВАЗОРАТИ МОЛИЯИ ҶУМҲУРИИ ТОҶИКИСТОН,Маълумотнома,305,000305,"Маълумотнома аз натиҷаи муайян намудани металлҳои қиматбаҳо дар таркиби рӯйпӯшҳо, таҳшинҳои электролит: тилло ё нуқра, платина ё палладий",Шахсони воқеӣ ва ҳуқуқӣ,Нозироти давлатии иёргирӣ,Нозироти давлатии иёргирӣ,"Коғазӣ, электронӣ",Музднок
ВАЗОРАТИ МОЛИЯИ ҶУМҲУРИИ ТОҶИКИСТОН,Маълумотнома,306,000306,Маълумотнома аз натиҷаи муайян намудани металлҳои қиматбаҳо дар таркиби маводди синамоӣ бо усули кимиёвӣ,Шахсони воқеӣ ва ҳуқуқӣ,Нозироти давлатии иёргирӣ,Нозироти давлатии иёргирӣ,"Коғазӣ, электронӣ",Музднок
ВАЗОРАТИ МОЛИЯИ ҶУМҲУРИИ ТОҶИКИСТОН,Маълумотнома,307,000307,Маълумотнома аз натиҷаи муайян намудани металлҳои қиматбаҳо дар таркиби реза ва хокаҳои металлии ташкилот,Шахсони воқеӣ ва ҳуқуқӣ,Нозироти давлатии иёргирӣ,Нозироти давлатии иёргирӣ,"Коғазӣ, электронӣ",Музднок
ВАЗОРАТИ МОЛИЯИ ҶУМҲУРИИ ТОҶИКИСТОН,Маълумотнома,308,000308,Маълумотнома аз баҳогузории металлҳои қиматбаҳо ва сангҳои қиматбаҳо дар маснуот,Шахсони воқеӣ ва ҳуқуқӣ,Нозироти давлатии иёргирӣ,Нозироти давлатии иёргирӣ,"Коғазӣ, электронӣ",Музднок
ВАЗОРАТИ МОЛИЯИ ҶУМҲУРИИ ТОҶИКИСТОН,Маълумотнома,309,000309,Маълумот аз натиҷаи иёр гирифтан ва тамға задани маснуоти заргарӣ ва дигар маснуоти маишии аз металҳои қиматбаҳо сохташуда,Шахсони воқеӣ ва ҳуқуқӣ,Нозироти давлатии иёргирӣ,Нозироти давлатии иёргирӣ,"Коғазӣ, электронӣ",Музднок
ВАЗОРАТИ МОЛИЯИ ҶУМҲУРИИ ТОҶИКИСТОН,Маълумотнома,310,000310,"Маълумотнома оид ба маснуоти платинӣ, маснуоти тиллоӣ, маснуоти нуқрагӣ ва арзиши сангҳои қиматбаҳо",Шахсони воқеӣ ва ҳуқуқӣ,Нозироти давлатии иёргирӣ,Нозироти давлатии иёргирӣ,"Коғазӣ, электронӣ",Музднок
ВАЗОРАТИ МОЛИЯИ ҶУМҲУРИИ ТОҶИКИСТОН,Маълумотнома,311,000311,Маълумотнома оид ба муайян намудани номгӯи сангҳои қиматбаҳо ва монанди сунъии онҳо ва нигинҳо,Шахсони воқеӣ ва ҳуқуқӣ,Нозироти давлатии иёргирӣ,Нозироти давлатии иёргирӣ,"Коғазӣ, электронӣ",Музднок
ВАЗОРАТИ МОЛИЯИ ҶУМҲУРИИ ТОҶИКИСТОН,Маълумотнома,312,000312,"Маълумотнома аз натиҷаи ташхиси сангҳо, муайян намудани номгӯи сангҳои қиматбаҳо ва дигар сангҳои нафис, нигинаҳои аз чунин сангҳо сохташаванда ва монандҳои сунъии онҳо, муайян намудани вазни нигинаҳои аз сангҳои қиматбаҳо насбкардашуда бо усули ҳисобкунӣ",Шахсони воқеӣ ва ҳуқуқӣ,Нозироти давлатии иёргирӣ,Нозироти давлатии иёргирӣ,"Коғазӣ, электронӣ",Музднок
ВАЗОРАТИ МОЛИЯИ ҶУМҲУРИИ ТОҶИКИСТОН,Маълумотнома,313,000313,"Маълумотнома аз натиҷаи муайян кардани тилло, нуқра, платина ё яке аз ин фулузот дар таркиби маъданҳо",Шахсони воқеӣ ва ҳуқуқӣ,Нозироти давлатии иёргирӣ,Нозироти давлатии иёргирӣ,"Коғазӣ, электронӣ",Музднок
ВАЗОРАТИ МОЛИЯИ ҶУМҲУРИИ ТОҶИКИСТОН,Маълумотнома,314,000314,Маълумотнома оид ба тайёр намудани номтамға бо фармоиши истеҳсолкунандаи маснуоти заргарӣ бо усули механикӣ,Шахсони воқеӣ ва ҳуқуқӣ,Нозироти давлатии иёргирӣ,Нозироти давлатии иёргирӣ,"Коғазӣ, электронӣ",Музднок
ВАЗОРАТИ МОЛИЯИ ҶУМҲУРИИ ТОҶИКИСТОН,Маълумотнома,315,000315,Маълумотнома оид ба нест кардани тамғаҳои қалбакӣ дар маҳсулот,Шахсони воқеӣ ва ҳуқуқӣ,Нозироти давлатии иёргирӣ,Нозироти давлатии иёргирӣ,"Коғазӣ, электронӣ",Музднок
ВАЗОРАТИ МОЛИЯИ ҶУМҲУРИИ ТОҶИКИСТОН,Сертификат,316,000316,Cертификати резидентӣ,Шахсони воқеӣ ва ҳуқуқӣ,Вазорати молияи Ҷумҳурии Тоҷикистон,Вазорати молияи Ҷумҳурии Тоҷикистон,"Коғазӣ, электронӣ",Музднок
ВАЗОРАТИ МОЛИЯИ ҶУМҲУРИИ ТОҶИКИСТОН,Сертификат,318,000318,Сертификати металлҳои қиматбаҳо ва сангҳои қиматбаҳо,Шахсони воқеӣ ва ҳуқуқӣ,Нозироти давлатии иёргирӣ,Нозироти давлатии иёргирӣ,"Коғазӣ, электронӣ",Музднок
ВАЗОРАТИ МОЛИЯИ ҶУМҲУРИИ ТОҶИКИСТОН,Шаҳодатнома,319,000319,Шаҳодатнома барои фаъолият оид ба гузаронидани лотерея,Шахсони воқеӣ ва ҳуқуқӣ,Вазорати молияи Ҷумҳурии Тоҷикистон,Вазорати молияи Ҷумҳурии Тоҷикистон,"Коғазӣ, электронӣ",Музднок
ВАЗОРАТИ МОЛИЯИ ҶУМҲУРИИ ТОҶИКИСТОН,Шаҳодатнома,320,000320,Шаҳодатнома барои фаъолият оид ба гузаронидани лотереяи электронӣ,Шахсони воқеӣ ва ҳуқуқӣ,Вазорати молияи Ҷумҳурии Тоҷикистон,Вазорати молияи Ҷумҳурии Тоҷикистон,"Коғазӣ, электронӣ",Музднок
ВАЗОРАТИ МОЛИЯИ ҶУМҲУРИИ ТОҶИКИСТОН,Шаҳодатнома,321,000321,Шаҳодатнома барои фаъолият оид ба гузаронидани иқдомҳо,Шахсони воқеӣ ва ҳуқуқӣ,Вазорати молияи Ҷумҳурии Тоҷикистон,Вазорати молияи Ҷумҳурии Тоҷикистон,"Коғазӣ, электронӣ",Музднок
ВАЗОРАТИ МОЛИЯИ ҶУМҲУРИИ ТОҶИКИСТОН,Шаҳодатнома,322,000322,Шаҳодатнома барои фаъолият оид ба гузаронидани бозиҳои бурднок,Шахсони воқеӣ ва ҳуқуқӣ,Вазорати молияи Ҷумҳурии Тоҷикистон,Вазорати молияи Ҷумҳурии Тоҷикистон,"Коғазӣ, электронӣ",Музднок
ВАЗОРАТИ МОЛИЯИ ҶУМҲУРИИ ТОҶИКИСТОН,Шаҳодатнома,324,000324,Шаҳодатнома барои фаъолият оид ба сохтани дандонҳо аз металлҳои қиматбаҳо,Шахсони воқеӣ ва ҳуқуқӣ,Нозироти давлатии иёргирӣ,Нозироти давлатии иёргирӣ,"Коғазӣ, электронӣ",Музднок
ВАЗОРАТИ МОЛИЯИ ҶУМҲУРИИ ТОҶИКИСТОН,Шаҳодатнома,325,000325,"Шаҳодатнома дар бораи баҳисобгирӣ ва қайди ташкилот ва соҳибкорони инфиродии дандонпизишкӣ, ки ба фаъолияти расонидани ёрии ортопедӣ-протезӣ машғуланд",Шахсони воқеӣ ва ҳуқуқӣ,Нозироти давлатии иёргирӣ,Нозироти давлатии иёргирӣ,"Коғазӣ, электронӣ",Музднок
ВАЗОРАТИ МОЛИЯИ ҶУМҲУРИИ ТОҶИКИСТОН,Шаҳодатнома,326,000326,"Шаҳодатнома дар бораи қайди номтамғаҳо, ки дорандаи онҳо ба таъмир ва сохтани маснуоти заргарӣ машғуланд",Шахсони воқеӣ ва ҳуқуқӣ,Нозироти давлатии иёргирӣ,Нозироти давлатии иёргирӣ,"Коғазӣ, электронӣ",Музднок
ВАЗОРАТИ МОЛИЯИ ҶУМҲУРИИ ТОҶИКИСТОН,Шаҳодатнома,330,000330,Шаҳодатномаи суғуртаи ҳатмӣ,Шахсони воқеӣ ва ҳуқуқӣ,"Корхонаи воҳиди давлатии «Тоҷиксуғурта» ва филиалу намояндагиҳои Корхонаи воҳиди давлатии «Тоҷиксуғурта» дар вилоятҳо, минтақаҳо ва шаҳру ноҳияҳо","Корхонаи воҳиди давлатии «Тоҷиксуғурта» ва филиалу намояндагиҳои Корхонаи воҳиди давлатии «Тоҷиксуғурта» дар вилоятҳо, минтақаҳо ва шаҳру ноҳияҳо","Коғазӣ, электронӣ",Музднок
ВАЗОРАТИ МОЛИЯИ ҶУМҲУРИИ ТОҶИКИСТОН,Шаҳодатнома,331,000331,Шаҳодатномаи суғуртаи ихтиёрӣ,Шахсони воқеӣ ва ҳуқуқӣ,"Корхонаи воҳиди давлатии «Тоҷиксуғурта» ва филиалу намояндагиҳои Корхонаи воҳиди давлатии «Тоҷиксуғурта» дар вилоятҳо, минтақаҳо ва шаҳру ноҳияҳо","Корхонаи воҳиди давлатии «Тоҷиксуғурта» ва филиалу намояндагиҳои Корхонаи воҳиди давлатии «Тоҷиксуғурта» дар вилоятҳо, минтақаҳо ва шаҳру ноҳияҳо","Коғазӣ, электронӣ",Музднок
ВАЗОРАТИ НАҚЛИЁТИ ҶУМҲУРИИ ТОҶИКИСТОН,Варақаҳо,334,000334,Варақаи роҳхат барои воситаҳои нақлиёт,Шахси воқеи ва ҳуқуқи,Муассисаи давлатии «Нақлиёти автомобилӣ ва хизматрасонии логистикӣ»,Муассисаи давлатии «Нақлиёти автомобилӣ ва хизматрасонии логистикӣ»,"Коғазӣ, электронӣ",Музднок
ВАЗОРАТИ НАҚЛИЁТИ ҶУМҲУРИИ ТОҶИКИСТОН,Варақаҳо,335,000335,Варақаи борхати моли нақлиётӣ,Шахси воқеи ва ҳуқуқи,Муассисаи давлатии «Нақлиёти автомобилӣ ва хизматрасонии логистикӣ»,Муассисаи давлатии «Нақлиёти автомобилӣ ва хизматрасонии логистикӣ»,"Коғазӣ, электронӣ",Музднок
ВАЗОРАТИ НАҚЛИЁТИ ҶУМҲУРИИ ТОҶИКИСТОН,Иҷозатнома,337,000337,Иҷозатнома барои фаъолият оид ба корҳои лоиҳакашӣ ва тадқиқотии роҳҳои автомобилгард ва иншооти роҳи сатҳи масъулиятнокии дараҷаи 1,Шахсони воқеӣ ва ҳуқуқӣ,Хадамоти давлатии назорат ва танзим дар соҳаи нақлиёт,Хадамоти давлатии назорат ва танзим дар соҳаи нақлиёт,"Коғазӣ, электронӣ",Музднок
ВАЗОРАТИ НАҚЛИЁТИ ҶУМҲУРИИ ТОҶИКИСТОН,Иҷозатнома,338,000338,Иҷозатнома барои фаъолият оид ба корҳои лоиҳакашӣ ва тадқиқотии роҳҳои автомобилгард ва иншооти роҳи сатҳи масъулиятнокии дараҷаи 2,Шахсони воқеӣ ва ҳуқуқӣ,Хадамоти давлатии назорат ва танзим дар соҳаи нақлиёт,Хадамоти давлатии назорат ва танзим дар соҳаи нақлиёт,"Коғазӣ, электронӣ",Музднок
ВАЗОРАТИ НАҚЛИЁТИ ҶУМҲУРИИ ТОҶИКИСТОН,Иҷозатнома,339,000339,Иҷозатнома барои фаъолият оид ба корҳои лоиҳакашӣ ва тадқиқотии роҳҳои автомобилгард ва иншооти роҳи сатҳи масъулиятнокии дараҷаи 3,Шахсони воқеӣ ва ҳуқуқӣ,Хадамоти давлатии назорат ва танзим дар соҳаи нақлиёт,Хадамоти давлатии назорат ва танзим дар соҳаи нақлиёт,"Коғазӣ, электронӣ",Музднок
ВАЗОРАТИ НАҚЛИЁТИ ҶУМҲУРИИ ТОҶИКИСТОН,Иҷозатнома,340,000340,Иҷозатнома барои фаъолият оид ба корҳои лоиҳакашӣ ва тадқиқотии роҳҳои автомобилгард ва иншооти роҳи сатҳи масъулиятнокии дараҷаи 4,Шахсони воқеӣ ва ҳуқуқӣ,Хадамоти давлатии назорат ва танзим дар соҳаи нақлиёт,Хадамоти давлатии назорат ва танзим дар соҳаи нақлиёт,"Коғазӣ, электронӣ",Музднок
ВАЗОРАТИ НАҚЛИЁТИ ҶУМҲУРИИ ТОҶИКИСТОН,Иҷозатнома,341,000341,"Иҷозатнома барои фаъолият оид ба сохтмон, таъмир ва барқарор кардани роҳҳои автомобилгард ва иншооти роҳи сатҳи масъулиятнокии дараҷаи 1",Шахсони воқеӣ ва ҳуқуқӣ,Хадамоти давлатии назорат ва танзим дар соҳаи нақлиёт,Хадамоти давлатии назорат ва танзим дар соҳаи нақлиёт,"Коғазӣ, электронӣ",Музднок
ВАЗОРАТИ НАҚЛИЁТИ ҶУМҲУРИИ ТОҶИКИСТОН,Иҷозатнома,342,000342,"Иҷозатнома барои фаъолият оид ба сохтмон, таъмир ва барқарор кардани роҳҳои автомобилгард ва иншооти роҳи сатҳи масъулиятнокии дараҷаи 2",Шахсони воқеӣ ва ҳуқуқӣ,Хадамоти давлатии назорат ва танзим дар соҳаи нақлиёт,Хадамоти давлатии назорат ва танзим дар соҳаи нақлиёт,"Коғазӣ, электронӣ",Музднок
ВАЗОРАТИ НАҚЛИЁТИ ҶУМҲУРИИ ТОҶИКИСТОН,Иҷозатнома,343,000343,"Иҷозатнома барои фаъолият оид ба сохтмон, таъмир ва барқарор кардани роҳҳои автомобилгард ва иншооти роҳи сатҳи масъулиятнокии дараҷаи 3",Шахсони воқеӣ ва ҳуқуқӣ,Хадамоти давлатии назорат ва танзим дар соҳаи нақлиёт,Хадамоти давлатии назорат ва танзим дар соҳаи нақлиёт,"Коғазӣ, электронӣ",Музднок
ВАЗОРАТИ НАҚЛИЁТИ ҶУМҲУРИИ ТОҶИКИСТОН,Иҷозатнома,344,000344,"Иҷозатнома барои фаъолият оид ба сохтмон, таъмир ва барқарор кардани роҳҳои автомобилгард ва иншооти роҳи сатҳи масъулиятнокии дараҷаи 4",Шахсони воқеӣ ва ҳуқуқӣ,Хадамоти давлатии назорат ва танзим дар соҳаи нақлиёт,Хадамоти давлатии назорат ва танзим дар соҳаи нақлиёт,"Коғазӣ, электронӣ",Музднок
ВАЗОРАТИ НАҚЛИЁТИ ҶУМҲУРИИ ТОҶИКИСТОН,Иҷозатнома,345,000345,Иҷозатнома барои фаъолият оид ба корҳои лоиҳакашӣ ва тадқиқотии роҳи оҳан ва иншооти роҳи оҳани сатҳи масъулиятнокии дараҷаи 1,Шахсони воқеӣ ва ҳуқуқӣ,Хадамоти давлатии назорат ва танзим дар соҳаи нақлиёт,Хадамоти давлатии назорат ва танзим дар соҳаи нақлиёт,"Коғазӣ, электронӣ",Музднок
ВАЗОРАТИ НАҚЛИЁТИ ҶУМҲУРИИ ТОҶИКИСТОН,Иҷозатнома,346,000346,Иҷозатнома барои фаъолият оид ба корҳои лоиҳакашӣ ва тадқиқотии роҳи оҳан ва иншооти роҳи оҳани сатҳи масъулиятнокии дараҷаи 2,Шахсони воқеӣ ва ҳуқуқӣ,Хадамоти давлатии назорат ва танзим дар соҳаи нақлиёт,Хадамоти давлатии назорат ва танзим дар соҳаи нақлиёт,"Коғазӣ, электронӣ",Музднок
ВАЗОРАТИ НАҚЛИЁТИ ҶУМҲУРИИ ТОҶИКИСТОН,Иҷозатнома,347,000347,Иҷозатнома барои фаъолият оид ба корҳои лоиҳакашӣ ва тадқиқотии роҳи оҳан ва иншооти роҳи оҳани сатҳи масъулиятнокии дараҷаи 3,Шахсони воқеӣ ва ҳуқуқӣ,Хадамоти давлатии назорат ва танзим дар соҳаи нақлиёт,Хадамоти давлатии назорат ва танзим дар соҳаи нақлиёт,"Коғазӣ, электронӣ",Музднок
ВАЗОРАТИ НАҚЛИЁТИ ҶУМҲУРИИ ТОҶИКИСТОН,Иҷозатнома,348,000348,Иҷозатнома барои фаъолият оид ба корҳои лоиҳакашӣ ва тадқиқотии роҳи оҳан ва иншооти роҳи оҳани сатҳи масъулиятнокии дараҷаи 4,Шахсони воқеӣ ва ҳуқуқӣ,Хадамоти давлатии назорат ва танзим дар соҳаи нақлиёт,Хадамоти давлатии назорат ва танзим дар соҳаи нақлиёт,"Коғазӣ, электронӣ",Музднок
ВАЗОРАТИ НАҚЛИЁТИ ҶУМҲУРИИ ТОҶИКИСТОН,Иҷозатнома,349,000349,"Иҷозатнома барои фаъолият оид ба сохтмон, таъмир ва барқарор кардани роҳи оҳан ва иншооти роҳи оҳани сатҳи масъулиятнокии дараҷаи 1",Шахсони воқеӣ ва ҳуқуқӣ,Хадамоти давлатии назорат ва танзим дар соҳаи нақлиёт,Хадамоти давлатии назорат ва танзим дар соҳаи нақлиёт,"Коғазӣ, электронӣ",Музднок
ВАЗОРАТИ НАҚЛИЁТИ ҶУМҲУРИИ ТОҶИКИСТОН,Иҷозатнома,350,000350,"Иҷозатнома барои фаъолият оид ба сохтмон, таъмир ва барқарор кардани роҳи оҳан ва иншооти роҳи оҳани сатҳи масъулиятнокии дараҷаи 2",Шахсони воқеӣ ва ҳуқуқӣ,Хадамоти давлатии назорат ва танзим дар соҳаи нақлиёт,Хадамоти давлатии назорат ва танзим дар соҳаи нақлиёт,"Коғазӣ, электронӣ",Музднок
ВАЗОРАТИ НАҚЛИЁТИ ҶУМҲУРИИ ТОҶИКИСТОН,Иҷозатнома,351,000351,"Иҷозатнома барои фаъолият оид ба сохтмон, таъмир ва барқарор кардани роҳи оҳан ва иншооти роҳи оҳани сатҳи масъулиятнокии дараҷаи 3",Шахсони воқеӣ ва ҳуқуқӣ,Хадамоти давлатии назорат ва танзим дар соҳаи нақлиёт,Хадамоти давлатии назорат ва танзим дар соҳаи нақлиёт,"Коғазӣ, электронӣ",Музднок
ВАЗОРАТИ НАҚЛИЁТИ ҶУМҲУРИИ ТОҶИКИСТОН,Иҷозатнома,352,000352,"Иҷозатнома барои фаъолият оид ба сохтмон, таъмир ва барқарор кардани роҳи оҳан ва иншооти роҳи оҳани сатҳи масъулиятнокии дараҷаи 4",Шахсони воқеӣ ва ҳуқуқӣ,Хадамоти давлатии назорат ва танзим дар соҳаи нақлиёт,Хадамоти давлатии назорат ва танзим дар соҳаи нақлиёт,"Коғазӣ, электронӣ",Музднок
ВАЗОРАТИ НАҚЛИЁТИ ҶУМҲУРИИ ТОҶИКИСТОН,Иҷозатнома,353,000353,Иҷозатнома барои фаъолият оид ба мусофиркашонӣ дар дохили ҷумҳурӣ бо нақлиёти автомобилӣ,Шахсони воқеӣ ва ҳуқуқӣ,Хадамоти давлатии назорат ва танзим дар соҳаи нақлиёт,Хадамоти давлатии назорат ва танзим дар соҳаи нақлиёт,"Коғазӣ, электронӣ",Музднок
ВАЗОРАТИ НАҚЛИЁТИ ҶУМҲУРИИ ТОҶИКИСТОН,Иҷозатнома,354,000354,Иҷозатнома барои фаъолият оид ба мусофиркашонии байналмилалӣ бо нақлиёти автомобилӣ,Шахсони воқеӣ ва ҳуқуқӣ,Хадамоти давлатии назорат ва танзим дар соҳаи нақлиёт,Хадамоти давлатии назорат ва танзим дар соҳаи нақлиёт,"Коғазӣ, электронӣ",Музднок
ВАЗОРАТИ НАҚЛИЁТИ ҶУМҲУРИИ ТОҶИКИСТОН,Иҷозатнома,355,000355,Иҷозатнома барои фаъолият оид ба боркашонӣ дар дохили ҷумҳурӣ бо нақлиёти автомобилӣ,Шахсони воқеӣ ва ҳуқуқӣ,Хадамоти давлатии назорат ва танзим дар соҳаи нақлиёт,Хадамоти давлатии назорат ва танзим дар соҳаи нақлиёт,"Коғазӣ, электронӣ",Музднок
ВАЗОРАТИ НАҚЛИЁТИ ҶУМҲУРИИ ТОҶИКИСТОН,Иҷозатнома,356,000356,Иҷозатнома барои фаъолият оид ба боркашонии байналмилалӣ бо нақлиёти автомобилӣ,Шахсони воқеӣ ва ҳуқуқӣ,Хадамоти давлатии назорат ва танзим дар соҳаи нақлиёт,Хадамоти давлатии назорат ва танзим дар соҳаи нақлиёт,"Коғазӣ, электронӣ",Музднок
ВАЗОРАТИ НАҚЛИЁТИ ҶУМҲУРИИ ТОҶИКИСТОН,Иҷозатнома,357,000357,Иҷозатнома барои фаъолияти нақлиётӣ-экспедитсионӣ дар нақлиёти автомобилӣ,Шахсони воқеӣ ва ҳуқуқӣ,Хадамоти давлатии назорат ва танзим дар соҳаи нақлиёт,Хадамоти давлатии назорат ва танзим дар соҳаи нақлиёт,"Коғазӣ, электронӣ",Музднок
ВАЗОРАТИ НАҚЛИЁТИ ҶУМҲУРИИ ТОҶИКИСТОН,Иҷозатнома,358,000358,Иҷозатнома барои фаъолият оид ба мусофиркашонӣ бо нақлиёти роҳи оҳан,Шахсони воқеӣ ва ҳуқуқӣ,Хадамоти давлатии назорат ва танзим дар соҳаи нақлиёт,Хадамоти давлатии назорат ва танзим дар соҳаи нақлиёт,"Коғазӣ, электронӣ",Музднок
ВАЗОРАТИ НАҚЛИЁТИ ҶУМҲУРИИ ТОҶИКИСТОН,Иҷозатнома,359,000359,Иҷозатнома барои фаъолият оид ба боркашонӣ бо нақлиёти роҳи оҳан,Шахсони воқеӣ ва ҳуқуқӣ,Хадамоти давлатии назорат ва танзим дар соҳаи нақлиёт,Хадамоти давлатии назорат ва танзим дар соҳаи нақлиёт,"Коғазӣ, электронӣ",Музднок
ВАЗОРАТИ НАҚЛИЁТИ ҶУМҲУРИИ ТОҶИКИСТОН,Иҷозатнома,360,000360,Иҷозатнома барои фаъолият оид ба хизматрасонии техникӣ ва таъмир дар нақлиёти автомобилӣ,Шахсони воқеӣ ва ҳуқуқӣ,Хадамоти давлатии назорат ва танзим дар соҳаи нақлиёт,Хадамоти давлатии назорат ва танзим дар соҳаи нақлиёт,"Коғазӣ, электронӣ",Музднок
ВАЗОРАТИ НАҚЛИЁТИ ҶУМҲУРИИ ТОҶИКИСТОН,Иҷозатнома,361,000361,Иҷозатнома барои фаъолият оид ба хизматрасонии техникӣ ва таъмир дар нақлиёти роҳи оҳан,Шахсони воқеӣ ва ҳуқуқӣ,Хадамоти давлатии назорат ва танзим дар соҳаи нақлиёт,Хадамоти давлатии назорат ва танзим дар соҳаи нақлиёт,"Коғазӣ, электронӣ",Музднок
ВАЗОРАТИ НАҚЛИЁТИ ҶУМҲУРИИ ТОҶИКИСТОН,Иҷозатнома,362,000362,Иҷозатнома барои фаъолияти терминалҳои мусофиркашонӣ,Шахсони воқеӣ ва ҳуқуқӣ,Хадамоти давлатии назорат ва танзим дар соҳаи нақлиёт,Хадамоти давлатии назорат ва танзим дар соҳаи нақлиёт,"Коғазӣ, электронӣ",Музднок
ВАЗОРАТИ НАҚЛИЁТИ ҶУМҲУРИИ ТОҶИКИСТОН,Иҷозатнома,363,000363,Иҷозатнома барои фаъолияти терминалҳои боркашонӣ,Шахсони воқеӣ ва ҳуқуқӣ,Хадамоти давлатии назорат ва танзим дар соҳаи нақлиёт,Хадамоти давлатии назорат ва танзим дар соҳаи нақлиёт,"Коғазӣ, электронӣ",Музднок
ВАЗОРАТИ НАҚЛИЁТИ ҶУМҲУРИИ ТОҶИКИСТОН,Иҷозат (Рухсатнома),365,000365,Рухсатнома барои хизматрасонӣ дар соҳаи байналмилалӣ,Шахсони воқеӣ ва ҳуқуқӣ,Хадамоти давлатии назорат ва танзим дар соҳаи нақлиёт,Хадамоти давлатии назорат ва танзим дар соҳаи нақлиёт,"Коғазӣ, электронӣ",Музднок
ВАЗОРАТИ НАҚЛИЁТИ ҶУМҲУРИИ ТОҶИКИСТОН,Мувофиқасозӣ,366,000366,"Мувофиқакунии сохтмон, таҷдид ва таъмири нуқтаҳои васлшавӣ ва буриши роҳҳои автомобилгард",Шахсони воқеӣ ва ҳуқуқӣ,Хадамоти давлатии назорат ва танзим дар соҳаи нақлиёт,Хадамоти давлатии назорат ва танзим дар соҳаи нақлиёт,"Коғазӣ, электронӣ",Музднок
ВАЗОРАТИ НАҚЛИЁТИ ҶУМҲУРИИ ТОҶИКИСТОН,Мувофиқасозӣ,367,000367,"Мувофиқакунии убури роҳҳои автомобилгард бо каналҳо, хатҳои алоқа, интиқоли барқ, лўлаҳои нафт, газ, об ва роҳҳои оҳан, таҷҳизоти пайвастшавӣ ва воридшавӣ",Шахсони воқеӣ ва ҳуқуқӣ,Хадамоти давлатии назорат ва танзим дар соҳаи нақлиёт,Хадамоти давлатии назорат ва танзим дар соҳаи нақлиёт,"Коғазӣ, электронӣ",Музднок
ВАЗОРАТИ НАҚЛИЁТИ ҶУМҲУРИИ ТОҶИКИСТОН,Мувофиқасозӣ,368,000368,Мувофиқакунии иҷрои корҳои коркарди қум ва шағал дар маҷрои дарёҳо болотар ё поёнтар аз пулҳо ба масофаи на камтар аз 2 (ду) км,Шахсони воқеӣ ва ҳуқуқӣ,Хадамоти давлатии назорат ва танзим дар соҳаи нақлиёт,Хадамоти давлатии назорат ва танзим дар соҳаи нақлиёт,"Коғазӣ, электронӣ",Музднок
ВАЗОРАТИ НАҚЛИЁТИ ҶУМҲУРИИ ТОҶИКИСТОН,Мувофиқасозӣ,369,000369,Мувофиқакунии шартҳои техникии сохтани иншооти коммуникатсионӣ дар қитъаи ҳамшафати роҳҳои автомобилгарди истифодабарии умумӣ,Шахсони воқеӣ ва ҳуқуқӣ,Хадамоти давлатии назорат ва танзим дар соҳаи нақлиёт,Хадамоти давлатии назорат ва танзим дар соҳаи нақлиёт,"Коғазӣ, электронӣ",Музднок
ВАЗОРАТИ НАҚЛИЁТИ ҶУМҲУРИИ ТОҶИКИСТОН,Сертификат,370,000370,Сертификати мутобиқат дар соҳаи нақлиёт,Шахсони воқеӣ ва ҳуқуқӣ,Корхонаи воҳиди давлатии «Маркази сертификатсиякунони кор ва хизматрасони дар соҳаи нақлиёт»,Корхонаи воҳиди давлатии «Маркази сертификатсиякунони кор ва хизматрасони дар соҳаи нақлиёт»,"Коғазӣ, электронӣ",Музднок
ВАЗОРАТИ НАҚЛИЁТИ ҶУМҲУРИИ ТОҶИКИСТОН,Сертификат,371,000371,Сертификати боркашӣ дар соҳаи нақлиёт,Шахсони воқеӣ ва ҳуқуқӣ,Корхонаи воҳиди давлатии «Маркази сертификатсиякунони кор ва хизматрасони дар соҳаи нақлиёт»,Корхонаи воҳиди давлатии «Маркази сертификатсиякунони кор ва хизматрасони дар соҳаи нақлиёт»,"Коғазӣ, электронӣ",Музднок
ВАЗОРАТИ НАҚЛИЁТИ ҶУМҲУРИИ ТОҶИКИСТОН,Сертификат,372,000372,Сертификати салоҳиятнокӣ,Шахсони воқеӣ ва ҳуқуқӣ,Корхонаи воҳиди давлатии «Маркази сертификатсиякунони кор ва хизматрасони дар соҳаи нақлиёт»,Корхонаи воҳиди давлатии «Маркази сертификатсиякунони кор ва хизматрасони дар соҳаи нақлиёт»,"Коғазӣ, электронӣ",Музднок
ВАЗОРАТИ НАҚЛИЁТИ ҶУМҲУРИИ ТОҶИКИСТОН,Хулоса,373,000373,Хулоса барои иҷро намудани корҳо тибқи лоиҳаҳои вобаста ба сохтмон ё таҷдиди роҳҳои автомобилгард,Шахсони воқеӣ ва ҳуқуқӣ,Хадамоти давлатии назорат ва танзим дар соҳаи нақлиёт,Хадамоти давлатии назорат ва танзим дар соҳаи нақлиёт,"Коғазӣ, электронӣ",Музднок
ВАЗОРАТИ РУШДИ ИҚТИСОД ВА САВДОИ ҶУМҲУРИИ ТОҶИКИСТОН,Бақайдгирӣ (азнавбақайдгирӣ),374,000374,Бақайдгирии байналмилалии тамғаҳои молӣ,Шахсони воқеӣ ва ҳуқуқӣ,Муассисаи давлатии «Маркази миллии патенту иттилоот»,Муассисаи давлатии «Маркази миллии патенту иттилоот»,"Коғазӣ, электронӣ",Музднок
ВАЗОРАТИ РУШДИ ИҚТИСОД ВА САВДОИ ҶУМҲУРИИ ТОҶИКИСТОН,Замима,375,000375,Замимаи тамдид ба Шаҳодатномаи тамғаи молӣ,Шахсони воқеӣ ва ҳуқуқӣ,Муассисаи давлатии «Маркази миллии патенту иттилоот»,Муассисаи давлатии «Маркази миллии патенту иттилоот»,"Коғазӣ, электронӣ",Музднок
ВАЗОРАТИ РУШДИ ИҚТИСОД ВА САВДОИ ҶУМҲУРИИ ТОҶИКИСТОН,Замима,376,000376,Замимаи тамдид ба Патенти намунаи саноатӣ,Шахсони воқеӣ ва ҳуқуқӣ,Муассисаи давлатии «Маркази миллии патенту иттилоот»,Муассисаи давлатии «Маркази миллии патенту иттилоот»,"Коғазӣ, электронӣ",Музднок
ВАЗОРАТИ РУШДИ ИҚТИСОД ВА САВДОИ ҶУМҲУРИИ ТОҶИКИСТОН,Замима,377,000377,Замимаи тамдид ба Патенти ихтироъ,Шахсони воқеӣ ва ҳуқуқӣ,Муассисаи давлатии «Маркази миллии патенту иттилоот»,Муассисаи давлатии «Маркази миллии патенту иттилоот»,"Коғазӣ, электронӣ",Музднок
ВАЗОРАТИ РУШДИ ИҚТИСОД ВА САВДОИ ҶУМҲУРИИ ТОҶИКИСТОН,Замима,378,000378,Замимаи тамдиди Нахустпатент ба ихтироъ,Шахсони воқеӣ ва ҳуқуқӣ,Муассисаи давлатии «Маркази миллии патенту иттилоот»,Муассисаи давлатии «Маркази миллии патенту иттилоот»,"Коғазӣ, электронӣ",Музднок
ВАЗОРАТИ РУШДИ ИҚТИСОД ВА САВДОИ ҶУМҲУРИИ ТОҶИКИСТОН,Замима,379,000379,Замима ба нигаҳдории амали Патент ва Нахустпатент ба ихтироъ ва намунаи саноатӣ,Шахсони воқеӣ ва ҳуқуқӣ,Муассисаи давлатии «Маркази миллии патенту иттилоот»,Муассисаи давлатии «Маркази миллии патенту иттилоот»,"Коғазӣ, электронӣ",Музднок
ВАЗОРАТИ РУШДИ ИҚТИСОД ВА САВДОИ ҶУМҲУРИИ ТОҶИКИСТОН,Иҷозатнома,380,000380,Иҷозатнома барои фаъолияти намояндаи патентӣ,Шахсони воқеӣ ва ҳуқуқӣ,Вазорати рушди иқтисод ва савдои Ҷумҳурии Тоҷикистон,Вазорати рушди иқтисод ва савдои Ҷумҳурии Тоҷикистон,"Коғазӣ, электронӣ",Музднок
ВАЗОРАТИ РУШДИ ИҚТИСОД ВА САВДОИ ҶУМҲУРИИ ТОҶИКИСТОН,Иҷозатнома,381,000381,Иҷозатнома барои фаъолият оид ба назорати содироти маҳсулоти таъиноти дуҳадафа,Шахсони воқеӣ ва ҳуқуқӣ,Вазорати рушди иқтисод ва савдои Ҷумҳурии Тоҷикистон,Вазорати рушди иқтисод ва савдои Ҷумҳурии Тоҷикистон,"Коғазӣ, электронӣ",Музднок
ВАЗОРАТИ РУШДИ ИҚТИСОД ВА САВДОИ ҶУМҲУРИИ ТОҶИКИСТОН,Қарор,382,000382,Қарор дар бораи вогузории ҳуқуқ ба Патент ба ихтироъ,Шахсони воқеӣ ва ҳуқуқӣ,Муассисаи давлатии «Маркази миллии патенту иттилоот»,Муассисаи давлатии «Маркази миллии патенту иттилоот»,"Коғазӣ, электронӣ",Музднок
ВАЗОРАТИ РУШДИ ИҚТИСОД ВА САВДОИ ҶУМҲУРИИ ТОҶИКИСТОН,Қарор,383,000383,Қарор дар бораи вогузории ҳуқуқ ба Нахустпатент ба ихтироъ,Шахсони воқеӣ ва ҳуқуқӣ,Муассисаи давлатии «Маркази миллии патенту иттилоот»,Муассисаи давлатии «Маркази миллии патенту иттилоот»,"Коғазӣ, электронӣ",Музднок
ВАЗОРАТИ РУШДИ ИҚТИСОД ВА САВДОИ ҶУМҲУРИИ ТОҶИКИСТОН,Қарор,384,000384,Қарор дар бораи вогузории ҳуқуқ ба Патент ба намунаи саноатӣ,Шахсони воқеӣ ва ҳуқуқӣ,Муассисаи давлатии «Маркази миллии патенту иттилоот»,Муассисаи давлатии «Маркази миллии патенту иттилоот»,"Коғазӣ, электронӣ",Музднок
ВАЗОРАТИ РУШДИ ИҚТИСОД ВА САВДОИ ҶУМҲУРИИ ТОҶИКИСТОН,Қарор,385,000385,Қарор дар бораи вогузории ҳуқуқ ба тамғаи молӣ,Шахсони воқеӣ ва ҳуқуқӣ,Муассисаи давлатии «Маркази миллии патенту иттилоот»,Муассисаи давлатии «Маркази миллии патенту иттилоот»,"Коғазӣ, электронӣ",Музднок
ВАЗОРАТИ РУШДИ ИҚТИСОД ВА САВДОИ ҶУМҲУРИИ ТОҶИКИСТОН,Қарор,386,000386,Қарор дар бораи вогузории ҳуқуқ ба топологияи микросхемаҳои интегралӣ,Шахсони воқеӣ ва ҳуқуқӣ,Муассисаи давлатии «Маркази миллии патенту иттилоот»,Муассисаи давлатии «Маркази миллии патенту иттилоот»,"Коғазӣ, электронӣ",Музднок
ВАЗОРАТИ РУШДИ ИҚТИСОД ВА САВДОИ ҶУМҲУРИИ ТОҶИКИСТОН,Қарор,387,000387,Қарор дар бораи додани ҳуқуқи истифодабарии Патент ба ихтироъ,Шахсони воқеӣ ва ҳуқуқӣ,Муассисаи давлатии «Маркази миллии патенту иттилоот»,Муассисаи давлатии «Маркази миллии патенту иттилоот»,"Коғазӣ, электронӣ",Музднок
ВАЗОРАТИ РУШДИ ИҚТИСОД ВА САВДОИ ҶУМҲУРИИ ТОҶИКИСТОН,Қарор,388,000388,Қарор дар бораи додани ҳуқуқи истифодабарии Нахустпатент ба ихтироъ,Шахсони воқеӣ ва ҳуқуқӣ,Муассисаи давлатии «Маркази миллии патенту иттилоот»,Муассисаи давлатии «Маркази миллии патенту иттилоот»,"Коғазӣ, электронӣ",Музднок
ВАЗОРАТИ РУШДИ ИҚТИСОД ВА САВДОИ ҶУМҲУРИИ ТОҶИКИСТОН,Қарор,389,000389,Қарор дар бораи додани ҳуқуқи истифодабарии Патент ба намунаи саноатӣ,Шахсони воқеӣ ва ҳуқуқӣ,Муассисаи давлатии «Маркази миллии патенту иттилоот»,Муассисаи давлатии «Маркази миллии патенту иттилоот»,"Коғазӣ, электронӣ",Музднок
ВАЗОРАТИ РУШДИ ИҚТИСОД ВА САВДОИ ҶУМҲУРИИ ТОҶИКИСТОН,Қарор,390,000390,Қарор дар бораи додани ҳуқуқи истифодабарии топологияи микросхемаҳои интегралӣ,Шахсони воқеӣ ва ҳуқуқӣ,Муассисаи давлатии «Маркази миллии патенту иттилоот»,Муассисаи давлатии «Маркази миллии патенту иттилоот»,"Коғазӣ, электронӣ",Музднок
ВАЗОРАТИ РУШДИ ИҚТИСОД ВА САВДОИ ҶУМҲУРИИ ТОҶИКИСТОН,Қарор,391,000391,Қарор дар бораи додани ҳуқуқи истифодабарии тамғаи молӣ,Шахсони воқеӣ ва ҳуқуқӣ,Муассисаи давлатии «Маркази миллии патенту иттилоот»,Муассисаи давлатии «Маркази миллии патенту иттилоот»,"Коғазӣ, электронӣ",Музднок
ВАЗОРАТИ РУШДИ ИҚТИСОД ВА САВДОИ ҶУМҲУРИИ ТОҶИКИСТОН,Маълумотнома,392,000392,Маълумотнома оиди ба гузаронидани ҷустуҷӯи мавзӯӣ-иттилоотӣ,Шахсони воқеӣ ва ҳуқуқӣ,Муассисаи давлатии «Маркази миллии патенту иттилоот»,Муассисаи давлатии «Маркази миллии патенту иттилоот»,"Коғазӣ, электронӣ",Музднок
ВАЗОРАТИ РУШДИ ИҚТИСОД ВА САВДОИ ҶУМҲУРИИ ТОҶИКИСТОН,Маълумотнома,393,000393,Маълумотнома оид ба ҷустуҷӯи пешакии тамғаи молӣ,Шахсони воқеӣ ва ҳуқуқӣ,Муассисаи давлатии «Маркази миллии патенту иттилоот»,Муассисаи давлатии «Маркази миллии патенту иттилоот»,"Коғазӣ, электронӣ",Музднок
ВАЗОРАТИ РУШДИ ИҚТИСОД ВА САВДОИ ҶУМҲУРИИ ТОҶИКИСТОН,Маълумотнома,394,000394,Маълумотнома оид ба ҷустуҷӯи патентӣ вобаста ба ихтироъ,Шахсони воқеӣ ва ҳуқуқӣ,Муассисаи давлатии «Маркази миллии патенту иттилоот»,Муассисаи давлатии «Маркази миллии патенту иттилоот»,"Коғазӣ, электронӣ",Музднок
ВАЗОРАТИ РУШДИ ИҚТИСОД ВА САВДОИ ҶУМҲУРИИ ТОҶИКИСТОН,Маълумотнома,395,000395,Маълумотнома оид ба ҷустуҷӯи патентӣ вобаста ба намунаҳои саноатӣ,Шахсони воқеӣ ва ҳуқуқӣ,Муассисаи давлатии «Маркази миллии патенту иттилоот»,Муассисаи давлатии «Маркази миллии патенту иттилоот»,"Коғазӣ, электронӣ",Музднок
ВАЗОРАТИ РУШДИ ИҚТИСОД ВА САВДОИ ҶУМҲУРИИ ТОҶИКИСТОН,Хабарнома,396,000396,Хабарнома барои тағйири ном ва суроғаи дорандаи объектҳои моликияти саноатӣ,Шахсони воқеӣ ва ҳуқуқӣ,Муассисаи давлатии «Маркази миллии патенту иттилоот»,Муассисаи давлатии «Маркази миллии патенту иттилоот»,"Коғазӣ, электронӣ",Музднок
ВАЗОРАТИ РУШДИ ИҚТИСОД ВА САВДОИ ҶУМҲУРИИ ТОҶИКИСТОН,Патент ва нахустпатент,397,000397,Патент ба ихтироъ,Шахсони воқеӣ ва ҳуқуқӣ,Муассисаи давлатии «Маркази миллии патенту иттилоот»,Муассисаи давлатии «Маркази миллии патенту иттилоот»,"Коғазӣ, электронӣ",Музднок
ВАЗОРАТИ РУШДИ ИҚТИСОД ВА САВДОИ ҶУМҲУРИИ ТОҶИКИСТОН,Патент ва нахустпатент,398,000398,Патент ба намунаи саноатӣ,Шахсони воқеӣ ва ҳуқуқӣ,Муассисаи давлатии «Маркази миллии патенту иттилоот»,Муассисаи давлатии «Маркази миллии патенту иттилоот»,"Коғазӣ, электронӣ",Музднок
ВАЗОРАТИ РУШДИ ИҚТИСОД ВА САВДОИ ҶУМҲУРИИ ТОҶИКИСТОН,Патент ва нахустпатент,399,000399,Нахустпатент ба ихтироъ,Шахсони воқеӣ ва ҳуқуқӣ,Муассисаи давлатии «Маркази миллии патенту иттилоот»,Муассисаи давлатии «Маркази миллии патенту иттилоот»,"Коғазӣ, электронӣ",Музднок
ВАЗОРАТИ РУШДИ ИҚТИСОД ВА САВДОИ ҶУМҲУРИИ ТОҶИКИСТОН,Тасдиқкунӣ,400,000400,Тасдиқнома оиди бақайдгирии давлатии рисолаҳои номзадӣ ва докторӣ,Шахсони воқеӣ ва ҳуқуқӣ,Муассисаи давлатии «Маркази миллии патенту иттилоот»,Муассисаи давлатии «Маркази миллии патенту иттилоот»,"Коғазӣ, электронӣ",Музднок
ВАЗОРАТИ РУШДИ ИҚТИСОД ВА САВДОИ ҶУМҲУРИИ ТОҶИКИСТОН,Шаҳодатнома,401,000401,Шаҳонатнома ба тамғаҳои молӣ,Шахсони воқеӣ ва ҳуқуқӣ,Муассисаи давлатии «Маркази миллии патенту иттилоот»,Муассисаи давлатии «Маркази миллии патенту иттилоот»,"Коғазӣ, электронӣ",Музднок
ВАЗОРАТИ РУШДИ ИҚТИСОД ВА САВДОИ ҶУМҲУРИИ ТОҶИКИСТОН,Шаҳодатнома,402,000402,Шаҳодатномаи ҳуқуқи истифодаи номи ҷои пайдоиши мол,Шахсони воқеӣ ва ҳуқуқӣ,Муассисаи давлатии «Маркази миллии патенту иттилоот»,Муассисаи давлатии «Маркази миллии патенту иттилоот»,"Коғазӣ, электронӣ",Музднок
ВАЗОРАТИ РУШДИ ИҚТИСОД ВА САВДОИ ҶУМҲУРИИ ТОҶИКИСТОН,Шаҳодатнома,403,000403,Шаҳодатнома ба топологияи микросхемаҳои интегралӣ,Шахсони воқеӣ ва ҳуқуқӣ,Муассисаи давлатии «Маркази миллии патенту иттилоот»,Муассисаи давлатии «Маркази миллии патенту иттилоот»,"Коғазӣ, электронӣ",Музднок
ВАЗОРАТИ РУШДИ ИҚТИСОД ВА САВДОИ ҶУМҲУРИИ ТОҶИКИСТОН,Шаҳодатнома,404,000404,Шаҳодатнома ба захираҳои иттилоотӣ,Шахсони воқеӣ ва ҳуқуқӣ,Муассисаи давлатии «Маркази миллии патенту иттилоот»,Муассисаи давлатии «Маркази миллии патенту иттилоот»,"Коғазӣ, электронӣ",Музднок
ВАЗОРАТИ РУШДИ ИҚТИСОД ВА САВДОИ ҶУМҲУРИИ ТОҶИКИСТОН,Шаҳодатнома,405,000405,Шаҳодатномаи бақайдгирии субъектҳо дар Минтақаи Озоди Иқтисодӣ,Шахсони воқеӣ ва ҳуқуқӣ,Маъмурияти Минтақаҳои Озоди Иқтисодӣ,Маъмурияти Минтақаҳои Озоди Иқтисодӣ,"Коғазӣ, электронӣ",Музднок
ВАЗОРАТИ РУШДИ ИҚТИСОД ВА САВДОИ ҶУМҲУРИИ ТОҶИКИСТОН,Хулоса,406,000406,Хулоса оид ба масъалаҳои объектҳои моликияти саноатӣ,Шахсони воқеӣ ва ҳуқуқӣ,Муассисаи давлатии «Маркази миллии патенту иттилоот»,Муассисаи давлатии «Маркази миллии патенту иттилоот»,"Коғазӣ, электронӣ",Музднок
ВАЗОРАТИ САНОАТ ВА ТЕХНОЛОГИЯҲОИ НАВИ ҶУМҲУРИИ ТОҶИКИСТОН,,412,000412,Иҷозатнома барои фаъолият оид ба фурӯши чаканаи маҳсулоти тамоку,Шахсони воқеӣ ва ҳуқуқӣ,Вазорати саноат ва технологияҳои нави Ҷумҳурии Тоҷикистон,Вазорати саноат ва технологияҳои нави Ҷумҳурии Тоҷикистон,"Коғазӣ, электронӣ",Музднок
ВАЗОРАТИ САНОАТ ВА ТЕХНОЛОГИЯҲОИ НАВИ ҶУМҲУРИИ ТОҶИКИСТОН,,414,000414,Иҷозатнома барои фаъолият оид ба фурўши чаканаи машрубот (инчунин дар шакли рехта),Шахсони воқеӣ ва ҳуқуқӣ,Вазорати саноат ва технологияҳои нави Ҷумҳурии Тоҷикистон,Вазорати саноат ва технологияҳои нави Ҷумҳурии Тоҷикистон,"Коғазӣ, электронӣ",Музднок
ВАЗОРАТИ САНОАТ ВА ТЕХНОЛОГИЯҲОИ НАВИ ҶУМҲУРИИ ТОҶИКИСТОН,,415,000415,Иҷозатнома барои фаъолият оид ба истеҳсоли пиво,Шахсони воқеӣ ва ҳуқуқӣ,Вазорати саноат ва технологияҳои нави Ҷумҳурии Тоҷикистон,Вазорати саноат ва технологияҳои нави Ҷумҳурии Тоҷикистон,"Коғазӣ, электронӣ",Музднок
ВАЗОРАТИ САНОАТ ВА ТЕХНОЛОГИЯҲОИ НАВИ ҶУМҲУРИИ ТОҶИКИСТОН,,416,000416,Иҷозатнома барои фаъолият оид ба истеҳсол ва фурўши яклухти маҳсулоти спиртдор,Шахсони воқеӣ ва ҳуқуқӣ,Вазорати саноат ва технологияҳои нави Ҷумҳурии Тоҷикистон,Вазорати саноат ва технологияҳои нави Ҷумҳурии Тоҷикистон,"Коғазӣ, электронӣ",Музднок
ВАЗОРАТИ ТАНДУРУСТӢ ВА ҲИФЗИ ИҶТИМОИИ АҲОЛИИ ҶУМҲУРИИ ТОҶИКИСТОН,Иҷозатнома,433,000433,"Иҷозатнома барои фаъолият оид ба воридот, содирот, фурўши дору ва молҳои тиббӣ",Шахсони воқеӣ ва ҳуқуқӣ,Вазорати тандурустӣ ва ҳифзи иҷтимоии аҳолии Ҷумҳурии Тоҷикистон,Вазорати тандурустӣ ва ҳифзи иҷтимоии аҳолии Ҷумҳурии Тоҷикистон,"Коғазӣ, электронӣ",Музднок
ВАЗОРАТИ ТАНДУРУСТӢ ВА ҲИФЗИ ИҶТИМОИИ АҲОЛИИ ҶУМҲУРИИ ТОҶИКИСТОН,Иҷозатнома,434,000434,"Иҷозатнома барои фаъолият оид ба тайёр, истеҳсол ва фурўши дору, молҳои тиббӣ, воситаҳои парафарматсевтӣ ва ғизои таъинотӣ",Шахсони воқеӣ ва ҳуқуқӣ,Вазорати тандурустӣ ва ҳифзи иҷтимоии аҳолии Ҷумҳурии Тоҷикистон,Вазорати тандурустӣ ва ҳифзи иҷтимоии аҳолии Ҷумҳурии Тоҷикистон,"Коғазӣ, электронӣ",Музднок
ВАЗОРАТИ ТАНДУРУСТӢ ВА ҲИФЗИ ИҶТИМОИИ АҲОЛИИ ҶУМҲУРИИ ТОҶИКИСТОН,Иҷозатнома,435,000435,"Иҷозатнома барои фаъолият оид ба фурӯши дору, молҳои тиббӣ, воситаҳои парафарматсевтӣ ва ғизои таъинотӣ",Шахсони воқеӣ ва ҳуқуқӣ,Вазорати тандурустӣ ва ҳифзи иҷтимоии аҳолии Ҷумҳурии Тоҷикистон,Вазорати тандурустӣ ва ҳифзи иҷтимоии аҳолии Ҷумҳурии Тоҷикистон,"Коғазӣ, электронӣ",Музднок
ВАЗОРАТИ ТАНДУРУСТӢ ВА ҲИФЗИ ИҶТИМОИИ АҲОЛИИ ҶУМҲУРИИ ТОҶИКИСТОН,Иҷозатнома,436,000436,Иҷозатнома барои фаъолият оид ба истеҳсоли воситаҳои дезинфексионӣ,Шахсони воқеӣ ва ҳуқуқӣ,Вазорати тандурустӣ ва ҳифзи иҷтимоии аҳолии Ҷумҳурии Тоҷикистон,Вазорати тандурустӣ ва ҳифзи иҷтимоии аҳолии Ҷумҳурии Тоҷикистон,"Коғазӣ, электронӣ",Музднок
ВАЗОРАТИ ТАНДУРУСТӢ ВА ҲИФЗИ ИҶТИМОИИ АҲОЛИИ ҶУМҲУРИИ ТОҶИКИСТОН,Иҷозатнома,437,000437,Иҷозатнома барои фаъолият оид ба истеҳсоли воситаҳои дезинсексионӣ,Шахсони воқеӣ ва ҳуқуқӣ,Вазорати тандурустӣ ва ҳифзи иҷтимоии аҳолии Ҷумҳурии Тоҷикистон,Вазорати тандурустӣ ва ҳифзи иҷтимоии аҳолии Ҷумҳурии Тоҷикистон,"Коғазӣ, электронӣ",Музднок
ВАЗОРАТИ ТАНДУРУСТӢ ВА ҲИФЗИ ИҶТИМОИИ АҲОЛИИ ҶУМҲУРИИ ТОҶИКИСТОН,Иҷозатнома,438,000438,Иҷозатнома барои фаъолият оид ба истеҳсоли воситаҳои дератизатсионӣ,Шахсони воқеӣ ва ҳуқуқӣ,Вазорати тандурустӣ ва ҳифзи иҷтимоии аҳолии Ҷумҳурии Тоҷикистон,Вазорати тандурустӣ ва ҳифзи иҷтимоии аҳолии Ҷумҳурии Тоҷикистон,"Коғазӣ, электронӣ",Музднок
ВАЗОРАТИ ТАНДУРУСТӢ ВА ҲИФЗИ ИҶТИМОИИ АҲОЛИИ ҶУМҲУРИИ ТОҶИКИСТОН,Иҷозатнома,439,000439,Иҷозатнома барои фаъолият оид ба хизматрасонии техникии техникаи тиббӣ,Шахсони воқеӣ ва ҳуқуқӣ,Вазорати тандурустӣ ва ҳифзи иҷтимоии аҳолии Ҷумҳурии Тоҷикистон,Вазорати тандурустӣ ва ҳифзи иҷтимоии аҳолии Ҷумҳурии Тоҷикистон,"Коғазӣ, электронӣ",Музднок
ВАЗОРАТИ ТАНДУРУСТӢ ВА ҲИФЗИ ИҶТИМОИИ АҲОЛИИ ҶУМҲУРИИ ТОҶИКИСТОН,Иҷозатнома,440,000440,Иҷозатнома барои фаъолият оид ба истифодаи ангезандаҳои бемориҳои сирояткунанда,Шахсони воқеӣ ва ҳуқуқӣ,Вазорати тандурустӣ ва ҳифзи иҷтимоии аҳолии Ҷумҳурии Тоҷикистон,Вазорати тандурустӣ ва ҳифзи иҷтимоии аҳолии Ҷумҳурии Тоҷикистон,"Коғазӣ, электронӣ",Музднок
ВАЗОРАТИ ТАНДУРУСТӢ ВА ҲИФЗИ ИҶТИМОИИ АҲОЛИИ ҶУМҲУРИИ ТОҶИКИСТОН,Иҷозатнома,441,000441,Иҷозатнома барои фаъолият оид ба ҷамъоварӣ ва тайёр намудани ашёи хоми дору,Шахсони воқеӣ ва ҳуқуқӣ,Вазорати тандурустӣ ва ҳифзи иҷтимоии аҳолии Ҷумҳурии Тоҷикистон,Вазорати тандурустӣ ва ҳифзи иҷтимоии аҳолии Ҷумҳурии Тоҷикистон,"Коғазӣ, электронӣ",Музднок
ВАЗОРАТИ ТАНДУРУСТӢ ВА ҲИФЗИ ИҶТИМОИИ АҲОЛИИ ҶУМҲУРИИ ТОҶИКИСТОН,Иҷозатнома,442,000442,Иҷозатнома барои фаъолияти хусусии тиббӣ,Шахсони воқеӣ ва ҳуқуқӣ,Вазорати тандурустӣ ва ҳифзи иҷтимоии аҳолии Ҷумҳурии Тоҷикистон,Вазорати тандурустӣ ва ҳифзи иҷтимоии аҳолии Ҷумҳурии Тоҷикистон,"Коғазӣ, электронӣ",Музднок
ВАЗОРАТИ ТАНДУРУСТӢ ВА ҲИФЗИ ИҶТИМОИИ АҲОЛИИ ҶУМҲУРИИ ТОҶИКИСТОН,Иҷозатнома,443,000443,Иҷозатнома барои фаъолият оид ба киштукори растаниҳои нашъадор ба мақсадҳои илмӣ,Шахсони воқеӣ ва ҳуқуқӣ,Вазорати тандурустӣ ва ҳифзи иҷтимоии аҳолии Ҷумҳурии Тоҷикистон,Вазорати тандурустӣ ва ҳифзи иҷтимоии аҳолии Ҷумҳурии Тоҷикистон,"Коғазӣ, электронӣ",Музднок
ВАЗОРАТИ ТАНДУРУСТӢ ВА ҲИФЗИ ИҶТИМОИИ АҲОЛИИ ҶУМҲУРИИ ТОҶИКИСТОН,Иҷозатнома,444,000444,Иҷозатнома барои фаъолият оид ба киштукори растаниҳои нашъадор бо мақсади таҳияи воситаҳои нави нашъадор ва моддаҳои психотропӣ,Шахсони воқеӣ ва ҳуқуқӣ,Вазорати тандурустӣ ва ҳифзи иҷтимоии аҳолии Ҷумҳурии Тоҷикистон,Вазорати тандурустӣ ва ҳифзи иҷтимоии аҳолии Ҷумҳурии Тоҷикистон,"Коғазӣ, электронӣ",Музднок
ВАЗОРАТИ ТАНДУРУСТӢ ВА ҲИФЗИ ИҶТИМОИИ АҲОЛИИ ҶУМҲУРИИ ТОҶИКИСТОН,Иҷозатнома,445,000445,"Иҷозатнома барои фаъолият оид ба муомилоти қонунии воситаҳои нашъадор, моддаҳои психотропӣ ва прекурсорҳо (таҳия, истеҳсол, тайёр кардан, коркард, нигоҳ доштан, интиқол, муросилот, додан, харид, фурўш, тақсимот, соҳиб шудан, истифода, воридот ва содирот)-и дар тиб истифодашаванда",Шахсони воқеӣ ва ҳуқуқӣ,Вазорати тандурустӣ ва ҳифзи иҷтимоии аҳолии Ҷумҳурии Тоҷикистон,Вазорати тандурустӣ ва ҳифзи иҷтимоии аҳолии Ҷумҳурии Тоҷикистон,"Коғазӣ, электронӣ",Музднок
ВАЗОРАТИ ТАНДУРУСТӢ ВА ҲИФЗИ ИҶТИМОИИ АҲОЛИИ ҶУМҲУРИИ ТОҶИКИСТОН,Маълумотнома,446,000446,Маълумотномаи тиббӣ,Шахсони воқеӣ ва ҳуқуқӣ,"Муассисаҳои тиббии беморхонавӣ ва кӯмаки аввалияи тиббию санитарӣ ва шахсони ҳуқуқие, ки мутобиқи қонунгузории Ҷумҳурии Тоҷикистон хизматрасониҳои давлатиро амалӣ менамоянд","Муассисаҳои тиббии беморхонавӣ ва кӯмаки аввалияи тиббию санитарӣ ва шахсони ҳуқуқие, ки мутобиқи қонунгузории Ҷумҳурии Тоҷикистон хизматрасониҳои давлатиро амалӣ менамоянд","Коғазӣ, электронӣ",Музднок
ВАЗОРАТИ ТАНДУРУСТӢ ВА ҲИФЗИ ИҶТИМОИИ АҲОЛИИ ҶУМҲУРИИ ТОҶИКИСТОН,Мувофиқасозӣ,449,000449,Мувофиқакунонии усулҳои нобудсозии пеститсидҳо ва химикатҳои мӯҳлати истифодабариашон гузашта ва иҷозати истифодабарӣ надошта,Шахсони воқеӣ ва ҳуқуқӣ,"Хадамоти назорати давлатии санитарию эпидемологӣ, марказҳои назорати давлатии санитарию эпидемиологии Вилояти Мухтори Кӯҳистони Бадахшон, вилоятҳои Хатлон, Суғд, минтақаи Кӯлоб ва шаҳру ноҳияҳо","Хадамоти назорати давлатии санитарию эпидемологӣ, марказҳои назорати давлатии санитарию эпидемиологии Вилояти Мухтори Кӯҳистони Бадахшон, вилоятҳои Хатлон, Суғд, минтақаи Кӯлоб ва шаҳру ноҳияҳо","Коғазӣ, электронӣ",Музднок
ВАЗОРАТИ ТАНДУРУСТӢ ВА ҲИФЗИ ИҶТИМОИИ АҲОЛИИ ҶУМҲУРИИ ТОҶИКИСТОН,Мувофиқасозӣ,450,000450,Мувофиқакунонии лоиҳаҳои биноҳои қабул ва нигоҳдории пораву партовҳои металлҳои сиёҳ ва ранга (нуқтаҳои қабул) ва таҷҳизоти онҳо,Шахсони воқеӣ ва ҳуқуқӣ,"Хадамоти назорати давлатии санитарию эпидемологӣ, марказҳои назорати давлатии санитарию эпидемиологии Вилояти Мухтори Кӯҳистони Бадахшон, вилоятҳои Хатлон, Суғд, минтақаи Кӯлоб ва шаҳру ноҳияҳо","Хадамоти назорати давлатии санитарию эпидемологӣ, марказҳои назорати давлатии санитарию эпидемиологии Вилояти Мухтори Кӯҳистони Бадахшон, вилоятҳои Хатлон, Суғд, минтақаи Кӯлоб ва шаҳру ноҳияҳо","Коғазӣ, электронӣ",Музднок
ВАЗОРАТИ ТАНДУРУСТӢ ВА ҲИФЗИ ИҶТИМОИИ АҲОЛИИ ҶУМҲУРИИ ТОҶИКИСТОН,Рухсатнома,451,000451,Рухсатнома барои гузаронидани озмоишҳои клиникӣ,Шахсони воқеӣ ва ҳуқуқӣ,"Хадамоти назорати давлатии тандурустӣ ва ҳифзи иҷтимоии аҳолӣ ва сарраёсатҳо ва раёсатҳои Хадамоти назорати давлатии тандурустӣ ва ҳифзи иҷтимоии аҳолӣ дар Хатлон, Суғд, Вилояти Мухтори Кӯҳистони Бадахшон, минтақаи Кӯлоби вилояти Хатлон","Хадамоти назорати давлатии тандурустӣ ва ҳифзи иҷтимоии аҳолӣ ва сарраёсатҳо ва раёсатҳои Хадамоти назорати давлатии тандурустӣ ва ҳифзи иҷтимоии аҳолӣ дар Хатлон, Суғд, Вилояти Мухтори Кӯҳистони Бадахшон, минтақаи Кӯлоби вилояти Хатлон","Коғазӣ, электронӣ",Музднок
ВАЗОРАТИ ТАНДУРУСТӢ ВА ҲИФЗИ ИҶТИМОИИ АҲОЛИИ ҶУМҲУРИИ ТОҶИКИСТОН,Рухсатнома,452,000452,"Рухсатнома барои воридоти дору, молҳои тиббӣ, воситаҳои парафармасевтӣ ва ғизои таъинотӣ",Шахсони воқеӣ ва ҳуқуқӣ,Хадамоти назорати давлатии тандурустӣ ва ҳифзи иҷтимоии аҳолӣ,Хадамоти назорати давлатии тандурустӣ ва ҳифзи иҷтимоии аҳолӣ,"Коғазӣ, электронӣ",Музднок
ВАЗОРАТИ ТАНДУРУСТӢ ВА ҲИФЗИ ИҶТИМОИИ АҲОЛИИ ҶУМҲУРИИ ТОҶИКИСТОН,Рухсатнома,453,000453,"Рухсатнома барои содироти дору, молҳои тиббӣ, воситаҳои парафармасевтӣ ва ғизои таъинотӣ",Шахсони воқеӣ ва ҳуқуқӣ,"Хадамоти назорати давлатии тандурустӣ ва ҳифзи иҷтимоии аҳолӣ ва сарраёсатҳо ва раёсатҳои Хадамоти назорати давлатии тандурустӣ ва ҳифзи иҷтимоии аҳолӣ дар Хатлон, Суғд, Вилояти Мухтори Кӯҳистони Бадахшон, минтақаи Кӯлоби вилояти Хатлон","Хадамоти назорати давлатии тандурустӣ ва ҳифзи иҷтимоии аҳолӣ ва сарраёсатҳо ва раёсатҳои Хадамоти назорати давлатии тандурустӣ ва ҳифзи иҷтимоии аҳолӣ дар Хатлон, Суғд, Вилояти Мухтори Кӯҳистони Бадахшон, минтақаи Кӯлоби вилояти Хатлон","Коғазӣ, электронӣ",Музднок
ВАЗОРАТИ ТАНДУРУСТӢ ВА ҲИФЗИ ИҶТИМОИИ АҲОЛИИ ҶУМҲУРИИ ТОҶИКИСТОН,Сертификат,454,000454,"Сертификати дору, молҳои тиббӣ, воситаҳои парафармасевтӣ ва ғизои таъинотӣ",Шахсони воқеӣ ва ҳуқуқӣ,Корхонаи воҳиди давлатии «Экспертиза ва озмоиши маҳсулоти фармасевтӣ ва тиббӣ»,Корхонаи воҳиди давлатии «Экспертиза ва озмоиши маҳсулоти фармасевтӣ ва тиббӣ»,"Коғазӣ, электронӣ",Музднок
ВАЗОРАТИ ТАНДУРУСТӢ ВА ҲИФЗИ ИҶТИМОИИ АҲОЛИИ ҶУМҲУРИИ ТОҶИКИСТОН,Сертификат,455,000455,Бақайдгирӣ оид ба тайёрии касбии санитарию гигиенӣ,Шахсони воқеӣ ва ҳуқуқӣ,"Хадамоти назорати давлатии санитарию эпидемологӣ, марказҳои назорати давлатии санитарию эпидемиологии Вилояти Мухтори Кӯҳистони Бадахшон, вилоятҳои Хатлон, Суғд, минтақаи Кӯлоб ва шаҳру ноҳияҳо","Хадамоти назорати давлатии санитарию эпидемологӣ, марказҳои назорати давлатии санитарию эпидемиологии Вилояти Мухтори Кӯҳистони Бадахшон, вилоятҳои Хатлон, Суғд, минтақаи Кӯлоб ва шаҳру ноҳияҳо","Коғазӣ, электронӣ",Музднок
ВАЗОРАТИ ТАНДУРУСТӢ ВА ҲИФЗИ ИҶТИМОИИ АҲОЛИИ ҶУМҲУРИИ ТОҶИКИСТОН,Хулоса,457,000457,Хулосаи санитарию эпидемиологӣ барои пешбурди амал ва фаъолият,Шахсони воқеӣ ва ҳуқуқӣ,"Хадамоти назорати давлатии санитарию эпидемологӣ, марказҳои назорати давлатии санитарию эпидемиологии Вилояти Мухтори Кӯҳистони Бадахшон, вилоятҳои Хатлон, Суғд, минтақаи Кӯлоб ва шаҳру ноҳияҳо","Хадамоти назорати давлатии санитарию эпидемологӣ, марказҳои назорати давлатии санитарию эпидемиологии Вилояти Мухтори Кӯҳистони Бадахшон, вилоятҳои Хатлон, Суғд, минтақаи Кӯлоб ва шаҳру ноҳияҳо","Коғазӣ, электронӣ",Музднок
ВАЗОРАТИ ТАНДУРУСТӢ ВА ҲИФЗИ ИҶТИМОИИ АҲОЛИИ ҶУМҲУРИИ ТОҶИКИСТОН,Хулоса,458,000458,Хулосаи санитарию эпидемиологӣ барои маҳсулот,Шахсони воқеӣ ва ҳуқуқӣ,"Хадамоти назорати давлатии санитарию эпидемологӣ, марказҳои назорати давлатии санитарию эпидемиологии Вилояти Мухтори Кӯҳистони Бадахшон, вилоятҳои Хатлон, Суғд, минтақаи Кӯлоб ва шаҳру ноҳияҳо","Хадамоти назорати давлатии санитарию эпидемологӣ, марказҳои назорати давлатии санитарию эпидемиологии Вилояти Мухтори Кӯҳистони Бадахшон, вилоятҳои Хатлон, Суғд, минтақаи Кӯлоб ва шаҳру ноҳияҳо","Коғазӣ, электронӣ",Музднок
ВАЗОРАТИ ТАНДУРУСТӢ ВА ҲИФЗИ ИҶТИМОИИ АҲОЛИИ ҶУМҲУРИИ ТОҶИКИСТОН,Хулоса,459,000459,Хулоса аз натиҷаи озмоишгоҳҳои тиббӣ ва лабораторӣ,Шахсони воқеӣ ва ҳуқуқӣ,Муассисаҳои озмоишиву лабораторӣ,Муассисаҳои озмоишиву лабораторӣ,"Коғазӣ, электронӣ",Музднок
ВАЗОРАТИ ТАНДУРУСТӢ ВА ҲИФЗИ ИҶТИМОИИ АҲОЛИИ ҶУМҲУРИИ ТОҶИКИСТОН,Шаҳодатнома,465,000465,"Шаҳодатномаи санитарӣ барои воситаҳои нақлиёте, ки маҳсулоти хурокворӣ мекашонанд",Шахсони воқеӣ ва ҳуқуқӣ,"Хадамоти назорати давлатии санитарию эпидемологӣ, Маркази вилоятии назорати давлатии санитарию эпидемиологии Вилояти Мухтори Кӯҳистони Бадахшон, вилоятҳои Хатлон, Суғд, минтақаи Кӯлоб ва шаҳру ноҳияҳо","Хадамоти назорати давлатии санитарию эпидемологӣ, Маркази вилоятии назорати давлатии санитарию эпидемиологии Вилояти Мухтори Кӯҳистони Бадахшон, вилоятҳои Хатлон, Суғд, минтақаи Кӯлоб ва шаҳру ноҳияҳо","Коғазӣ, электронӣ",Музднок
ВАЗОРАТИ ТАНДУРУСТӢ ВА ҲИФЗИ ИҶТИМОИИ АҲОЛИИ ҶУМҲУРИИ ТОҶИКИСТОН,Шаҳодатнома,466,000466,Шаҳодатномаи аккредитатсияи муассисаҳои фармасевтӣ ва намояндагони тиббӣ,Шахсони воқеӣ ва ҳуқуқӣ,"Хадамоти назорати давлатии тандурустӣ ва ҳифзи иҷтимоии аҳолӣ ва сарраёсатҳо ва раёсатҳои Хадамоти назорати давлатии тандурустӣ ва ҳифзи иҷтимоии аҳолӣ дар Хатлон, Суғд, Вилояти Мухтори Кӯҳистони Бадахшон, минтақаи Кӯлоби вилояти Хатлон","Хадамоти назорати давлатии тандурустӣ ва ҳифзи иҷтимоии аҳолӣ ва сарраёсатҳо ва раёсатҳои Хадамоти назорати давлатии тандурустӣ ва ҳифзи иҷтимоии аҳолӣ дар Хатлон, Суғд, Вилояти Мухтори Кӯҳистони Бадахшон, минтақаи Кӯлоби вилояти Хатлон","Коғазӣ, электронӣ",Музднок
ВАЗОРАТИ ТАНДУРУСТӢ ВА ҲИФЗИ ИҶТИМОИИ АҲОЛИИ ҶУМҲУРИИ ТОҶИКИСТОН,Шаҳодатнома,467,000467,"Шаҳодатномаи ворид гардидан ба Феҳристи муассисаҳои системаи давлатии тандурустӣ, ки хизматрасониҳои тиббию санитариро анҷом медиҳанд",Шахсони воқеӣ ва ҳуқуқӣ,Вазорати тандурустӣ ва ҳифзи иҷтимоии аҳолии Ҷумҳурии Тоҷикистон,Вазорати тандурустӣ ва ҳифзи иҷтимоии аҳолии Ҷумҳурии Тоҷикистон,"Коғазӣ, электронӣ",Музднок
ВАЗОРАТИ ТАНДУРУСТӢ ВА ҲИФЗИ ИҶТИМОИИ АҲОЛИИ ҶУМҲУРИИ ТОҶИКИСТОН,Шаҳодатнома,468,000468,"Шаҳодатномаи воридоти маводи нашъадор, моддаҳои психотропӣ ва прекурсорҳои дар соҳаи тиб истифодашаванда",Шахсони воқеӣ ва ҳуқуқӣ,Хадамоти назорати давлатии тандурустӣ ва ҳифзи иҷтимоии аҳолӣ,Хадамоти назорати давлатии тандурустӣ ва ҳифзи иҷтимоии аҳолӣ,"Коғазӣ, электронӣ",Музднок
ВАЗОРАТИ ТАНДУРУСТӢ ВА ҲИФЗИ ИҶТИМОИИ АҲОЛИИ ҶУМҲУРИИ ТОҶИКИСТОН,Шаҳодатнома,469,000469,"Шаҳодатномаи барои содироти маводи нашъадор, моддаҳои психотропӣ ва прекурсорҳои дар соҳаи тиб истифодашаванда",Шахсони воқеӣ ва ҳуқуқӣ,Хадамоти назорати давлатии тандурустӣ ва ҳифзи иҷтимоии аҳолӣ,Хадамоти назорати давлатии тандурустӣ ва ҳифзи иҷтимоии аҳолӣ,"Коғазӣ, электронӣ",Музднок
ВАЗОРАТИ ТАНДУРУСТӢ ВА ҲИФЗИ ИҶТИМОИИ АҲОЛИИ ҶУМҲУРИИ ТОҶИКИСТОН,Шаҳодатнома,470,000470,Шаҳодатномаи аккредитатсияи муассисаҳои тандурустӣ,Шахсони воқеӣ ва ҳуқуқӣ,Вазорати тандурустӣ ва ҳифзи иҷтимоии аҳолии Ҷумҳурии Тоҷикистон,Вазорати тандурустӣ ва ҳифзи иҷтимоии аҳолии Ҷумҳурии Тоҷикистон,"Коғазӣ, электронӣ",Музднок
ВАЗОРАТИ ФАРҲАНГИ ҶУМҲУРИИ ТОҶИКИСТОН,Розигӣ,471,000471,"Розигӣ барои фурӯши сарватҳои таърихию фарҳангӣ, ки берун баровардани онҳо манъ аст",Шахсони воқеӣ ва ҳуқуқӣ,Вазорати фарҳанги Ҷумҳурии Тоҷикистон,Вазорати фарҳанги Ҷумҳурии Тоҷикистон,"Коғазӣ, электронӣ",Музднок
ВАЗОРАТИ ФАРҲАНГИ ҶУМҲУРИИ ТОҶИКИСТОН,Хулоса,472,000472,Хулоса аз натиҷаи экспертизаи давлатии сарватҳои таърихию фарҳангӣ,Шахсони воқеӣ ва ҳуқуқӣ,Вазорати фарҳанги Ҷумҳурии Тоҷикистон,Вазорати фарҳанги Ҷумҳурии Тоҷикистон,"Коғазӣ, электронӣ",Музднок
ВАЗОРАТИ ЭНЕРГЕТИКА ВА ЗАХИРАҲОИ ОБИ ҶУМҲУРИИ ТОҶИКИСТОН,Шарти техникӣ,484,000484,Шартҳои техникӣ оиди пайвастшавӣ ба шабакаҳои гармидиҳӣ,Шахсони воқеӣ ва ҳуқуқӣ,Маркази барқу гармидиҳии шаҳру ноҳияҳо,Маркази барқу гармидиҳии шаҳру ноҳияҳо,"Коғазӣ, электронӣ",Музднок
ВАЗОРАТИ ЭНЕРГЕТИКА ВА ЗАХИРАҲОИ ОБИ ҶУМҲУРИИ ТОҶИКИСТОН,Шарти техникӣ,485,000485,Шарти техникӣ барои пайваст шудан ба хатҳои барқӣ,Шахсони воқеӣ ва ҳуқуқӣ,Ҷамъиятҳои саҳомии кушодаи «Шабакаҳои тақсимоти барқ» ва «Шабакаҳои интиқоли барқ» ва филиалҳои онҳо дар шаҳру ноҳияҳо,Ҷамъиятҳои саҳомии кушодаи «Шабакаҳои тақсимоти барқ» ва «Шабакаҳои интиқоли барқ» ва филиалҳои онҳо дар шаҳру ноҳияҳо,"Коғазӣ, электронӣ",Музднок
ВАЗОРАТИ ЭНЕРГЕТИКА ВА ЗАХИРАҲОИ ОБИ ҶУМҲУРИИ ТОҶИКИСТОН,Шартнома,486,000486,Шартнома оид ба гармидиҳӣ,Шахсони воқеӣ ва ҳуқуқӣ,Корхонаву муассисаҳои давлатии гармидиҳии шаҳру ноҳияҳо,Корхонаву муассисаҳои давлатии гармидиҳии шаҳру ноҳияҳо,"Коғазӣ, электронӣ",Музднок
ВАЗОРАТИ ЭНЕРГЕТИКА ВА ЗАХИРАҲОИ ОБИ ҶУМҲУРИИ ТОҶИКИСТОН,Шартнома,487,000487,Шартнома оид ба таъминоти барқ,Шахсони воқеӣ ва ҳуқуқӣ,Филиалҳои Ҷамъияти саҳомии кушодаи «Шабакаҳои тақсимоти барқ» дар шаҳру ноҳияҳо,Филиалҳои Ҷамъияти саҳомии кушодаи «Шабакаҳои тақсимоти барқ» дар шаҳру ноҳияҳо,"Коғазӣ, электронӣ",Музднок
ВАЗОРАТИ ЭНЕРГЕТИКА ВА ЗАХИРАҲОИ ОБИ ҶУМҲУРИИ ТОҶИКИСТОН,Шартнома,488,000488,Шартнома оид ба таъминоти газ,Шахсони воқеӣ ва ҳуқуқӣ,Филиал ва намояндагиҳои Ҷамъияти саҳомии кушодаи «Тоҷиктрансгаз» дар шаҳру ноҳияҳо,Филиал ва намояндагиҳои Ҷамъияти саҳомии кушодаи «Тоҷиктрансгаз» дар шаҳру ноҳияҳо,"Коғазӣ, электронӣ",Музднок
КУМИТАИ ДАВЛАТИИ АМНИЯТИ МИЛЛИИ ҶУМҲУРИИ ТОҶИКИСТОН,,489,000489,Мувофиқасозии воридоти ҳавопаймоии бесарнишини гражданӣ,Шахсони воқеӣ ва ҳуқуқӣ,Кумитаи давлатии амнияти миллии Ҷумҳурии Тоҷикистон,Кумитаи давлатии амнияти миллии Ҷумҳурии Тоҷикистон,"Коғазӣ, электронӣ",Ройгон
КУМИТАИ ДАВЛАТИИ ИДОРАИ ЗАМИН ВА ГЕОДЕЗИИ ҶУМҲУРИИ ТОҶИКИСТОН,Иқтибос,490,000490,Иқтибос аз варақаи бақайдгирӣ барои тасдиқи нотариалии аҳдҳо,Шахсони воқеӣ ва ҳуқуқӣ,Корхонаҳои давлатии фаръии «Бақайдгирии молу мулки ғайриманқул» дар шаҳру ноҳияҳо,Корхонаҳои давлатии фаръии «Бақайдгирии молу мулки ғайриманқул» дар шаҳру ноҳияҳо,"Коғазӣ, электронӣ",Музднок
КУМИТАИ ДАВЛАТИИ ИДОРАИ ЗАМИН ВА ГЕОДЕЗИИ ҶУМҲУРИИ ТОҶИКИСТОН,Иҷозатнома,491,000491,Иҷозатнома оид ба фаъолияти геодезӣ,Шахсони воқеӣ ва ҳуқуқӣ,Кумитаи давлатии идораи замин ва геодезии Ҷумҳурии Тоҷикистон,Кумитаи давлатии идораи замин ва геодезии Ҷумҳурии Тоҷикистон,"Коғазӣ, электронӣ",Музднок
КУМИТАИ ДАВЛАТИИ ИДОРАИ ЗАМИН ВА ГЕОДЕЗИИ ҶУМҲУРИИ ТОҶИКИСТОН,Иҷозатнома,492,000492,Иҷозатнома оид ба фаъолияти харитасозӣ,Шахсони воқеӣ ва ҳуқуқӣ,Кумитаи давлатии идораи замин ва геодезии Ҷумҳурии Тоҷикистон,Кумитаи давлатии идораи замин ва геодезии Ҷумҳурии Тоҷикистон,"Коғазӣ, электронӣ",Музднок
КУМИТАИ ДАВЛАТИИ ИДОРАИ ЗАМИН ВА ГЕОДЕЗИИ ҶУМҲУРИИ ТОҶИКИСТОН,Иҷозат,493,000493,Иҷозат барои истифодабарии системаҳои моҳворавии мавқеъмуайянкунӣ (GPS),Шахсони воқеӣ ва ҳуқуқӣ,Кумитаи давлатии идораи замин ва геодезии Ҷумҳурии Тоҷикистон,Кумитаи давлатии идораи замин ва геодезии Ҷумҳурии Тоҷикистон,"Коғазӣ, электронӣ",Музднок
КУМИТАИ ДАВЛАТИИ ИДОРАИ ЗАМИН ВА ГЕОДЕЗИИ ҶУМҲУРИИ ТОҶИКИСТОН,Иҷозат,494,000494,"Иҷозат барои вайрон кардан, барқарор кардан ва кўчонидани аломатҳои марзӣ",Шахсони воқеӣ ва ҳуқуқӣ,Кумитаи давлатии идораи замин ва геодезии Ҷумҳурии Тоҷикистон,Кумитаи давлатии идораи замин ва геодезии Ҷумҳурии Тоҷикистон,"Коғазӣ, электронӣ",Музднок
КУМИТАИ ДАВЛАТИИ ИДОРАИ ЗАМИН ВА ГЕОДЕЗИИ ҶУМҲУРИИ ТОҶИКИСТОН,Иҷозат,495,000495,"Иҷозат барои вайрон кардан, барқарор кардан ва кўчонидани марзҳои нуқтаҳои геодезӣ",Шахсони воқеӣ ва ҳуқуқӣ,Кумитаи давлатии идораи замин ва геодезии Ҷумҳурии Тоҷикистон,Кумитаи давлатии идораи замин ва геодезии Ҷумҳурии Тоҷикистон,"Коғазӣ, электронӣ",Музднок
КУМИТАИ ДАВЛАТИИ ИДОРАИ ЗАМИН ВА ГЕОДЕЗИИ ҶУМҲУРИИ ТОҶИКИСТОН,Маълумотнома (иттилоот),497,000497,Иттилоот оид ба молу мулки ғайриманқули соҳибҳуқуқи фавтида,Шахсони воқеӣ ва ҳуқуқӣ,Корхонаҳои давлатии фаръии «Бақайдгирии молу мулки ғайриманқул» дар шаҳру ноҳияҳо,Корхонаҳои давлатии фаръии «Бақайдгирии молу мулки ғайриманқул» дар шаҳру ноҳияҳо,"Коғазӣ, электронӣ",Музднок
КУМИТАИ ДАВЛАТИИ ИДОРАИ ЗАМИН ВА ГЕОДЕЗИИ ҶУМҲУРИИ ТОҶИКИСТОН,Маълумотнома (иттилоот),498,000498,Иттилоот оид ба ҳуқуқ ба объекти молу мулки ғайриманқули ба шахсони алоҳида тааллуқдошта,Шахсони воқеӣ ва ҳуқуқӣ,Корхонаҳои давлатии фаръии «Бақайдгирии молу мулки ғайриманқул» дар шаҳру ноҳияҳо,Корхонаҳои давлатии фаръии «Бақайдгирии молу мулки ғайриманқул» дар шаҳру ноҳияҳо,"Коғазӣ, электронӣ",Музднок
КУМИТАИ ДАВЛАТИИ ИДОРАИ ЗАМИН ВА ГЕОДЕЗИИ ҶУМҲУРИИ ТОҶИКИСТОН,Маълумотнома (иттилоот),499,000499,Иттилоот (нусхаи тасдиқкардашудаи ҳуҷҷатҳо) аз феҳристи ягонаи давлатии бақайдгирии молу мулки ғайриманқул ва ҳуқуқҳо ба он,Шахсони воқеӣ ва ҳуқуқӣ,Корхонаҳои давлатии фаръии «Бақайдгирии молу мулки ғайриманқул» дар шаҳру ноҳияҳо,Корхонаҳои давлатии фаръии «Бақайдгирии молу мулки ғайриманқул» дар шаҳру ноҳияҳо,"Коғазӣ, электронӣ",Музднок
КУМИТАИ ДАВЛАТИИ ИДОРАИ ЗАМИН ВА ГЕОДЕЗИИ ҶУМҲУРИИ ТОҶИКИСТОН,Маълумотнома (иттилоот),500,000500,Иттилоот оид ба харитаи кадастрӣ,Шахсони воқеӣ ва ҳуқуқӣ,Корхонаҳои давлатии фаръии «Бақайдгирии молу мулки ғайриманқул» дар шаҳру ноҳияҳо,Корхонаҳои давлатии фаръии «Бақайдгирии молу мулки ғайриманқул» дар шаҳру ноҳияҳо,"Коғазӣ, электронӣ",Музднок
КУМИТАИ ДАВЛАТИИ ИДОРАИ ЗАМИН ВА ГЕОДЕЗИИ ҶУМҲУРИИ ТОҶИКИСТОН,Маълумотнома (иттилоот),501,000501,Маълумот (машваратҳо)-и ҳуқуқӣ оид ба анҷомдиҳии амалиёти бақайдгирӣ,Шахсони воқеӣ ва ҳуқуқӣ,Корхонаи воҳиди давлатии «Бақайдгирии молу мулки ғайриманқул» ва корхонаҳои давлатии фаръии «Бақайдгирии молу мулки ғайриманқул» дар шаҳру ноҳияҳо,Корхонаи воҳиди давлатии «Бақайдгирии молу мулки ғайриманқул» ва корхонаҳои давлатии фаръии «Бақайдгирии молу мулки ғайриманқул» дар шаҳру ноҳияҳо,"Коғазӣ, электронӣ",Музднок
КУМИТАИ ДАВЛАТИИ ИДОРАИ ЗАМИН ВА ГЕОДЕЗИИ ҶУМҲУРИИ ТОҶИКИСТОН,Маълумотнома (иттилоот),502,000502,Иттилоот оид ба таърихи объекти молу мулки ғайриманқул ва ҳуқуқҳо ба он,Шахсони воқеӣ ва ҳуқуқӣ,Корхонаҳои давлатии фаръии «Бақайдгирии молу мулки ғайриманқул» дар шаҳру ноҳияҳо,Корхонаҳои давлатии фаръии «Бақайдгирии молу мулки ғайриманқул» дар шаҳру ноҳияҳо,"Коғазӣ, электронӣ",Музднок
КУМИТАИ ДАВЛАТИИ ИДОРАИ ЗАМИН ВА ГЕОДЕЗИИ ҶУМҲУРИИ ТОҶИКИСТОН,Парванда,503,000503,"Парвандаҳои заминсозӣ оид ба додан, гирифтан ва вобаста намудани қитъаҳои замин барои эҳтиёҷоти кишоварзӣ ва ғайрикишоварзӣ",Шахсони воқеӣ ва ҳуқуқӣ,Корхонаи воҳиди давлатии «Бақайдгирии молу мулки ғайриманқул» ва корхонаҳои давлатии фаръии «Бақайдгирии молу мулки ғайриманқул» дар шаҳру ноҳияҳо,Корхонаи воҳиди давлатии «Бақайдгирии молу мулки ғайриманқул» ва корхонаҳои давлатии фаръии «Бақайдгирии молу мулки ғайриманқул» дар шаҳру ноҳияҳо,"Коғазӣ, электронӣ",Музднок
КУМИТАИ ДАВЛАТИИ ИДОРАИ ЗАМИН ВА ГЕОДЕЗИИ ҶУМҲУРИИ ТОҶИКИСТОН,Шаҳодатнома,504,000504,Шаҳодатнома дар бораи бақайдгирии давлатии объектҳои махсус,Шахсони воқеӣ ва ҳуқуқӣ,Корхонаҳои давлатии фаръии «Бақайдгирии молу мулки ғайриманқул» дар шаҳру ноҳияҳо,Корхонаҳои давлатии фаръии «Бақайдгирии молу мулки ғайриманқул» дар шаҳру ноҳияҳо,"Коғазӣ, электронӣ",Музднок
КУМИТАИ ДАВЛАТИИ ИДОРАИ ЗАМИН ВА ГЕОДЕЗИИ ҶУМҲУРИИ ТОҶИКИСТОН,Шаҳодатнома,505,000505,Шаҳодатнома дар бораи бақайдгирии давлатии ҳуқуқи истифодаи муҳлатноки қитъаи замин,Шахсони воқеӣ ва ҳуқуқӣ,Корхонаҳои давлатии фаръии «Бақайдгирии молу мулки ғайриманқул» дар шаҳру ноҳияҳо,Корхонаҳои давлатии фаръии «Бақайдгирии молу мулки ғайриманқул» дар шаҳру ноҳияҳо,"Коғазӣ, электронӣ",Музднок
КУМИТАИ ДАВЛАТИИ ИДОРАИ ЗАМИН ВА ГЕОДЕЗИИ ҶУМҲУРИИ ТОҶИКИСТОН,Шаҳодатнома,506,000506,Шаҳодатнома дар бораи бақайдгирии давлатии ҳуқуқи истифодабарии якумраи меросии қитъаи замин,Шахсони воқеӣ ва ҳуқуқӣ,Корхонаҳои давлатии фаръии «Бақайдгирии молу мулки ғайриманқул» дар шаҳру ноҳияҳо,Корхонаҳои давлатии фаръии «Бақайдгирии молу мулки ғайриманқул» дар шаҳру ноҳияҳо,"Коғазӣ, электронӣ",Музднок
КУМИТАИ ДАВЛАТИИ ИДОРАИ ЗАМИН ВА ГЕОДЕЗИИ ҶУМҲУРИИ ТОҶИКИСТОН,Шаҳодатнома,507,000507,Шаҳодатнома дар бораи бақайдгирии давлатии ҳуқуқи истифодабарии бемуҳлати қитъаи замин,Шахсони воқеӣ ва ҳуқуқӣ,Корхонаҳои давлатии фаръии «Бақайдгирии молу мулки ғайриманқул» дар шаҳру ноҳияҳо,Корхонаҳои давлатии фаръии «Бақайдгирии молу мулки ғайриманқул» дар шаҳру ноҳияҳо,"Коғазӣ, электронӣ",Музднок
КУМИТАИ ДАВЛАТИИ ИДОРАИ ЗАМИН ВА ГЕОДЕЗИИ ҶУМҲУРИИ ТОҶИКИСТОН,Шаҳодатнома,508,000508,"Шаҳодатнома дар бораи бақайдгирии давлатии бинои истиқоматӣ, ғайриистиқоматӣ, бинои ҷудогона, иншоот ва обектҳои сохтмонашон нотамом",Шахсони воқеӣ ва ҳуқуқӣ,Корхонаҳои давлатии фаръии «Бақайдгирии молу мулки ғайриманқул» дар шаҳру ноҳияҳо,Корхонаҳои давлатии фаръии «Бақайдгирии молу мулки ғайриманқул» дар шаҳру ноҳияҳо,"Коғазӣ, электронӣ",Музднок
КУМИТАИ ДАВЛАТИИ ИДОРАИ ЗАМИН ВА ГЕОДЕЗИИ ҶУМҲУРИИ ТОҶИКИСТОН,Шаҳодатнома,509,000509,Шаҳодатнома дар бораи бақайдгирии давлатии ниҳолҳои бисёрсола,Шахсони воқеӣ ва ҳуқуқӣ,Корхонаҳои давлатии фаръии «Бақайдгирии молу мулки ғайриманқул» дар шаҳру ноҳияҳо,Корхонаҳои давлатии фаръии «Бақайдгирии молу мулки ғайриманқул» дар шаҳру ноҳияҳо,"Коғазӣ, электронӣ",Музднок
КУМИТАИ ДАВЛАТИИ ИДОРАИ ЗАМИН ВА ГЕОДЕЗИИ ҶУМҲУРИИ ТОҶИКИСТОН,Шаҳодатнома,510,000510,Шаҳодатнома дар бораи бақайдгирии давлатии иҷора ва иҷораи фаръии қитъаи замин,Шахсони воқеӣ ва ҳуқуқӣ,Корхонаҳои давлатии фаръии «Бақайдгирии молу мулки ғайриманқул» дар шаҳру ноҳияҳо,Корхонаҳои давлатии фаръии «Бақайдгирии молу мулки ғайриманқул» дар шаҳру ноҳияҳо,"Коғазӣ, электронӣ",Музднок
КУМИТАИ ДАВЛАТИИ ИДОРАИ ЗАМИН ВА ГЕОДЕЗИИ ҶУМҲУРИИ ТОҶИКИСТОН,Шаҳодатнома,511,000511,Шаҳодатнома дар бораи бақайдгирии давлатии пешбурди хоҷагидорӣ,Шахсони воқеӣ ва ҳуқуқӣ,Корхонаҳои давлатии фаръии «Бақайдгирии молу мулки ғайриманқул» дар шаҳру ноҳияҳо,Корхонаҳои давлатии фаръии «Бақайдгирии молу мулки ғайриманқул» дар шаҳру ноҳияҳо,"Коғазӣ, электронӣ",Музднок
КУМИТАИ ДАВЛАТИИ ИДОРАИ ЗАМИН ВА ГЕОДЕЗИИ ҶУМҲУРИИ ТОҶИКИСТОН,Шаҳодатнома,512,000512,Шаҳодатнома дар бораи бақайдгирии давлатии ҳабси молу мулки ғайриманқул,Шахсони воқеӣ ва ҳуқуқӣ,Корхонаҳои давлатии фаръии «Бақайдгирии молу мулки ғайриманқул» дар шаҳру ноҳияҳо,Корхонаҳои давлатии фаръии «Бақайдгирии молу мулки ғайриманқул» дар шаҳру ноҳияҳо,"Коғазӣ, электронӣ",Музднок
КУМИТАИ ДАВЛАТИИ ИДОРАИ ЗАМИН ВА ГЕОДЕЗИИ ҶУМҲУРИИ ТОҶИКИСТОН,Шаҳодатнома,513,000513,Шаҳодатнома дар бораи бақайдгирии давлатии шартномаҳои гарави молу мулки ғайриманқул (ипотека),Шахсони воқеӣ ва ҳуқуқӣ,Корхонаҳои давлатии фаръии «Бақайдгирии молу мулки ғайриманқул» дар шаҳру ноҳияҳо,Корхонаҳои давлатии фаръии «Бақайдгирии молу мулки ғайриманқул» дар шаҳру ноҳияҳо,"Коғазӣ, электронӣ",Музднок
КУМИТАИ ДАВЛАТИИ ИДОРАИ ЗАМИН ВА ГЕОДЕЗИИ ҶУМҲУРИИ ТОҶИКИСТОН,Шаҳодатнома,514,000514,Шаҳодатнома дар бораи бақайдгирии давлатии маҳдудиятҳо (гарониҳо) нисбат ба молу мулки ғайриманқул дар натиҷаи эътирофи он ҳамчун объекти меъроси таърихию фарҳангӣ,Шахсони воқеӣ ва ҳуқуқӣ,Корхонаҳои давлатии фаръии «Бақайдгирии молу мулки ғайриманқул» дар шаҳру ноҳияҳо,Корхонаҳои давлатии фаръии «Бақайдгирии молу мулки ғайриманқул» дар шаҳру ноҳияҳо,"Коғазӣ, электронӣ",Музднок
КУМИТАИ ДАВЛАТИИ ИДОРАИ ЗАМИН ВА ГЕОДЕЗИИ ҶУМҲУРИИ ТОҶИКИСТОН,Шаҳодатнома,515,000515,Шаҳодатнома дар бораи бақайдгирии давлатии сервитут,Шахсони воқеӣ ва ҳуқуқӣ,Корхонаҳои давлатии фаръии «Бақайдгирии молу мулки ғайриманқул» дар шаҳру ноҳияҳо,Корхонаҳои давлатии фаръии «Бақайдгирии молу мулки ғайриманқул» дар шаҳру ноҳияҳо,"Коғазӣ, электронӣ",Музднок
КУМИТАИ ДАВЛАТИИ ИДОРАИ ЗАМИН ВА ГЕОДЕЗИИ ҶУМҲУРИИ ТОҶИКИСТОН,Шаҳодатнома,516,000516,Шаҳодатнома дар бораи бақайдгирии давлатии идоракунии оперативӣ,Шахсони воқеӣ ва ҳуқуқӣ,Корхонаҳои давлатии фаръии «Бақайдгирии молу мулки ғайриманқул» дар шаҳру ноҳияҳо,Корхонаҳои давлатии фаръии «Бақайдгирии молу мулки ғайриманқул» дар шаҳру ноҳияҳо,"Коғазӣ, электронӣ",Музднок
КУМИТАИ ДАВЛАТИИ ИДОРАИ ЗАМИН ВА ГЕОДЕЗИИ ҶУМҲУРИИ ТОҶИКИСТОН,Шаҳодатнома,517,000517,Шаҳодатнома дар бораи бақайдгирии давлатии идораи ба боварӣ асосёфтаи молу мулки ғайриманқул,Шахсони воқеӣ ва ҳуқуқӣ,Корхонаҳои давлатии фаръии «Бақайдгирии молу мулки ғайриманқул» дар шаҳру ноҳияҳо,Корхонаҳои давлатии фаръии «Бақайдгирии молу мулки ғайриманқул» дар шаҳру ноҳияҳо,"Коғазӣ, электронӣ",Музднок
КУМИТАИ ДАВЛАТИИ ИДОРАИ ЗАМИН ВА ГЕОДЕЗИИ ҶУМҲУРИИ ТОҶИКИСТОН,Шаҳодатнома,518,000518,"Шаҳодатнома дар бораи бақайдгирии давлатии маҳдудиятҳо (гарониҳо) нисбати молу мулки ғайриманқул дар натиҷаи хизматрасонии хати барқгузар, қубурхатҳо ва дигар иншооти муҳандисӣ",Шахсони воқеӣ ва ҳуқуқӣ,Корхонаҳои давлатии фаръии «Бақайдгирии молу мулки ғайриманқул» дар шаҳру ноҳияҳо,Корхонаҳои давлатии фаръии «Бақайдгирии молу мулки ғайриманқул» дар шаҳру ноҳияҳо,"Коғазӣ, электронӣ",Музднок
КУМИТАИ ДАВЛАТИИ ИДОРАИ ЗАМИН ВА ГЕОДЕЗИИ ҶУМҲУРИИ ТОҶИКИСТОН,Шаҳодатнома,519,000519,"Шаҳодатнома дар бораи бақайдгирии давлатии такроран додани ҳуҷҷати тасдиқкунандаи бақайдгирии давлатии ташкилёбӣ, тағирёбӣ, пайдоиш, гузаштан, қатъи ҳуқуқ ва маҳдудиятҳои (гаронии) ҳуқуқ ба молу мулки ғайриманқул",Шахсони воқеӣ ва ҳуқуқӣ,Корхонаҳои давлатии фаръии «Бақайдгирии молу мулки ғайриманқул» дар шаҳру ноҳияҳо,Корхонаҳои давлатии фаръии «Бақайдгирии молу мулки ғайриманқул» дар шаҳру ноҳияҳо,"Коғазӣ, электронӣ",Музднок
КУМИТАИ ДАВЛАТИИ ИДОРАИ ЗАМИН ВА ГЕОДЕЗИИ ҶУМҲУРИИ ТОҶИКИСТОН,Шиноснома,520,000520,Шиносномаи техникӣ барои молу мулки ғайриманқул,Шахсони воқеӣ ва ҳуқуқӣ,Корхонаҳои давлатии фаръии «Бақайдгирии молу мулки ғайриманқул» дар шаҳру ноҳияҳо,Корхонаҳои давлатии фаръии «Бақайдгирии молу мулки ғайриманқул» дар шаҳру ноҳияҳо,"Коғазӣ, электронӣ",Музднок
КУМИТАИ ДАВЛАТИИ САРМОЯГУЗОРӢ ВА ИДОРАИ АМВОЛИ ДАВЛАТИИ ҶУМҲУРИИ ТОҶИКИСТОН,Иҷозатнома,521,000521,Иҷозатнома барои фаъолияти баҳодиҳиӣ,Шахсони воқеӣ ва ҳуқуқӣ,Кумитаи давлатии сармоягузорӣ ва идораи амволи давлатии Ҷумҳурии Тоҷикистон,Кумитаи давлатии сармоягузорӣ ва идораи амволи давлатии Ҷумҳурии Тоҷикистон,"Коғазӣ, электронӣ",Музднок
КУМИТАИ ДАВЛАТИИ САРМОЯГУЗОРӢ ВА ИДОРАИ АМВОЛИ ДАВЛАТИИ ҶУМҲУРИИ ТОҶИКИСТОН,Розигӣ,522,000522,Розигӣ барои хусусигардонии фонди манзили мансуб ба моликияти ҷумҳуриявӣ,Шахсони воқеӣ ва ҳуқуқӣ,Кумитаи давлатии сармоягузорӣ ва идораи амволи давлатии Ҷумҳурии Тоҷикистон,Кумитаи давлатии сармоягузорӣ ва идораи амволи давлатии Ҷумҳурии Тоҷикистон,"Коғазӣ, электронӣ",Ройгон
КУМИТАИ ДАВЛАТИИ САРМОЯГУЗОРӢ ВА ИДОРАИ АМВОЛИ ДАВЛАТИИ ҶУМҲУРИИ ТОҶИКИСТОН,Қарор,523,000523,Қарор дар бораи додани иҷораи моликияти ҷумҳуриявӣ,Шахсони воқеӣ ва ҳуқуқӣ,Кумитаи давлатии сармоягузорӣ ва идораи амволи давлатии Ҷумҳурии Тоҷикистон,Кумитаи давлатии сармоягузорӣ ва идораи амволи давлатии Ҷумҳурии Тоҷикистон,"Коғазӣ, электронӣ",Музднок
КУМИТАИ ДАВЛАТИИ САРМОЯГУЗОРӢ ВА ИДОРАИ АМВОЛИ ДАВЛАТИИ ҶУМҲУРИИ ТОҶИКИСТОН,Ҳисобот,524,000524,Ҳисобот оид ба баҳодиҳии объекти баҳодиҳӣ,Шахсони воқеӣ ва ҳуқуқӣ,Корхонаи воҳиди давлатӣ оид ба нархгузорӣ,Корхонаи воҳиди давлатӣ оид ба нархгузорӣ,"Коғазӣ, электронӣ",Музднок
КУМИТАИ АНДОЗИ НАЗДИ ҲУКУМАТИ ҶУМҲУРИИ ТОҶИКИСТОН,Маълумот,532,000532,Маълумот аз Феҳристи ягонаи давлатӣ,Шахсони воқеӣ ва ҳуқуқӣ,Бахшҳои бақайдгирии давлатии шахсони ҳуқуқӣ ва соҳибкорони инфиродӣ дар шаҳру ноҳияҳо,Бахшҳои бақайдгирии давлатии шахсони ҳуқуқӣ ва соҳибкорони инфиродӣ дар шаҳру ноҳияҳо,"Коғазӣ, электронӣ",Ройгон
КУМИТАИ АНДОЗИ НАЗДИ ҲУКУМАТИ ҶУМҲУРИИ ТОҶИКИСТОН,Маълумот,533,000533,Маълумотнома оид ба қабул намудани эъломияҳо (ҳисоботҳо)-и андоз аз андозсупоранда ва дохил намудани маълумот ба барномаи системаи иттилоотии андоз,Шахсони воқеӣ ва ҳуқуқӣ,Нозиротҳои андоз дар шаҳрҳо ва ноҳияҳо,Нозиротҳои андоз дар шаҳрҳо ва ноҳияҳо,Электронӣ,Ройгон
КУМИТАИ АНДОЗИ НАЗДИ ҲУКУМАТИ ҶУМҲУРИИ ТОҶИКИСТОН,Маълумот,535,000535,Маълумотнома ба андозсупоранда дар бораи мавҷуд набудани қарзҳои андоз,Шахсони воқеӣ ва ҳуқуқӣ,Нозиротҳои андоз дар шаҳрҳо ва ноҳияҳо,Нозиротҳои андоз дар шаҳрҳо ва ноҳияҳо,"Коғазӣ, электронӣ",Ройгон
КУМИТАИ АНДОЗИ НАЗДИ ҲУКУМАТИ ҶУМҲУРИИ ТОҶИКИСТОН,Маълумот,539,000539,Маълумотнома дар бораи бекор кардани рамзҳои сабабҳои баҳисобгирӣ,Шахсони воқеӣ ва ҳуқуқӣ,Бахшҳои бақайдгирии давлатии шахсони ҳуқуқӣ ва соҳибкорони инфиродӣ дар шаҳру ноҳияҳо,Бахшҳои бақайдгирии давлатии шахсони ҳуқуқӣ ва соҳибкорони инфиродӣ дар шаҳру ноҳияҳо,"Коғазӣ, электронӣ",Ройгон
КУМИТАИ АНДОЗИ НАЗДИ ҲУКУМАТИ ҶУМҲУРИИ ТОҶИКИСТОН,Огоҳинома,540,000540,Огоҳонидани андозсупоранда (SMS-ҳо) оид ба пардохти маблағҳои ҳисобшудаи андозҳо (бақияи қарзи андозҳо),Шахсони воқеӣ ва ҳуқуқӣ,Корхонаи воҳиди давлатии «Маркази баромасозии маъмурикунонии андоз»,Корхонаи воҳиди давлатии «Маркази баромасозии маъмурикунонии андоз»,Электронӣ,Ройгон
КУМИТАИ АНДОЗИ НАЗДИ ҲУКУМАТИ ҶУМҲУРИИ ТОҶИКИСТОН,Огоҳинома,541,000541,Огоҳинома оид ба пардохти маблағҳои ҳисобшудаи андозҳо аз молу мулки ғайриманқули шахсони воқеӣ,Шахсони воқеӣ ва ҳуқуқӣ,Нозиротҳои андоз дар шаҳрҳо ва ноҳияҳо,Нозиротҳои андоз дар шаҳрҳо ва ноҳияҳо,"Коғазӣ, электронӣ",Ройгон
КУМИТАИ АНДОЗИ НАЗДИ ҲУКУМАТИ ҶУМҲУРИИ ТОҶИКИСТОН,Огоҳинома,542,000542,Огоҳӣ оид ба ворид намудани тағйирот ба Феҳристи ягонаи давлатии шахсони ҳуқуқӣ ва соҳибкорони инфиродӣ (иқтибос аз натиҷаи тасдиқи фиристодани огоҳинома),Шахсони воқеӣ ва ҳуқуқӣ,Нозиротҳои андоз дар шаҳрҳо ва ноҳияҳо,Нозиротҳои андоз дар шаҳрҳо ва ноҳияҳо,"Коғазӣ, электронӣ",Ройгон
КУМИТАИ АНДОЗИ НАЗДИ ҲУКУМАТИ ҶУМҲУРИИ ТОҶИКИСТОН,Огоҳинома,543,000543,Огоҳӣ оид ба кушодани рамзҳои сабабҳои баҳисобгирӣ (иқтибос аз натиҷаи тасдиқи фиристодани огоҳинома),Шахсони воқеӣ ва ҳуқуқӣ,Нозиротҳои андоз дар шаҳрҳо ва ноҳияҳо,Нозиротҳои андоз дар шаҳрҳо ва ноҳияҳо,"Коғазӣ, электронӣ",Ройгон
КУМИТАИ АНДОЗИ НАЗДИ ҲУКУМАТИ ҶУМҲУРИИ ТОҶИКИСТОН,Санад,544,000544,Санади муқоисавӣ,Шахсони воқеӣ ва ҳуқуқӣ,Нозиротҳои андоз дар шаҳрҳо ва ноҳияҳо,Нозиротҳои андоз дар шаҳрҳо ва ноҳияҳо,"Коғазӣ, электронӣ",Ройгон
КУМИТАИ АНДОЗИ НАЗДИ ҲУКУМАТИ ҶУМҲУРИИ ТОҶИКИСТОН,Хулоса,547,000547,Хулоса оид ба баргардонидани андоз аз арзиши иловашуда ба андозсупоранда барои татбиқи меъёри сифрии андоз аз арзиши иловашуда,Шахсони воқеӣ ва ҳуқуқӣ,Нозиротҳои андоз дар шаҳрҳо ва ноҳияҳо,Нозиротҳои андоз дар шаҳрҳо ва ноҳияҳо,"Коғазӣ, электронӣ",Ройгон
КУМИТАИ АНДОЗИ НАЗДИ ҲУКУМАТИ ҶУМҲУРИИ ТОҶИКИСТОН,Хулоса,548,000548,"Хулоса оид ба баргардонидани андоз аз арзиши иловашуда ба намояндагиҳои дипломатӣ, консулгарӣ, намояндагиҳои ба онҳо баробаркардашуда, инчунин ҳайати кормандон",Шахсони воқеӣ ва ҳуқуқӣ,Нозиротҳои андоз дар шаҳрҳо ва ноҳияҳо,Нозиротҳои андоз дар шаҳрҳо ва ноҳияҳо,"Коғазӣ, электронӣ",Ройгон
КУМИТАИ АНДОЗИ НАЗДИ ҲУКУМАТИ ҶУМҲУРИИ ТОҶИКИСТОН,Шаҳодатнома,549,000549,Шаҳодатнома дар бораи баҳисобгирии рамзҳои сабаби баҳисобгирӣ,Шахсони воқеӣ ва ҳуқуқӣ,Бахшҳои бақайдгирии давлатии шахсони ҳуқуқӣ ва соҳибкорони инфиродӣ дар шаҳру ноҳияҳо,Бахшҳои бақайдгирии давлатии шахсони ҳуқуқӣ ва соҳибкорони инфиродӣ дар шаҳру ноҳияҳо,"Коғазӣ, электронӣ",Ройгон
КУМИТАИ БЕХАТАРИИ ОЗУҚАВОРИИ НАЗДИ ҲУКУМАТИ ҶУМҲУРИИ ТОҶИКИСТОН,Аттестат,550,000550,Аттестати байтории санитарии шароити истеҳсолӣ,Шахсони воқеӣ ва ҳуқуқӣ,Марказҳои таъминоти бехатарии озуқаворӣ дар шаҳру ноҳияҳо,Марказҳои таъминоти бехатарии озуқаворӣ дар шаҳру ноҳияҳо,"Коғазӣ, электронӣ",Музднок
КУМИТАИ БЕХАТАРИИ ОЗУҚАВОРИИ НАЗДИ ҲУКУМАТИ ҶУМҲУРИИ ТОҶИКИСТОН,Аттестат,551,000551,Аттестатсияи мутобиқати бино ва иншоот (барои дорухонаҳои байторӣ ва клиникаҳои хусусӣ),Шахсони воқеӣ ва ҳуқуқӣ,Кумитаи бехатарии озуқавории назди Ҳукумати Ҷумҳурии Тоҷикистон,"Кумитаи бехатарии озуқавории назди Ҳукумати Ҷумҳурии Тоҷикистон, Маркази миллии ташхиси бехатарии озуқаворӣ, марказҳои ташхиси бехатарии озуқаворӣ дар вилоятҳо ва шаҳру ноҳияҳо","Коғазӣ, электронӣ",Музднок
КУМИТАИ БЕХАТАРИИ ОЗУҚАВОРИИ НАЗДИ ҲУКУМАТИ ҶУМҲУРИИ ТОҶИКИСТОН,Бақайдгирӣ (азнавбақайдгирӣ),552,000552,Бақайдгирии маводди байторӣ,Шахсони воқеӣ ва ҳуқуқӣ,Кумитаи бехатарии озуқавории назди Ҳукумати Ҷумҳурии Тоҷикистон,"Кумитаи бехатарии озуқавории назди Ҳукумати Ҷумҳурии Тоҷикистон, Маркази миллии ташхиси бехатарии озуқаворӣ, марказҳои ташхиси бехатарии озуқаворӣ дар вилоятҳо ва шаҳру ноҳияҳо","Коғазӣ, электронӣ",Музднок
КУМИТАИ БЕХАТАРИИ ОЗУҚАВОРИИ НАЗДИ ҲУКУМАТИ ҶУМҲУРИИ ТОҶИКИСТОН,Бақайдгирӣ (азнавбақайдгирӣ),553,000553,Бақайдгирии чорво,Шахсони воқеӣ ва ҳуқуқӣ,Марказҳои таъминоти бехатарии озуқаворӣ дар шаҳру ноҳияҳо,Марказҳои таъминоти бехатарии озуқаворӣ дар шаҳру ноҳияҳо,"Коғазӣ, электронӣ",Музднок
КУМИТАИ БЕХАТАРИИ ОЗУҚАВОРИИ НАЗДИ ҲУКУМАТИ ҶУМҲУРИИ ТОҶИКИСТОН,Гувоҳнома,554,000554,Гувоҳномаи бақайдгирии дорувории байторӣ,Шахсони воқеӣ ва ҳуқуқӣ,Кумитаи бехатарии озуқавории назди Ҳукумати Ҷумҳурии Тоҷикистон,"Кумитаи бехатарии озуқавории назди Ҳукумати Ҷумҳурии Тоҷикистон, Маркази миллии ташхиси бехатарии озуқаворӣ, марказҳои ташхиси бехатарии озуқаворӣ дар вилоятҳо ва шаҳру ноҳияҳо","Коғазӣ, электронӣ",Музднок
КУМИТАИ БЕХАТАРИИ ОЗУҚАВОРИИ НАЗДИ ҲУКУМАТИ ҶУМҲУРИИ ТОҶИКИСТОН,Иҷозат,558,000558,Иҷозати воридоти карантинӣ,Шахсони воқеӣ ва ҳуқуқӣ,Кумитаи бехатарии озуқавории назди Ҳукумати Ҷумҳурии Тоҷикистон,Кумитаи бехатарии озуқавории назди Ҳукумати Ҷумҳурии Тоҷикистон,"Коғазӣ, электронӣ",Музднок
КУМИТАИ БЕХАТАРИИ ОЗУҚАВОРИИ НАЗДИ ҲУКУМАТИ ҶУМҲУРИИ ТОҶИКИСТОН,Иҷозат,559,000559,Иҷозат барои содироту убури маҳсулоти таҳти назорати давлатии байторӣ қарордошта,Шахсони воқеӣ ва ҳуқуқӣ,Кумитаи бехатарии озуқавории назди Ҳукумати Ҷумҳурии Тоҷикистон,Кумитаи бехатарии озуқавории назди Ҳукумати Ҷумҳурии Тоҷикистон,"Коғазӣ, электронӣ",Ройгон
КУМИТАИ БЕХАТАРИИ ОЗУҚАВОРИИ НАЗДИ ҲУКУМАТИ ҶУМҲУРИИ ТОҶИКИСТОН,Иҷозат,560,000560,Иҷозат барои воридоту убури маҳсулоти таҳти назорати давлатии байторӣ қарордошта,Шахсони воқеӣ ва ҳуқуқӣ,Кумитаи бехатарии озуқавории назди Ҳукумати Ҷумҳурии Тоҷикистон,Кумитаи бехатарии озуқавории назди Ҳукумати Ҷумҳурии Тоҷикистон,"Коғазӣ, электронӣ",Ройгон
КУМИТАИ БЕХАТАРИИ ОЗУҚАВОРИИ НАЗДИ ҲУКУМАТИ ҶУМҲУРИИ ТОҶИКИСТОН,Санад,561,000561,Санади гирифтани намунаҳо,Шахсони воқеӣ ва ҳуқуқӣ,Марказҳои таъминоти бехатарии озуқаворӣ дар шаҳру ноҳияҳо,Марказҳои таъминоти бехатарии озуқаворӣ дар шаҳру ноҳияҳо,"Коғазӣ, электронӣ",Музднок
КУМИТАИ БЕХАТАРИИ ОЗУҚАВОРИИ НАЗДИ ҲУКУМАТИ ҶУМҲУРИИ ТОҶИКИСТОН,Санад,562,000562,Санади байторӣ,Шахсони воқеӣ ва ҳуқуқӣ,Марказҳои таъминоти бехатарии озуқаворӣ дар шаҳру ноҳияҳо,Марказҳои таъминоти бехатарии озуқаворӣ дар шаҳру ноҳияҳо,"Коғазӣ, электронӣ",Музднок
КУМИТАИ БЕХАТАРИИ ОЗУҚАВОРИИ НАЗДИ ҲУКУМАТИ ҶУМҲУРИИ ТОҶИКИСТОН,Санад,563,000563,Санади безараргардонӣ,Шахсони воқеӣ ва ҳуқуқӣ,Дастаи фумигатсионии ҷумҳуриявӣ,Дастаи фумигатсионии ҷумҳуриявӣ,"Коғазӣ, электронӣ",Музднок
КУМИТАИ БЕХАТАРИИ ОЗУҚАВОРИИ НАЗДИ ҲУКУМАТИ ҶУМҲУРИИ ТОҶИКИСТОН,Санад,564,000564,Санади назорати фитосанитарии маводди таҳти карантинӣ қарордошта,Шахсони воқеӣ ва ҳуқуқӣ,Раёсати Кумитаи бехатарии озуқавории назди Ҳукумати Ҷумҳурии Тоҷикистон дар сарҳади давлатӣ ва нақлиёт ва Марказҳои таъминоти бехатарии озуқаворӣ дар шаҳру ноҳияҳо,Раёсати Кумитаи бехатарии озуқавории назди Ҳукумати Ҷумҳурии Тоҷикистон дар сарҳади давлатӣ ва нақлиёт ва Марказҳои таъминоти бехатарии озуқаворӣ дар шаҳру ноҳияҳо,"Коғазӣ, электронӣ",Музднок
КУМИТАИ БЕХАТАРИИ ОЗУҚАВОРИИ НАЗДИ ҲУКУМАТИ ҶУМҲУРИИ ТОҶИКИСТОН,Санад,565,000565,Санади таҳқиқи анборҳои нигоҳдории маводҳои таҳти карантинӣ қарордошта,Шахсони воқеӣ ва ҳуқуқӣ,Марказҳои таъминоти бехатарии озуқаворӣ дар шаҳру ноҳияҳо,Марказҳои таъминоти бехатарии озуқаворӣ дар шаҳру ноҳияҳо,"Коғазӣ, электронӣ",Музднок
КУМИТАИ БЕХАТАРИИ ОЗУҚАВОРИИ НАЗДИ ҲУКУМАТИ ҶУМҲУРИИ ТОҶИКИСТОН,Сертификат,570,000570,Сертификати байторӣ,Шахсони воқеӣ ва ҳуқуқӣ,Раёсати Кумитаи бехатарии озуқавории назди Ҳукумати Ҷумҳурии Тоҷикистон дар сарҳади давлатӣ ва нақлиёт,Раёсати Кумитаи бехатарии озуқавории назди Ҳукумати Ҷумҳурии Тоҷикистон дар сарҳади давлатӣ ва нақлиёт,"Коғазӣ, электронӣ",Музднок
КУМИТАИ БЕХАТАРИИ ОЗУҚАВОРИИ НАЗДИ ҲУКУМАТИ ҶУМҲУРИИ ТОҶИКИСТОН,Сертификат,571,000571,Сертификати мутобиқат дар соҳаи бехатарии озуқаворӣ,Шахсони воқеӣ ва ҳуқуқӣ,Кумитаи бехатарии озуқавории назди Ҳукумати Ҷумҳурии Тоҷикистон,"Кумитаи бехатарии озуқавории назди Ҳукумати Ҷумҳурии Тоҷикистон, Маркази миллии ташхиси бехатарии озуқаворӣ, марказҳои ташхиси бехатарии озуқаворӣ дар вилоятҳо ва шаҳру ноҳияҳо","Коғазӣ, электронӣ",Музднок
КУМИТАИ БЕХАТАРИИ ОЗУҚАВОРИИ НАЗДИ ҲУКУМАТИ ҶУМҲУРИИ ТОҶИКИСТОН,Сертификат,572,000572,Сертификати сифати ниҳол,Шахсони воқеӣ ва ҳуқуқӣ,Кумитаи бехатарии озуқавории назди Ҳукумати Ҷумҳурии Тоҷикистон,"Кумитаи бехатарии озуқавории назди Ҳукумати Ҷумҳурии Тоҷикистон, Маркази миллии ташхиси бехатарии озуқаворӣ, марказҳои ташхиси бехатарии озуқаворӣ дар вилоятҳо ва шаҳру ноҳияҳо","Коғазӣ, электронӣ",Музднок
КУМИТАИ БЕХАТАРИИ ОЗУҚАВОРИИ НАЗДИ ҲУКУМАТИ ҶУМҲУРИИ ТОҶИКИСТОН,Сертификат,573,000573,Сертификати сифати тухмӣ,Шахсони воқеӣ ва ҳуқуқӣ,Кумитаи бехатарии озуқавории назди Ҳукумати Ҷумҳурии Тоҷикистон,"Кумитаи бехатарии озуқавории назди Ҳукумати Ҷумҳурии Тоҷикистон, Маркази миллии ташхиси бехатарии озуқаворӣ, марказҳои ташхиси бехатарии озуқаворӣ дар вилоятҳо ва шаҳру ноҳияҳо","Коғазӣ, электронӣ",Музднок
КУМИТАИ БЕХАТАРИИ ОЗУҚАВОРИИ НАЗДИ ҲУКУМАТИ ҶУМҲУРИИ ТОҶИКИСТОН,Сертификат,574,000574,Сертификати провизорӣ барои фӯрушандаҳои маводҳои байторӣ ва мутахассисони корхонаҳои истеҳсолии маводҳои байторӣ,Шахсони воқеӣ ва ҳуқуқӣ,Кумитаи бехатарии озуқавории назди Ҳукумати Ҷумҳурии Тоҷикистон,"Кумитаи бехатарии озуқавории назди Ҳукумати Ҷумҳурии Тоҷикистон, Маркази миллии ташхиси бехатарии озуқаворӣ, марказҳои ташхиси бехатарии озуқаворӣ дар вилоятҳо ва шаҳру ноҳияҳо","Коғазӣ, электронӣ",Музднок
КУМИТАИ БЕХАТАРИИ ОЗУҚАВОРИИ НАЗДИ ҲУКУМАТИ ҶУМҲУРИИ ТОҶИКИСТОН,Сертификат,575,000575,Сертификати карантинӣ,Шахсони воқеӣ ва ҳуқуқӣ,Раёсати Кумитаи бехатарии озуқавории назди Ҳукумати Ҷумҳурии Тоҷикистон дар сарҳади давлатӣ ва нақлиёт ва Марказҳои таъминоти бехатарии озуқаворӣ дар шаҳру ноҳияҳо,Раёсати Кумитаи бехатарии озуқавории назди Ҳукумати Ҷумҳурии Тоҷикистон дар сарҳади давлатӣ ва нақлиёт ва Марказҳои таъминоти бехатарии озуқаворӣ дар шаҳру ноҳияҳо,"Коғазӣ, электронӣ",Ройгон
КУМИТАИ БЕХАТАРИИ ОЗУҚАВОРИИ НАЗДИ ҲУКУМАТИ ҶУМҲУРИИ ТОҶИКИСТОН,Сертификат,576,000576,Сертификати фитосанитарӣ,Шахсони воқеӣ ва ҳуқуқӣ,Раёсати Кумитаи бехатарии озуқавории назди Ҳукумати Ҷумҳурии Тоҷикистон дар сарҳади давлатӣ ва нақлиёт ва Марказҳои таъминоти бехатарии озуқаворӣ дар шаҳру ноҳияҳо,Раёсати Кумитаи бехатарии озуқавории назди Ҳукумати Ҷумҳурии Тоҷикистон дар сарҳади давлатӣ ва нақлиёт ва Марказҳои таъминоти бехатарии озуқаворӣ дар шаҳру ноҳияҳо,"Коғазӣ, электронӣ",Ройгон
КУМИТАИ БЕХАТАРИИ ОЗУҚАВОРИИ НАЗДИ ҲУКУМАТИ ҶУМҲУРИИ ТОҶИКИСТОН,Хулоса,577,000577,Хулоса (маълумотнома)-и санҷиши озмоишӣ,Шахсони воқеӣ ва ҳуқуқӣ,"Раёсати Кумитаи бехатарии озуқавории назди Ҳукумати Ҷумҳурии Тоҷикистон дар вилоятҳо, шаҳри Душанбе ва шаҳру ноҳияҳои тобеи марказ ва марказҳои таъминоти бехатарии озуқаворӣ дар шаҳру ноҳияҳо","Раёсати Кумитаи бехатарии озуқавории назди Ҳукумати Ҷумҳурии Тоҷикистон дар вилоятҳо, шаҳри Душанбе ва шаҳру ноҳияҳои тобеи марказ ва марказҳои таъминоти бехатарии озуқаворӣ дар шаҳру ноҳияҳо","Коғазӣ, электронӣ",Музднок
КУМИТАИ БЕХАТАРИИ ОЗУҚАВОРИИ НАЗДИ ҲУКУМАТИ ҶУМҲУРИИ ТОҶИКИСТОН,Хулоса,578,000578,Хулоса аз натиҷаи муоинаи клиникавии ҳайвонот,Шахсони воқеӣ ва ҳуқуқӣ,"Раёсати Кумитаи бехатарии озуқавории назди Ҳукумати Ҷумҳурии Тоҷикистон дар вилоятҳо, шаҳри Душанбе ва шаҳру ноҳияҳои тобеи марказ ва марказҳои таъминоти бехатарии озуқаворӣ дар шаҳру ноҳияҳо","Раёсати Кумитаи бехатарии озуқавории назди Ҳукумати Ҷумҳурии Тоҷикистон дар вилоятҳо, шаҳри Душанбе ва шаҳру ноҳияҳои тобеи марказ ва марказҳои таъминоти бехатарии озуқаворӣ дар шаҳру ноҳияҳо","Коғазӣ, электронӣ",Музднок
КУМИТАИ БЕХАТАРИИ ОЗУҚАВОРИИ НАЗДИ ҲУКУМАТИ ҶУМҲУРИИ ТОҶИКИСТОН,Шаҳодатнома,579,000579,Шаҳодатномаи байторӣ,Шахсони воқеӣ ва ҳуқуқӣ,Раёсати Кумитаи бехатарии озуқавории назди Ҳукумати Ҷумҳурии Тоҷикистон дар сарҳади давлатӣ ва нақлиет ва Марказҳои таъминоти бехатарии шаҳру ноҳияҳо,Раёсати Кумитаи бехатарии озуқавории назди Ҳукумати Ҷумҳурии Тоҷикистон дар сарҳади давлатӣ ва нақлиет ва Марказҳои таъминоти бехатарии шаҳру ноҳияҳо,"Коғазӣ, электронӣ",Музднок
КУМИТАИ БЕХАТАРИИ ОЗУҚАВОРИИ НАЗДИ ҲУКУМАТИ ҶУМҲУРИИ ТОҶИКИСТОН,Шаҳодатнома,580,000580,Шаҳодатномаи ташхиси карантинӣ,Шахсони воқеӣ ва ҳуқуқӣ,Марказҳои ташхиси бехатарии озуқаворӣ дар шаҳру ноҳияҳо,Марказҳои ташхиси бехатарии озуқаворӣ дар шаҳру ноҳияҳо,"Коғазӣ, электронӣ",Музднок
КУМИТАИ БЕХАТАРИИ ОЗУҚАВОРИИ НАЗДИ ҲУКУМАТИ ҶУМҲУРИИ ТОҶИКИСТОН,Шаҳодатнома,581,000581,Шаҳодатномаи мушаххаскунандаи навъи ниҳол,Шахсони воқеӣ ва ҳуқуқӣ,"Кумитаи бехатарии озуқавории назди Ҳукумати Ҷумҳурии Тоҷикистон, раёсатҳои Кумитаи бехатарии озуқавории назди Ҳукумати Ҷумҳурии Тоҷикистон дар вилоятҳо ва шаҳри Душанбе ва шаҳру ноҳияҳои тебеи ҷумҳурӣ","Кумитаи бехатарии озуқавории назди Ҳукумати Ҷумҳурии Тоҷикистон, раёсатҳои Кумитаи бехатарии озуқавории назди Ҳукумати Ҷумҳурии Тоҷикистон дар вилоятҳо ва шаҳри Душанбе ва шаҳру ноҳияҳои тебеи ҷумҳурӣ","Коғазӣ, электронӣ",Музднок
КУМИТАИ БЕХАТАРИИ ОЗУҚАВОРИИ НАЗДИ ҲУКУМАТИ ҶУМҲУРИИ ТОҶИКИСТОН,Шаҳодатнома,582,000582,Шаҳодатномаи мушаххаскунандаи навъи тухмӣ,Шахсони воқеӣ ва ҳуқуқӣ,"Кумитаи бехатарии озуқавории назди Ҳукумати Ҷумҳурии Тоҷикистон, раёсатҳои Кумитаи бехатарии озуқавории назди Ҳукумати Ҷумҳурии Тоҷикистон дар вилоятҳо ва шаҳри Душанбе ва шаҳру ноҳияҳои тебеи ҷумҳурӣ","Кумитаи бехатарии озуқавории назди Ҳукумати Ҷумҳурии Тоҷикистон, раёсатҳои Кумитаи бехатарии озуқавории назди Ҳукумати Ҷумҳурии Тоҷикистон дар вилоятҳо ва шаҳри Душанбе ва шаҳру ноҳияҳои тебеи ҷумҳурӣ","Коғазӣ, электронӣ",Музднок
КУМИТАИ БЕХАТАРИИ ОЗУҚАВОРИИ НАЗДИ ҲУКУМАТИ ҶУМҲУРИИ ТОҶИКИСТОН,Шиноснома,584,000584,Шиносномаи байторӣ,Шахсони воқеӣ ва ҳуқуқӣ,Марказҳои таъминоти бехатарии озуқаворӣ дар шаҳру ноҳияҳо,Марказҳои таъминоти бехатарии озуқаворӣ дар шаҳру ноҳияҳо,"Коғазӣ, электронӣ",Музднок
КУМИТАИ ЗАБОН ВА ИСТИЛОҲОТИ НАЗДИ ҲУКУМАТИ ҶУМҲУРИИ ТОҶИКИСТОН,,585,000585,"Хулосаи забоншиносӣ ба матни муҳрҳо, тамғаҳо, бланкҳо ва нархномаҳо",Шахсони воқеӣ ва ҳуқуқӣ,Кумитаи забон ва истилоҳоти назди Ҳукумати Ҷумҳурии Тоҷикистон,Кумитаи забон ва истилоҳоти назди Ҳукумати Ҷумҳурии Тоҷикистон,"Коғазӣ, электронӣ",Музднок
КУМИТАИ ЗАБОН ВА ИСТИЛОҲОТИ НАЗДИ ҲУКУМАТИ ҶУМҲУРИИ ТОҶИКИСТОН,,588,000588,Хулоса ба матни эълону реклама,Шахсони воқеӣ ва ҳуқуқӣ,Кумитаи забон ва истилоҳоти назди Ҳукумати Ҷумҳурии Тоҷикистон,Кумитаи забон ва истилоҳоти назди Ҳукумати Ҷумҳурии Тоҷикистон,"Коғазӣ, электронӣ",Музднок
КУМИТАИ ЗАБОН ВА ИСТИЛОҲОТИ НАЗДИ ҲУКУМАТИ ҶУМҲУРИИ ТОҶИКИСТОН,,589,000589,Хулоса ба матни борпечҳо,Шахсони воқеӣ ва ҳуқуқӣ,Кумитаи забон ва истилоҳоти назди Ҳукумати Ҷумҳурии Тоҷикистон,Кумитаи забон ва истилоҳоти назди Ҳукумати Ҷумҳурии Тоҷикистон,"Коғазӣ, электронӣ",Музднок
КУМИТАИ ЗАБОН ВА ИСТИЛОҲОТИ НАЗДИ ҲУКУМАТИ ҶУМҲУРИИ ТОҶИКИСТОН,,590,000590,Хулоса ба матни борчаспҳо,Шахсони воқеӣ ва ҳуқуқӣ,Кумитаи забон ва истилоҳоти назди Ҳукумати Ҷумҳурии Тоҷикистон,Кумитаи забон ва истилоҳоти назди Ҳукумати Ҷумҳурии Тоҷикистон,"Коғазӣ, электронӣ",Музднок
КУМИТАИ ЗАБОН ВА ИСТИЛОҲОТИ НАЗДИ ҲУКУМАТИ ҶУМҲУРИИ ТОҶИКИСТОН,,591,000591,Хулоса ба истилоҳоти соҳавӣ,Шахсони воқеӣ ва ҳуқуқӣ,Кумитаи забон ва истилоҳоти назди Ҳукумати Ҷумҳурии Тоҷикистон,Кумитаи забон ва истилоҳоти назди Ҳукумати Ҷумҳурии Тоҷикистон,"Коғазӣ, электронӣ",Музднок
КУМИТАИ ЗАБОН ВА ИСТИЛОҲОТИ НАЗДИ ҲУКУМАТИ ҶУМҲУРИИ ТОҶИКИСТОН,,592,000592,Хулоса ба номгузории объектҳои ҷуғрофӣ,Шахсони воқеӣ ва ҳуқуқӣ,Кумитаи забон ва истилоҳоти назди Ҳукумати Ҷумҳурии Тоҷикистон,Кумитаи забон ва истилоҳоти назди Ҳукумати Ҷумҳурии Тоҷикистон,"Коғазӣ, электронӣ",Музднок
КУМИТАИ ЗАБОН ВА ИСТИЛОҲОТИ НАЗДИ ҲУКУМАТИ ҶУМҲУРИИ ТОҶИКИСТОН,,593,000593,Хулоса ба фарҳангномаҳои чандзабони соҳавӣ,Шахсони воқеӣ ва ҳуқуқӣ,Кумитаи забон ва истилоҳоти назди Ҳукумати Ҷумҳурии Тоҷикистон,Кумитаи забон ва истилоҳоти назди Ҳукумати Ҷумҳурии Тоҷикистон,"Коғазӣ, электронӣ",Музднок
КУМИТАИ ЗАБОН ВА ИСТИЛОҲОТИ НАЗДИ ҲУКУМАТИ ҶУМҲУРИИ ТОҶИКИСТОН,,594,000594,Хулоса ба матни маводҳои воситаҳои ахбори омма,Шахсони воқеӣ ва ҳуқуқӣ,Кумитаи забон ва истилоҳоти назди Ҳукумати Ҷумҳурии Тоҷикистон,Кумитаи забон ва истилоҳоти назди Ҳукумати Ҷумҳурии Тоҷикистон,"Коғазӣ, электронӣ",Музднок
КУМИТАИ ЗАБОН ВА ИСТИЛОҲОТИ НАЗДИ ҲУКУМАТИ ҶУМҲУРИИ ТОҶИКИСТОН,,595,000595,Хулоса ба матни дастурҳои методию коргузорӣ,Шахсони воқеӣ ва ҳуқуқӣ,Кумитаи забон ва истилоҳоти назди Ҳукумати Ҷумҳурии Тоҷикистон,Кумитаи забон ва истилоҳоти назди Ҳукумати Ҷумҳурии Тоҷикистон,"Коғазӣ, электронӣ",Музднок
КУМИТАИ ЗАБОН ВА ИСТИЛОҲОТИ НАЗДИ ҲУКУМАТИ ҶУМҲУРИИ ТОҶИКИСТОН,,596,000596,Хулоса ба матни китобҳои дарсӣ,Шахсони воқеӣ ва ҳуқуқӣ,Кумитаи забон ва истилоҳоти назди Ҳукумати Ҷумҳурии Тоҷикистон,Кумитаи забон ва истилоҳоти назди Ҳукумати Ҷумҳурии Тоҷикистон,"Коғазӣ, электронӣ",Музднок
КУМИТАИ ЗАБОН ВА ИСТИЛОҲОТИ НАЗДИ ҲУКУМАТИ ҶУМҲУРИИ ТОҶИКИСТОН,,597,000597,Хулоса ба номгузории марказҳои хизматрасонӣ ва нуқтаҳои савдо,Шахсони воқеӣ ва ҳуқуқӣ,Кумитаи забон ва истилоҳоти назди Ҳукумати Ҷумҳурии Тоҷикистон,Кумитаи забон ва истилоҳоти назди Ҳукумати Ҷумҳурии Тоҷикистон,"Коғазӣ, электронӣ",Музднок
КУМИТАИ ЗАБОН ВА ИСТИЛОҲОТИ НАЗДИ ҲУКУМАТИ ҶУМҲУРИИ ТОҶИКИСТОН,,598,000598,Хулосаи забоншиносӣ ба матни маводди иттилоотӣ,Шахсони воқеӣ ва ҳуқуқӣ,Кумитаи забон ва истилоҳоти назди Ҳукумати Ҷумҳурии Тоҷикистон,Кумитаи забон ва истилоҳоти назди Ҳукумати Ҷумҳурии Тоҷикистон,"Коғазӣ, электронӣ",Музднок
КУМИТАИ МЕЪМОРӢ ВА СОХТМОНИ НАЗДИ ҲУКУМАТИ ҶУМҲУРИИ ТОҶИКИСТОН,Иҷозатнома,599,000599,Иҷозатнома оид ба фаъолияти корҳои лоиҳакашӣ ва тадқиқотии сатҳи масъулиятнокии дараҷаи 1,Шахсони воқеӣ ва ҳуқуқӣ,Хадамоти иҷозатномадиҳии фаъолияти шаҳрсозӣ,Хадамоти иҷозатномадиҳии фаъолияти шаҳрсозӣ,"Коғазӣ, электронӣ",Музднок
КУМИТАИ МЕЪМОРӢ ВА СОХТМОНИ НАЗДИ ҲУКУМАТИ ҶУМҲУРИИ ТОҶИКИСТОН,Иҷозатнома,600,000600,Иҷозатнома оид ба фаъолияти корҳои лоиҳакашӣ ва тадқиқотии сатҳи масъулиятнокии дараҷаи 2,Шахсони воқеӣ ва ҳуқуқӣ,Хадамоти иҷозатномадиҳии фаъолияти шаҳрсозӣ,Хадамоти иҷозатномадиҳии фаъолияти шаҳрсозӣ,"Коғазӣ, электронӣ",Музднок
КУМИТАИ МЕЪМОРӢ ВА СОХТМОНИ НАЗДИ ҲУКУМАТИ ҶУМҲУРИИ ТОҶИКИСТОН,Иҷозатнома,601,000601,Иҷозатнома оид ба фаъолияти корҳои лоиҳакашӣ ва тадқиқотии сатҳи масъулиятнокии дараҷаи 3,Шахсони воқеӣ ва ҳуқуқӣ,Хадамоти иҷозатномадиҳии фаъолияти шаҳрсозӣ,Хадамоти иҷозатномадиҳии фаъолияти шаҳрсозӣ,"Коғазӣ, электронӣ",Музднок
КУМИТАИ МЕЪМОРӢ ВА СОХТМОНИ НАЗДИ ҲУКУМАТИ ҶУМҲУРИИ ТОҶИКИСТОН,Иҷозатнома,602,000602,"Иҷозатнома оид ба фаъолияти корҳои сохтмони биноҳо ва иморату иншоот, аз ҷумла дар соҳаи энергетика, инчунин васеъкунӣ, азнавсозӣ, таъмир ва барқарор кардани объектҳои мавҷудаи сатҳи масъулиятнокии дараҷаи 1",Шахсони воқеӣ ва ҳуқуқӣ,Хадамоти иҷозатномадиҳии фаъолияти шаҳрсозӣ,Хадамоти иҷозатномадиҳии фаъолияти шаҳрсозӣ,"Коғазӣ, электронӣ",Музднок
КУМИТАИ МЕЪМОРӢ ВА СОХТМОНИ НАЗДИ ҲУКУМАТИ ҶУМҲУРИИ ТОҶИКИСТОН,Иҷозатнома,603,000603,"Иҷозатнома оид ба фаъолияти корҳои сохтмони биноҳо ва иморату иншоот, аз ҷумла дар соҳаи энергетика, инчунин васеъкунӣ, азнавсозӣ, таъмир ва барқарор кардани объектҳои мавҷудаи сатҳи масъулиятнокии дараҷаи 2",Шахсони воқеӣ ва ҳуқуқӣ,Хадамоти иҷозатномадиҳии фаъолияти шаҳрсозӣ,Хадамоти иҷозатномадиҳии фаъолияти шаҳрсозӣ,"Коғазӣ, электронӣ",Музднок
КУМИТАИ МЕЪМОРӢ ВА СОХТМОНИ НАЗДИ ҲУКУМАТИ ҶУМҲУРИИ ТОҶИКИСТОН,Иҷозатнома,604,000604,"Иҷозатнома оид ба фаъолияти корҳои сохтмони биноҳо ва иморату иншоот, аз ҷумла дар соҳаи энергетика, инчунин васеъкунӣ, азнавсозӣ, таъмир ва барқарор кардани объектҳои мавҷудаи сатҳи масъулиятнокии дараҷаи 3",Шахсони воқеӣ ва ҳуқуқӣ,Хадамоти иҷозатномадиҳии фаъолияти шаҳрсозӣ,Хадамоти иҷозатномадиҳии фаъолияти шаҳрсозӣ,"Коғазӣ, электронӣ",Музднок
КУМИТАИ МЕЪМОРӢ ВА СОХТМОНИ НАЗДИ ҲУКУМАТИ ҶУМҲУРИИ ТОҶИКИСТОН,Иҷозат,605,000605,"Иҷозат барои оғоз намудани корҳои сохтмонӣ дар объектҳои дорои аҳамияти ҷумҳуриявӣ ва стратегӣ, ки номгӯйи онҳоро Ҳукумати Ҷумҳурии Тоҷикистон тасдиқ намудааст",Шахси воқеӣ ва ҳуқуқӣ,Кумитаи меъморӣ ва сохтмони назди Ҳукумати Ҷумҳурии Тоҷикистон,Кумитаи меъморӣ ва сохтмони назди Ҳукумати Ҷумҳурии Тоҷикистон,"Коғазӣ, электронӣ",Музднок
КУМИТАИ МЕЪМОРӢ ВА СОХТМОНИ НАЗДИ ҲУКУМАТИ ҶУМҲУРИИ ТОҶИКИСТОН,Иҷозат,606,000606,Иҷозат барои оғоз намудани корҳои сохтмонӣ,Шахси воқеӣ ва ҳуқуқӣ,"Сарраёсат, шуъба ва бахшҳои меъморӣ ва шаҳрсозии мақомоти иҷроияи маҳаллии ҳокиммяти давлатии шаҳрҳо ва ноҳияҳо","Сарраёсат, шуъба ва бахшҳои меъморӣ ва шаҳрсозии мақомоти иҷроияи маҳаллии ҳокиммяти давлатии шаҳрҳо ва ноҳияҳо","Коғазӣ, электронӣ",Музднок
КУМИТАИ МЕЪМОРӢ ВА СОХТМОНИ НАЗДИ ҲУКУМАТИ ҶУМҲУРИИ ТОҶИКИСТОН,Супориш,607,000607,"Супориши меъморию банақшагирии объектҳои дорои аҳамияти ҷумҳуриявӣ ва стратегӣ, ки номгўйи онҳоро Ҳукумати Ҷумҳурии Тоҷикистон тасдиқ намудааст",Шахси воқеӣ ва ҳуқуқӣ,Кумитаи меъморӣ ва сохтмони назди Ҳукумати Ҷумҳурии Тоҷикистон,Кумитаи меъморӣ ва сохтмони назди Ҳукумати Ҷумҳурии Тоҷикистон,"Коғазӣ, электронӣ",Музднок
КУМИТАИ МЕЪМОРӢ ВА СОХТМОНИ НАЗДИ ҲУКУМАТИ ҶУМҲУРИИ ТОҶИКИСТОН,Супориш,608,000608,Супориши меъморию банақшагирӣ,Шахси воқеӣ ва ҳуқуқӣ,"Сарраёсат, шуъба ва бахшҳои меъморӣ ва шаҳрсозии мақомоти иҷроияи маҳаллии ҳокиммяти давлатии шаҳрҳо ва ноҳияҳо","Сарраёсат, шуъба ва бахшҳои меъморӣ ва шаҳрсозии мақомоти иҷроияи маҳаллии ҳокиммяти давлатии шаҳрҳо ва ноҳияҳо","Коғазӣ, электронӣ",Музднок
КУМИТАИ МЕЪМОРӢ ВА СОХТМОНИ НАЗДИ ҲУКУМАТИ ҶУМҲУРИИ ТОҶИКИСТОН,Хулоса,609,000609,Хулосаи экспертизаи давлатии ҳуҷҷатҳои лоиҳавии шаҳрсозӣ,Шахси воқеӣ ва ҳуқуқӣ,Раёсатти экспертизаи давлатии ғайриидоравии ҳуҷҷатҳои лоиҳавии шаҳрсозӣ,Раёсатти экспертизаи давлатии ғайриидоравии ҳуҷҷатҳои лоиҳавии шаҳрсозӣ,"Коғазӣ, электронӣ",Музднок
КУМИТАИ ДИН ВА ТАНЗИМИ ҶАШНУ МАРОСИМИ НАЗДИ ҲУКУМАТИ ҶУМҲУРИИ ТОҶИКИСТОН,Баҳисобгирӣ,610,000610,Баҳисобгирии тӯйҳои домодиву арӯсӣ ва маросими азодорӣ,Шахсони воқеӣ ва ҳуқуқӣ,"Бахшҳои дин, танзими анъана ва ҷашну маросим дар шаҳру ноҳияҳо","Бахшҳои дин, танзими анъана ва ҷашну маросим дар шаҳру ноҳияҳо","Коғазӣ, электронӣ",Ройгон
КУМИТАИ ДИН ВА ТАНЗИМИ ҶАШНУ МАРОСИМИ НАЗДИ ҲУКУМАТИ ҶУМҲУРИИ ТОҶИКИСТОН,Маълумотнома,611,000611,Маълумотнома дар бораи қайди баҳисобгирии ҷамоаи динӣ,Шахсони воқеӣ ва ҳуқуқӣ,Кумитаи дин ва танзими ҷашну маросими назди Ҳукумати Ҷумҳурии Тоҷикистон,Кумитаи дин ва танзими ҷашну маросими назди Ҳукумати Ҷумҳурии Тоҷикистон,"Коғазӣ, электронӣ",Музднок
КУМИТАИ ДИН ВА ТАНЗИМИ ҶАШНУ МАРОСИМИ НАЗДИ ҲУКУМАТИ ҶУМҲУРИИ ТОҶИКИСТОН,Розигӣ,612,000612,"Розигӣ ҷиҳати табъ ва нашр, истеҳсол, ба ҷумҳурӣ ворид ва аз ҷумҳурӣ содир намудан, паҳн кардан ва фурӯхтани адабиёти динӣ ва ашёву маводди дигар таъиноти динии онҳо",Шахсони воқеӣ ва ҳуқуқӣ,Кумитаи дин ва танзими ҷашну маросими назди Ҳукумати Ҷумҳурии Тоҷикистон,Кумитаи дин ва танзими ҷашну маросими назди Ҳукумати Ҷумҳурии Тоҷикистон,"Коғазӣ, электронӣ",Музднок
КУМИТАИ ДИН ВА ТАНЗИМИ ҶАШНУ МАРОСИМИ НАЗДИ ҲУКУМАТИ ҶУМҲУРИИ ТОҶИКИСТОН,Хулоса,613,000613,Хулосаи ташхиси давлатии диншиносӣ адабиёти динии чопшаванда,Шахсони воқеӣ ва ҳуқуқӣ,Кумитаи дин ва танзими ҷашну маросими назди Ҳукумати Ҷумҳурии Тоҷикистон,Кумитаи дин ва танзими ҷашну маросими назди Ҳукумати Ҷумҳурии Тоҷикистон,"Коғазӣ, электронӣ",Музднок
КУМИТАИ ДИН ВА ТАНЗИМИ ҶАШНУ МАРОСИМИ НАЗДИ ҲУКУМАТИ ҶУМҲУРИИ ТОҶИКИСТОН,Хулоса,614,000614,"Хулосаи ташхиси ашё, маводди иттилоотӣ ва таъиноти динӣ",Шахсони воқеӣ ва ҳуқуқӣ,Кумитаи дин ва танзими ҷашну маросими назди Ҳукумати Ҷумҳурии Тоҷикистон,Кумитаи дин ва танзими ҷашну маросими назди Ҳукумати Ҷумҳурии Тоҷикистон,"Коғазӣ, электронӣ",Музднок
КУМИТАИ ДИН ВА ТАНЗИМИ ҶАШНУ МАРОСИМИ НАЗДИ ҲУКУМАТИ ҶУМҲУРИИ ТОҶИКИСТОН,Шаҳодатнома,615,000615,Шаҳодатнома дар бораи бақайдгирии давлатии ташкилоти динӣ,Шахсони воқеӣ ва ҳуқуқӣ,Кумитаи дин ва танзими ҷашну маросими назди Ҳукумати Ҷумҳурии Тоҷикистон,Кумитаи дин ва танзими ҷашну маросими назди Ҳукумати Ҷумҳурии Тоҷикистон,"Коғазӣ, электронӣ",Музднок
КУМИТАИ ҲИФЗИ МУҲИТИ ЗИСТИ НАЗДИ ҲУКУМАТИ ҶУМҲУРИИ ТОҶИКИСТОН,Иҷозатнома,616,000616,"Иҷозатнома барои фаъолият оид ба муайян намудани мушаххасоти метеорологӣ, иқлимӣ, аэрологӣ, гидрологӣ ва агрометеорологӣ",Шахсони воқеӣ ва ҳуқуқӣ,Агентии обуҳавошиносӣ,Агентии обуҳавошиносӣ,"Коғазӣ, электронӣ",Музднок
КУМИТАИ ҲИФЗИ МУҲИТИ ЗИСТИ НАЗДИ ҲУКУМАТИ ҶУМҲУРИИ ТОҶИКИСТОН,Иҷозатнома,617,000617,Иҷозатнома барои фаъолият оид тайёр кардан ва ба истифодабарандагон пешниҳод намудани иттилооти пешгӯйишуда ва ҳолати ҷорӣ,Шахсони воқеӣ ва ҳуқуқӣ,Агентии обуҳавошиносӣ,Агентии обуҳавошиносӣ,"Коғазӣ, электронӣ",Музднок
КУМИТАИ ҲИФЗИ МУҲИТИ ЗИСТИ НАЗДИ ҲУКУМАТИ ҶУМҲУРИИ ТОҶИКИСТОН,Иҷозатнома,618,000618,"Иҷозатнома барои фаъолият оид ба ташаккул додан ва ба роҳ мондани махзани маълумот дар соҳаи гидрометорологӣ, соҳаҳои ба он алоқаманд ва мониторинги сифати муҳити зист",Шахсони воқеӣ ва ҳуқуқӣ,Агентии обуҳавошиносӣ,Агентии обуҳавошиносӣ,"Коғазӣ, электронӣ",Музднок
КУМИТАИ ҲИФЗИ МУҲИТИ ЗИСТИ НАЗДИ ҲУКУМАТИ ҶУМҲУРИИ ТОҶИКИСТОН,Иҷозатнома,619,000619,"Иҷозатнома барои фаъолият оид ба муайян намудани дараҷаи олудагӣ (аз ҷумла радиоактивӣ)-и муҳити табиӣ (ҳавои атмосфера, хок, обҳои сатҳӣ)",Шахсони воқеӣ ва ҳуқуқӣ,Агентии обуҳавошиносӣ,Агентии обуҳавошиносӣ,"Коғазӣ, электронӣ",Музднок
КУМИТАИ ҲИФЗИ МУҲИТИ ЗИСТИ НАЗДИ ҲУКУМАТИ ҶУМҲУРИИ ТОҶИКИСТОН,Иҷозатнома,620,000620,Иҷозатнома барои фаъолият барои ба истифодабарандагон тайёр кардан ва пешгӯйӣ кардани иттилооти таҳлилӣ ва ҳисобӣ оид ба ҳолати муҳити табиии зист ва олудагии он (аз ҷумла олудагии радиоактивӣ),Шахсони воқеӣ ва ҳуқуқӣ,Агентии обуҳавошиносӣ,Агентии обуҳавошиносӣ,"Коғазӣ, электронӣ",Музднок
КУМИТАИ ҲИФЗИ МУҲИТИ ЗИСТИ НАЗДИ ҲУКУМАТИ ҶУМҲУРИИ ТОҶИКИСТОН,Иҷозатнома,621,000621,"Иҷозатнома барои фаъолият оид ба насб, таъмир, пешгӯйӣ ва тафтиши асбобу таҷҳизоти таъиноти гидрометеорологӣ",Шахсони воқеӣ ва ҳуқуқӣ,Агентии обуҳавошиносӣ,Агентии обуҳавошиносӣ,"Коғазӣ, электронӣ",Музднок
КУМИТАИ ҲИФЗИ МУҲИТИ ЗИСТИ НАЗДИ ҲУКУМАТИ ҶУМҲУРИИ ТОҶИКИСТОН,Иҷозатнома,622,000622,"Иҷозатнома барои фаъолият оид ба ҷамъоварӣ, нигоҳдорӣ ва интиқоли партовҳои хатарнок",Шахсони воқеӣ ва ҳуқуқӣ,Кумитаи ҳифзи муҳити зисти назди Ҳукумати Ҷумҳурии Тоҷикистон,Кумитаи ҳифзи муҳити зисти назди Ҳукумати Ҷумҳурии Тоҷикистон,"Коғазӣ, электронӣ",Музднок
КУМИТАИ ҲИФЗИ МУҲИТИ ЗИСТИ НАЗДИ ҲУКУМАТИ ҶУМҲУРИИ ТОҶИКИСТОН,Иҷозатнома,623,000623,Иҷозатнома барои фаъолият оид ба истифодабарии партовҳои хатарнок,Шахсони воқеӣ ва ҳуқуқӣ,Кумитаи ҳифзи муҳити зисти назди Ҳукумати Ҷумҳурии Тоҷикистон,Кумитаи ҳифзи муҳити зисти назди Ҳукумати Ҷумҳурии Тоҷикистон,"Коғазӣ, электронӣ",Музднок
КУМИТАИ ҲИФЗИ МУҲИТИ ЗИСТИ НАЗДИ ҲУКУМАТИ ҶУМҲУРИИ ТОҶИКИСТОН,Иҷозатнома,624,000624,Иҷозатнома барои фаъолият оид ба безараргардонӣ ва дафнкунии партовҳои хатарнок,Шахсони воқеӣ ва ҳуқуқӣ,Кумитаи ҳифзи муҳити зисти назди Ҳукумати Ҷумҳурии Тоҷикистон,Кумитаи ҳифзи муҳити зисти назди Ҳукумати Ҷумҳурии Тоҷикистон,"Коғазӣ, электронӣ",Музднок
КУМИТАИ ҲИФЗИ МУҲИТИ ЗИСТИ НАЗДИ ҲУКУМАТИ ҶУМҲУРИИ ТОҶИКИСТОН,Иҷозатнома,625,000625,"Иҷозатнома барои фаъолияти ба даст овардан ва фурӯши моддаҳои вайронкунандаи қабати озон, гидрофторкарбонҳо, ки дар замимаҳои А, В, С, Е, F Протоколи Монреал дохил шудаанд ва маҳсулоти дорандаи онҳо, моддаҳои ҳамчун хунуккунанда истифодашаванда, ки аз рӯйи таркиби физикӣ-кимёвии худ сӯзанда ва заҳрнок кор мекунанд",Шахсони воқеӣ ва ҳуқуқӣ,Кумитаи ҳифзи муҳити зисти назди Ҳукумати Ҷумҳурии Тоҷикистон,Кумитаи ҳифзи муҳити зисти назди Ҳукумати Ҷумҳурии Тоҷикистон,"Коғазӣ, электронӣ",Музднок
КУМИТАИ ҲИФЗИ МУҲИТИ ЗИСТИ НАЗДИ ҲУКУМАТИ ҶУМҲУРИИ ТОҶИКИСТОН,Иҷозатнома,626,000626,"Иҷозатнома барои фаъолияти истифода, коркарди дубора ва фурӯши моддаҳои вайронкунандаи қабати озон, гидрофторкарбонҳо, ки дар замимаҳои А, В, С, Е, F Протоколи Монреал дохил шудаанд ва маҳсулоти дорандаи онҳо, моддаҳои ҳамчун хунуккунанда истифодашаванда, ки аз рӯйи таркиби физикӣ-кимёвии худ сӯзанда ва заҳрнок кор мекунанд",Шахсони воқеӣ ва ҳуқуқӣ,Кумитаи ҳифзи муҳити зисти назди Ҳукумати Ҷумҳурии Тоҷикистон,Кумитаи ҳифзи муҳити зисти назди Ҳукумати Ҷумҳурии Тоҷикистон,"Коғазӣ, электронӣ",Музднок
КУМИТАИ ҲИФЗИ МУҲИТИ ЗИСТИ НАЗДИ ҲУКУМАТИ ҶУМҲУРИИ ТОҶИКИСТОН,Иҷозатнома,627,000627,"Иҷозатнома барои фаъолият оид ба нобудкунии моддаҳои вайронкунандаи қабати озон, гидрофторкарбонҳо, ки дар замимаҳои А, В, С, Е, F Протоколи Монреал дохил шудаанд ва маҳсулоти дорандаи онҳо, моддаҳои ҳамчун хунуккунанда истифодашаванда, ки аз рӯйи таркиби физикӣ-кимёвии худ сӯзанда ва заҳрнок кор мекунанд",Шахсони воқеӣ ва ҳуқуқӣ,Кумитаи ҳифзи муҳити зисти назди Ҳукумати Ҷумҳурии Тоҷикистон,Кумитаи ҳифзи муҳити зисти назди Ҳукумати Ҷумҳурии Тоҷикистон,"Коғазӣ, электронӣ",Музднок
КУМИТАИ ҲИФЗИ МУҲИТИ ЗИСТИ НАЗДИ ҲУКУМАТИ ҶУМҲУРИИ ТОҶИКИСТОН,Иҷозатнома,628,000628,"Фаъолият оид ба насб, хизматрасонӣ ва таъмири таҷҳизот, ки бо истифода аз моддаҳои вайронкунандаи қабати озон, гидрофторкарбонҳо, ки дар замимаҳои А, В, С, Е, F Протоколи Монреал дохил шудаанд ва дар шакли хунуккунанда, кафккунанда ва пропилен истифода мешаванд",Шахсони воқеӣ ва ҳуқуқӣ,Кумитаи ҳифзи муҳити зисти назди Ҳукумати Ҷумҳурии Тоҷикистон,Кумитаи ҳифзи муҳити зисти назди Ҳукумати Ҷумҳурии Тоҷикистон,"Коғазӣ, электронӣ",Музднок
КУМИТАИ ҲИФЗИ МУҲИТИ ЗИСТИ НАЗДИ ҲУКУМАТИ ҶУМҲУРИИ ТОҶИКИСТОН,Иҷозатнома,629,000629,"Иҷозатнома барои фаъолият оид ба истифодаи объектҳои олами набототе, ки ба Китоби сурхи Ҷумҳурии Тоҷикистон дохил гардидаанд",Шахсони воқеӣ ва ҳуқуқӣ,Кумитаи ҳифзи муҳити зисти назди Ҳукумати Ҷумҳурии Тоҷикистон,Кумитаи ҳифзи муҳити зисти назди Ҳукумати Ҷумҳурии Тоҷикистон,"Коғазӣ, электронӣ",Музднок
КУМИТАИ ҲИФЗИ МУҲИТИ ЗИСТИ НАЗДИ ҲУКУМАТИ ҶУМҲУРИИ ТОҶИКИСТОН,Иҷозатнома,630,000630,"Иҷозатнома барои фаъолият оид ба истифодаи объектҳои олами ҳайвоноте, ки ба Китоби сурхи Ҷумҳурии Тоҷикистон дохил гардидаанд",Шахсони воқеӣ ва ҳуқуқӣ,Кумитаи ҳифзи муҳити зисти назди Ҳукумати Ҷумҳурии Тоҷикистон,Кумитаи ҳифзи муҳити зисти назди Ҳукумати Ҷумҳурии Тоҷикистон,"Коғазӣ, электронӣ",Музднок
КУМИТАИ ҲИФЗИ МУҲИТИ ЗИСТИ НАЗДИ ҲУКУМАТИ ҶУМҲУРИИ ТОҶИКИСТОН,Иҷозатнома,631,000631,Иҷозатнома барои фаъолияти аудитории экологӣ,Шахсони воқеӣ ва ҳуқуқӣ,Кумитаи ҳифзи муҳити зисти назди Ҳукумати Ҷумҳурии Тоҷикистон,Кумитаи ҳифзи муҳити зисти назди Ҳукумати Ҷумҳурии Тоҷикистон,"Коғазӣ, электронӣ",Музднок
КУМИТАИ ҲИФЗИ МУҲИТИ ЗИСТИ НАЗДИ ҲУКУМАТИ ҶУМҲУРИИ ТОҶИКИСТОН,Иҷозат,632,000632,Иҷозат барои партофтани моддаҳои зараровар ба атмосфера,Шахсони воқеӣ ва ҳуқуқӣ,"Кумитаи ҳифзи муҳити зисти назди Ҳукумати Ҷумҳурии Тоҷикистон, сарраёсатҳои ҳифзи муҳити зисти Вилояти Мухтори Кӯҳистони Бадахшон, вилоятҳо, шаҳри Душанбе","Кумитаи ҳифзи муҳити зисти назди Ҳукумати Ҷумҳурии Тоҷикистон, сарраёсатҳои ҳифзи муҳити зисти Вилояти Мухтори Кӯҳистони Бадахшон, вилоятҳо, шаҳри Душанбе","Коғазӣ, электронӣ",Музднок
КУМИТАИ ҲИФЗИ МУҲИТИ ЗИСТИ НАЗДИ ҲУКУМАТИ ҶУМҲУРИИ ТОҶИКИСТОН,Иҷозат,633,000633,Иҷозат барои фаъолият оид ба истифодабарии махсуси об,Шахсони воқеӣ ва ҳуқуқӣ,Кумитаи ҳифзи муҳити зисти назди Ҳукумати Ҷумҳурии Тоҷикистон,Кумитаи ҳифзи муҳити зисти назди Ҳукумати Ҷумҳурии Тоҷикистон,"Коғазӣ, электронӣ",Музднок
КУМИТАИ ҲИФЗИ МУҲИТИ ЗИСТИ НАЗДИ ҲУКУМАТИ ҶУМҲУРИИ ТОҶИКИСТОН,Иҷозат,634,000634,Иҷозат барои пармакунии чоҳҳои об,Шахсони воқеӣ ва ҳуқуқӣ,Кумитаи ҳифзи муҳити зисти назди Ҳукумати Ҷумҳурии Тоҷикистон,Кумитаи ҳифзи муҳити зисти назди Ҳукумати Ҷумҳурии Тоҷикистон,"Коғазӣ, электронӣ",Музднок
КУМИТАИ ҲИФЗИ МУҲИТИ ЗИСТИ НАЗДИ ҲУКУМАТИ ҶУМҲУРИИ ТОҶИКИСТОН,Иҷозат,635,000635,Иҷозат барои фаъолият оид ба партофтани партовҳои обӣ,Шахсони воқеӣ ва ҳуқуқӣ,Кумитаи ҳифзи муҳити зисти назди Ҳукумати Ҷумҳурии Тоҷикистон,Кумитаи ҳифзи муҳити зисти назди Ҳукумати Ҷумҳурии Тоҷикистон,"Коғазӣ, электронӣ",Музднок
КУМИТАИ ҲИФЗИ МУҲИТИ ЗИСТИ НАЗДИ ҲУКУМАТИ ҶУМҲУРИИ ТОҶИКИСТОН,Иҷозат,636,000636,Иҷозат барои истифодабарии объекти олами ҳайвонот,Шахсони воқеӣ ва ҳуқуқӣ,Кумитаи ҳифзи муҳити зисти назди Ҳукумати Ҷумҳурии Тоҷикистон,Кумитаи ҳифзи муҳити зисти назди Ҳукумати Ҷумҳурии Тоҷикистон,"Коғазӣ, электронӣ",Музднок
КУМИТАИ ҲИФЗИ МУҲИТИ ЗИСТИ НАЗДИ ҲУКУМАТИ ҶУМҲУРИИ ТОҶИКИСТОН,Иҷозат,637,000637,Иҷозат барои истифодабарии объекти олами наботот,Шахсони воқеӣ ва ҳуқуқӣ,"Кумитаи ҳифзи муҳити зисти назди Ҳукумати Ҷумҳурии Тоҷикистон, сарраёсатҳои ҳифзи муҳити зисти Вилояти Мухтори Кӯҳистони Бадахшон, вилоятҳо, шаҳри Душанбе ва шуъбаю бахшҳои ҳифзи муҳити зисти шаҳру ноҳияҳо","Кумитаи ҳифзи муҳити зисти назди Ҳукумати Ҷумҳурии Тоҷикистон, сарраёсатҳои ҳифзи муҳити зисти Вилояти Мухтори Кӯҳистони Бадахшон, вилоятҳо, шаҳри Душанбе ва шуъбаю бахшҳои ҳифзи муҳити зисти шаҳру ноҳияҳо","Коғазӣ, электронӣ",Музднок
КУМИТАИ ҲИФЗИ МУҲИТИ ЗИСТИ НАЗДИ ҲУКУМАТИ ҶУМҲУРИИ ТОҶИКИСТОН,Иҷозат,638,000638,Иҷозат барои истифодабарии ҷангал,Шахсони воқеӣ ва ҳуқуқӣ,Кумитаи ҳифзи муҳити зисти назди Ҳукумати Ҷумҳурии Тоҷикистон,Кумитаи ҳифзи муҳити зисти назди Ҳукумати Ҷумҳурии Тоҷикистон,"Коғазӣ, электронӣ",Музднок
КУМИТАИ ҲИФЗИ МУҲИТИ ЗИСТИ НАЗДИ ҲУКУМАТИ ҶУМҲУРИИ ТОҶИКИСТОН,Иҷозат,639,000639,Иҷозат барои воридоти объекти олами наботот,Шахсони воқеӣ ва ҳуқуқӣ,Кумитаи ҳифзи муҳити зисти назди Ҳукумати Ҷумҳурии Тоҷикистон,Кумитаи ҳифзи муҳити зисти назди Ҳукумати Ҷумҳурии Тоҷикистон,"Коғазӣ, электронӣ",Музднок
КУМИТАИ ҲИФЗИ МУҲИТИ ЗИСТИ НАЗДИ ҲУКУМАТИ ҶУМҲУРИИ ТОҶИКИСТОН,Иҷозат,640,000640,Иҷозат барои содироти объекти олами наботот,Шахсони воқеӣ ва ҳуқуқӣ,Кумитаи ҳифзи муҳити зисти назди Ҳукумати Ҷумҳурии Тоҷикистон,Кумитаи ҳифзи муҳити зисти назди Ҳукумати Ҷумҳурии Тоҷикистон,"Коғазӣ, электронӣ",Музднок
КУМИТАИ ҲИФЗИ МУҲИТИ ЗИСТИ НАЗДИ ҲУКУМАТИ ҶУМҲУРИИ ТОҶИКИСТОН,Иҷозат,641,000641,Иҷозат барои воридоти объекти олами ҳайвонот,Шахсони воқеӣ ва ҳуқуқӣ,Кумитаи ҳифзи муҳити зисти назди Ҳукумати Ҷумҳурии Тоҷикистон,Кумитаи ҳифзи муҳити зисти назди Ҳукумати Ҷумҳурии Тоҷикистон,"Коғазӣ, электронӣ",Музднок
КУМИТАИ ҲИФЗИ МУҲИТИ ЗИСТИ НАЗДИ ҲУКУМАТИ ҶУМҲУРИИ ТОҶИКИСТОН,Иҷозат,642,000642,Иҷозат барои содироти объекти олами ҳайвонот,Шахсони воқеӣ ва ҳуқуқӣ,Кумитаи ҳифзи муҳити зисти назди Ҳукумати Ҷумҳурии Тоҷикистон,Кумитаи ҳифзи муҳити зисти назди Ҳукумати Ҷумҳурии Тоҷикистон,"Коғазӣ, электронӣ",Музднок
КУМИТАИ ҲИФЗИ МУҲИТИ ЗИСТИ НАЗДИ ҲУКУМАТИ ҶУМҲУРИИ ТОҶИКИСТОН,Иҷозат,643,000643,Иҷозат барои содироти ғанимати ҳайвонот,Шахсони воқеӣ ва ҳуқуқӣ,Кумитаи ҳифзи муҳити зисти назди Ҳукумати Ҷумҳурии Тоҷикистон,Кумитаи ҳифзи муҳити зисти назди Ҳукумати Ҷумҳурии Тоҷикистон,"Коғазӣ, электронӣ",Музднок
КУМИТАИ ҲИФЗИ МУҲИТИ ЗИСТИ НАЗДИ ҲУКУМАТИ ҶУМҲУРИИ ТОҶИКИСТОН,Иҷозат,644,000644,Иҷозат барои муайян кардани меъёри ҳосилшавии партовҳо,Шахсони воқеӣ ва ҳуқуқӣ,"Кумитаи ҳифзи муҳити зисти назди Ҳукумати Ҷумҳурии Тоҷикистон, сарраёсатҳои ҳифзи муҳити зисти Вилояти Мухтори Кӯҳистони Бадахшон, вилоятҳо, шаҳри Душанбе ва шуъбаю бахшҳои шаҳру ноҳияҳо","Кумитаи ҳифзи муҳити зисти назди Ҳукумати Ҷумҳурии Тоҷикистон, сарраёсатҳои ҳифзи муҳити зисти Вилояти Мухтори Кӯҳистони Бадахшон, вилоятҳо, шаҳри Душанбе ва шуъбаю бахшҳои шаҳру ноҳияҳо","Коғазӣ, электронӣ",Музднок
КУМИТАИ ҲИФЗИ МУҲИТИ ЗИСТИ НАЗДИ ҲУКУМАТИ ҶУМҲУРИИ ТОҶИКИСТОН,Иҷозат,645,000645,Иҷозати фаъолият барои нобудсозии партовҳо,Шахсони воқеӣ ва ҳуқуқӣ,"Кумитаи ҳифзи муҳити зисти назди Ҳукумати Ҷумҳурии Тоҷикистон, сарраёсатҳои ҳифзи муҳити зисти Вилояти Мухтори Кӯҳистони Бадахшон, вилоятҳо, шаҳри Душанбе ва шуъбаю бахшҳои шаҳру ноҳияҳо","Кумитаи ҳифзи муҳити зисти назди Ҳукумати Ҷумҳурии Тоҷикистон, сарраёсатҳои ҳифзи муҳити зисти Вилояти Мухтори Кӯҳистони Бадахшон, вилоятҳо, шаҳри Душанбе ва шуъбаю бахшҳои шаҳру ноҳияҳо","Коғазӣ, электронӣ",Музднок
КУМИТАИ ҲИФЗИ МУҲИТИ ЗИСТИ НАЗДИ ҲУКУМАТИ ҶУМҲУРИИ ТОҶИКИСТОН,Иҷозат,646,000646,Иҷозати фаъолият барои ҷойгиркунии партовҳо,Шахсони воқеӣ ва ҳуқуқӣ,"Кумитаи ҳифзи муҳити зисти назди Ҳукумати Ҷумҳурии Тоҷикистон, сарраёсатҳои ҳифзи муҳити зисти Вилояти Мухтори Кӯҳистони Бадахшон, вилоятҳо, шаҳри Душанбе ва шуъбаю бахшҳои шаҳру ноҳияҳо","Кумитаи ҳифзи муҳити зисти назди Ҳукумати Ҷумҳурии Тоҷикистон, сарраёсатҳои ҳифзи муҳити зисти Вилояти Мухтори Кӯҳистони Бадахшон, вилоятҳо, шаҳри Душанбе ва шуъбаю бахшҳои шаҳру ноҳияҳо","Коғазӣ, электронӣ",Музднок
КУМИТАИ ҲИФЗИ МУҲИТИ ЗИСТИ НАЗДИ ҲУКУМАТИ ҶУМҲУРИИ ТОҶИКИСТОН,Иҷозат,647,000647,Иҷозат барои воридоти партовҳо барои истифодабарии такрорӣ,Шахсони воқеӣ ва ҳуқуқӣ,Кумитаи ҳифзи муҳити зисти назди Ҳукумати Ҷумҳурии Тоҷикистон,Кумитаи ҳифзи муҳити зисти назди Ҳукумати Ҷумҳурии Тоҷикистон,"Коғазӣ, электронӣ",Музднок
КУМИТАИ ҲИФЗИ МУҲИТИ ЗИСТИ НАЗДИ ҲУКУМАТИ ҶУМҲУРИИ ТОҶИКИСТОН,Иҷозат,648,000648,Иҷозат барои содироти партовҳо барои истифодабарии такрорӣ,Шахсони воқеӣ ва ҳуқуқӣ,Кумитаи ҳифзи муҳити зисти назди Ҳукумати Ҷумҳурии Тоҷикистон,Кумитаи ҳифзи муҳити зисти назди Ҳукумати Ҷумҳурии Тоҷикистон,"Коғазӣ, электронӣ",Музднок
КУМИТАИ ҲИФЗИ МУҲИТИ ЗИСТИ НАЗДИ ҲУКУМАТИ ҶУМҲУРИИ ТОҶИКИСТОН,Иҷозат,649,000649,Иҷозати воридоти моддаҳои вайронкунандаи қабати озон,Шахсони воқеӣ ва ҳуқуқӣ,Кумитаи ҳифзи муҳити зисти назди Ҳукумати Ҷумҳурии Тоҷикистон,Кумитаи ҳифзи муҳити зисти назди Ҳукумати Ҷумҳурии Тоҷикистон,"Коғазӣ, электронӣ",Музднок
КУМИТАИ ҲИФЗИ МУҲИТИ ЗИСТИ НАЗДИ ҲУКУМАТИ ҶУМҲУРИИ ТОҶИКИСТОН,Сертификат,650,000650,Сертификати экологӣ барои маҳсулот,Шахсони воқеӣ ва ҳуқуқӣ,Кумитаи ҳифзи муҳити зисти назди Ҳукумати Ҷумҳурии Тоҷикистон,Кумитаи ҳифзи муҳити зисти назди Ҳукумати Ҷумҳурии Тоҷикистон,"Коғазӣ, электронӣ",Музднок
КУМИТАИ ҲИФЗИ МУҲИТИ ЗИСТИ НАЗДИ ҲУКУМАТИ ҶУМҲУРИИ ТОҶИКИСТОН,Хулоса,651,000651,Хулосаи экспертизаи давлатии экологӣ,Шахсони воқеӣ ва ҳуқуқӣ,"Экспертизаи давлатии экологӣ, сарраёсатҳои ҳифзи муҳити зисти Вилояти Мухтори Кӯҳистони Бадахшон, вилоятҳо, шаҳри Душанбе","Экспертизаи давлатии экологӣ, сарраёсатҳои ҳифзи муҳити зисти Вилояти Мухтори Кӯҳистони Бадахшон, вилоятҳо, шаҳри Душанбе","Коғазӣ, электронӣ",Музднок
КУМИТАИ ҲИФЗИ МУҲИТИ ЗИСТИ НАЗДИ ҲУКУМАТИ ҶУМҲУРИИ ТОҶИКИСТОН,Хулоса,652,000652,Хулоса аз натиҷаи озмоиши таҷҳизоти обуҳавошиносӣ,Шахсони воқеӣ ва ҳуқуқӣ,Агентии обуҳавошиносӣ,Агентии обуҳавошиносӣ,"Коғазӣ, электронӣ",Музднок
КУМИТАИ ҲИФЗИ МУҲИТИ ЗИСТИ НАЗДИ ҲУКУМАТИ ҶУМҲУРИИ ТОҶИКИСТОН,Хулоса,653,000653,"Хулоса аз натиҷаи озмоиши чархи обии ГР- 21,SEBA",Шахсони воқеӣ ва ҳуқуқӣ,Агентии обуҳавошиносӣ,Агентии обуҳавошиносӣ,"Коғазӣ, электронӣ",Музднок
КУМИТАИ ҲИФЗИ МУҲИТИ ЗИСТИ НАЗДИ ҲУКУМАТИ ҶУМҲУРИИ ТОҶИКИСТОН,Хулоса,654,000654,Хулоса аз натиҷаи санҷиши анемометри МС-13,Шахсони воқеӣ ва ҳуқуқӣ,Агентии обуҳавошиносӣ,Агентии обуҳавошиносӣ,"Коғазӣ, электронӣ",Музднок
КУМИТАИ ҲИФЗИ МУҲИТИ ЗИСТИ НАЗДИ ҲУКУМАТИ ҶУМҲУРИИ ТОҶИКИСТОН,Хулоса,655,000655,Хулоса аз натиҷаи санҷиши анемометри АП-1,Шахсони воқеӣ ва ҳуқуқӣ,Агентии обуҳавошиносӣ,Агентии обуҳавошиносӣ,"Коғазӣ, электронӣ",Музднок
КУМИТАИ ҲИФЗИ МУҲИТИ ЗИСТИ НАЗДИ ҲУКУМАТИ ҶУМҲУРИИ ТОҶИКИСТОН,Хулоса,656,000656,Хулоса аз натиҷаи санҷиши барограф М-22,Шахсони воқеӣ ва ҳуқуқӣ,Агентии обуҳавошиносӣ,Агентии обуҳавошиносӣ,"Коғазӣ, электронӣ",Музднок
КУМИТАИ ҲИФЗИ МУҲИТИ ЗИСТИ НАЗДИ ҲУКУМАТИ ҶУМҲУРИИ ТОҶИКИСТОН,Хулоса,657,000657,Хулоса аз натиҷаи санҷиши барометрии симобӣ,Шахсони воқеӣ ва ҳуқуқӣ,Агентии обуҳавошиносӣ,Агентии обуҳавошиносӣ,"Коғазӣ, электронӣ",Музднок
КУМИТАИ ҲИФЗИ МУҲИТИ ЗИСТИ НАЗДИ ҲУКУМАТИ ҶУМҲУРИИ ТОҶИКИСТОН,Хулоса,658,000658,Хулоса аз натиҷаи санҷиши барометр-симобии КР,Шахсони воқеӣ ва ҳуқуқӣ,Агентии обуҳавошиносӣ,Агентии обуҳавошиносӣ,"Коғазӣ, электронӣ",Музднок
КУМИТАИ ҲИФЗИ МУҲИТИ ЗИСТИ НАЗДИ ҲУКУМАТИ ҶУМҲУРИИ ТОҶИКИСТОН,Хулоса,659,000659,"Хулоса аз натиҷаи санҷиши барометр-симобии СРА, СРБ",Шахсони воқеӣ ва ҳуқуқӣ,Агентии обуҳавошиносӣ,Агентии обуҳавошиносӣ,"Коғазӣ, электронӣ",Музднок
КУМИТАИ ҲИФЗИ МУҲИТИ ЗИСТИ НАЗДИ ҲУКУМАТИ ҶУМҲУРИИ ТОҶИКИСТОН,Хулоса,660,000660,Хулоса аз натиҷаи санҷиши манометри-симобии МБП,Шахсони воқеӣ ва ҳуқуқӣ,Агентии обуҳавошиносӣ,Агентии обуҳавошиносӣ,"Коғазӣ, электронӣ",Музднок
КУМИТАИ ҲИФЗИ МУҲИТИ ЗИСТИ НАЗДИ ҲУКУМАТИ ҶУМҲУРИИ ТОҶИКИСТОН,Хулоса,661,000661,Хулоса аз натиҷаи санҷиши гигрограф М-21,Шахсони воқеӣ ва ҳуқуқӣ,Агентии обуҳавошиносӣ,Агентии обуҳавошиносӣ,"Коғазӣ, электронӣ",Музднок
КУМИТАИ ҲИФЗИ МУҲИТИ ЗИСТИ НАЗДИ ҲУКУМАТИ ҶУМҲУРИИ ТОҶИКИСТОН,Хулоса,662,000662,Хулоса аз натиҷаи санҷиши психрометри аспираситоннии М-34,Шахсони воқеӣ ва ҳуқуқӣ,Агентии обуҳавошиносӣ,Агентии обуҳавошиносӣ,"Коғазӣ, электронӣ",Музднок
КУМИТАИ ҲИФЗИ МУҲИТИ ЗИСТИ НАЗДИ ҲУКУМАТИ ҶУМҲУРИИ ТОҶИКИСТОН,Хулоса,663,000663,Хулоса аз натиҷаи санҷиши психрометри аспирасиионнии МВ-4М,Шахсони воқеӣ ва ҳуқуқӣ,Агентии обуҳавошиносӣ,Агентии обуҳавошиносӣ,"Коғазӣ, электронӣ",Музднок
КУМИТАИ ҲИФЗИ МУҲИТИ ЗИСТИ НАЗДИ ҲУКУМАТИ ҶУМҲУРИИ ТОҶИКИСТОН,Хулоса,664,000664,"Хулоса аз натиҷаи санҷиши гигрометр М-68, М-19",Шахсони воқеӣ ва ҳуқуқӣ,Агентии обуҳавошиносӣ,Агентии обуҳавошиносӣ,"Коғазӣ, электронӣ",Музднок
КУМИТАИ ҲИФЗИ МУҲИТИ ЗИСТИ НАЗДИ ҲУКУМАТИ ҶУМҲУРИИ ТОҶИКИСТОН,Хулоса,665,000665,Хулоса аз натиҷаи санҷиши термограф М-16,Шахсони воқеӣ ва ҳуқуқӣ,Агентии обуҳавошиносӣ,Агентии обуҳавошиносӣ,"Коғазӣ, электронӣ",Музднок
КУМИТАИ ҲИФЗИ МУҲИТИ ЗИСТИ НАЗДИ ҲУКУМАТИ ҶУМҲУРИИ ТОҶИКИСТОН,Хулоса,666,000666,Хулоса аз натиҷаи санҷиши актинометр,Шахсони воқеӣ ва ҳуқуқӣ,Агентии обуҳавошиносӣ,Агентии обуҳавошиносӣ,"Коғазӣ, электронӣ",Музднок
КУМИТАИ ҲИФЗИ МУҲИТИ ЗИСТИ НАЗДИ ҲУКУМАТИ ҶУМҲУРИИ ТОҶИКИСТОН,Хулоса,667,000667,Хулоса аз натиҷаи санҷиши албедометр М-69,Шахсони воқеӣ ва ҳуқуқӣ,Агентии обуҳавошиносӣ,Агентии обуҳавошиносӣ,"Коғазӣ, электронӣ",Музднок
КУМИТАИ ҲИФЗИ МУҲИТИ ЗИСТИ НАЗДИ ҲУКУМАТИ ҶУМҲУРИИ ТОҶИКИСТОН,Хулоса,668,000668,Хулоса аз натиҷаи санҷиши балансометр М-10,Шахсони воқеӣ ва ҳуқуқӣ,Агентии обуҳавошиносӣ,Агентии обуҳавошиносӣ,"Коғазӣ, электронӣ",Музднок
КУМИТАИ ҲИФЗИ МУҲИТИ ЗИСТИ НАЗДИ ҲУКУМАТИ ҶУМҲУРИИ ТОҶИКИСТОН,Хулоса,669,000669,Хулоса аз натиҷаи санҷиши пиранометр М-80М,Шахсони воқеӣ ва ҳуқуқӣ,Агентии обуҳавошиносӣ,Агентии обуҳавошиносӣ,"Коғазӣ, электронӣ",Музднок
КУМИТАИ ҲИФЗИ МУҲИТИ ЗИСТИ НАЗДИ ҲУКУМАТИ ҶУМҲУРИИ ТОҶИКИСТОН,Хулоса,670,000670,Хулоса аз натиҷаи санҷиши осадкомер,Шахсони воқеӣ ва ҳуқуқӣ,Агентии обуҳавошиносӣ,Агентии обуҳавошиносӣ,"Коғазӣ, электронӣ",Музднок
КУМИТАИ ҲОЛАТҲОИ ФАВҚУЛОДДА ВА МУДОФИАИ ГРАЖДАНИИ НАЗДИ ҲУКУМАТИ ҶУМҲУРИИ ТОҶИКИСТОН,Хулоса,673,000673,Хулоса аз натиҷаи озмоиши лабораторӣ дар самти мудофиаи гражданӣ,Шахсони воқеӣ ва ҳуқуқӣ,Озмоишгоҳи ҷумҳуриявии кимиёвӣ-радиометрӣ,Озмоишгоҳи ҷумҳуриявии кимиёвӣ-радиометрӣ,"Коғазӣ, электронӣ",Музднок
КУМИТАИ ТЕЛЕВИЗИОН ВА РАДИОИ НАЗДИ ҲУКУМАТИ ҶУМҲУРИИ ТОҶИКИСТОН,,678,000678,Иҷозатнома барои фаъолият дар соҳаи истеҳсол ва фурўши маҳсулоти аудиовизуалӣ,Шахсони воқеӣ ва ҳуқуқӣ,Бозрасии давлатии назорат дар соҳаи телевизион ва радиошунавонӣ,Бозрасии давлатии назорат дар соҳаи телевизион ва радиошунавонӣ,"Коғазӣ, электронӣ",Музднок
КУМИТАИ ТЕЛЕВИЗИОН ВА РАДИОИ НАЗДИ ҲУКУМАТИ ҶУМҲУРИИ ТОҶИКИСТОН,,679,000679,Иҷозатнома барои фаъолият оид ба фурўши маҳсулоти аудиовизуалӣ,Шахсони воқеӣ ва ҳуқуқӣ,Бозрасии давлатии назорат дар соҳаи телевизион ва радиошунавонӣ,Бозрасии давлатии назорат дар соҳаи телевизион ва радиошунавонӣ,"Коғазӣ, электронӣ",Музднок
КУМИТАИ РУШДИ САЙЁҲИИ НАЗДИ ҲУКУМАТИ ҶУМҲУРИИ ТОҶИКИСТОН,Сертификат,680,000680,Сертификат барои маҳсулоти сайёҳии Ҷумҳурии Тоҷикистон,Шахсони воқеи ва ҳуқуқӣ,Кумитаи рушди сайёҳии назди Ҳукумати Ҷумҳурии Тоҷикистон,Кумитаи рушди сайёҳии назди Ҳукумати Ҷумҳурии Тоҷикистон,"Коғазӣ, электронӣ",Музднок
КУМИТАИ РУШДИ САЙЁҲИИ НАЗДИ ҲУКУМАТИ ҶУМҲУРИИ ТОҶИКИСТОН,Сертификат,681,000681,Сертификат барои хизматрасонии фаъолияти субъектони сайёҳии Ҷумҳурии Тоҷикистон,Шахсони воқеи ва ҳуқуқӣ,Кумитаи рушди сайёҳии назди Ҳукумати Ҷумҳурии Тоҷикистон,Кумитаи рушди сайёҳии назди Ҳукумати Ҷумҳурии Тоҷикистон,"Коғазӣ, электронӣ",Музднок
КУМИТАИ РУШДИ САЙЁҲИИ НАЗДИ ҲУКУМАТИ ҶУМҲУРИИ ТОҶИКИСТОН,Шиноснома,682,000682,Шиносномаи мақоми объектҳои сайёҳии Ҷумҳурии Тоҷикистон,Шахсони воқеи ва ҳуқуқӣ,Кумитаи рушди сайёҳии назди Ҳукумати Ҷумҳурии Тоҷикистон,Кумитаи рушди сайёҳии назди Ҳукумати Ҷумҳурии Тоҷикистон,"Коғазӣ, электронӣ",Музднок
КУМИТАИ ХОҶАГИИ МАНЗИЛИЮ КОММУНАЛИИ НАЗДИ ҲУКУМАТИ ҶУМҲУРИИ ТОҶИКИСТОН,Мувофиқакунӣ,683,000683,Мувофиқакунии корҳо оид ба қабудизоркунии роҳҳо,Шахсони воқеӣ ва ҳуқуқӣ,"Корхонаҳои давлатии фаръии «Хоҷагии манзилию коммуналӣ»-и шаҳру ноҳияҳо, Муассисаҳои давлатии нигоҳдории роҳҳои автомобилгарди шаҳру ноҳияҳо","Корхонаҳои давлатии фаръии «Хоҷагии манзилию коммуналӣ»-и шаҳру ноҳияҳо, Муассисаҳои давлатии нигоҳдории роҳҳои автомобилгарди шаҳру ноҳияҳо","Коғазӣ, электронӣ",Ройгон
КУМИТАИ ХОҶАГИИ МАНЗИЛИЮ КОММУНАЛИИ НАЗДИ ҲУКУМАТИ ҶУМҲУРИИ ТОҶИКИСТОН,Шартнома,684,000684,Шартнома оид ба таъминот бо оби нӯшокӣ,Шахсони воқеӣ ва ҳуқуқӣ,"Корхонаи давлатии обу корез, оби нӯшокӣ ва рафъи обҳои партов","Корхонаи давлатии обу корез, оби нӯшокӣ ва рафъи обҳои партов","Коғазӣ, электронӣ",Музднок
КУМИТАИ ХОҶАГИИ МАНЗИЛИЮ КОММУНАЛИИ НАЗДИ ҲУКУМАТИ ҶУМҲУРИИ ТОҶИКИСТОН,Шартнома,685,000685,Шартнома оид ба хизматрасонии партовҳо,Шахсони воқеӣ ва ҳуқуқӣ,Корхонаҳои давлатии фаръии «Хоҷагии манзилию коммуналӣ»-и шаҳру ноҳияҳо,Корхонаҳои давлатии фаръии «Хоҷагии манзилию коммуналӣ»-и шаҳру ноҳияҳо,"Коғазӣ, электронӣ",Музднок
ХАДАМОТИ АЛОҚАИ НАЗДИ ҲУКУМАТИ ҶУМҲУРИИ ТОҶИКИСТОН,Бақайдгирӣ (азнавбақайдгирӣ),686,000686,Бақайдгирии шартномаҳои пайвастшавии байнишабакавӣ,Шахсони воқеӣ ва ҳуқуқӣ,Хадамоти алоқаи назди Ҳукумати Ҷумҳурии Тоҷикистон,Хадамоти алоқаи назди Ҳукумати Ҷумҳурии Тоҷикистон,"Коғазӣ, электронӣ",Музднок
ХАДАМОТИ АЛОҚАИ НАЗДИ ҲУКУМАТИ ҶУМҲУРИИ ТОҶИКИСТОН,Иҷозатнома,687,000687,"Иҷозатнома барои фаъолият оид ба қабул, коркард, кашонидан ва бурда расонидан (супоридан)-и муросилоти почта",Шахсони воқеӣ ва ҳуқуқӣ,Хадамоти алоқаи назди Ҳукумати Ҷумҳурии Тоҷикистон,Хадамоти алоқаи назди Ҳукумати Ҷумҳурии Тоҷикистон,"Коғазӣ, электронӣ",Музднок
ХАДАМОТИ АЛОҚАИ НАЗДИ ҲУКУМАТИ ҶУМҲУРИИ ТОҶИКИСТОН,Иҷозатнома,688,000688,Иҷозатнома барои фаъолият оид ба қабул ва интиқоли маблағҳои пулӣ тавассути почта,Шахсони воқеӣ ва ҳуқуқӣ,Хадамоти алоқаи назди Ҳукумати Ҷумҳурии Тоҷикистон,Хадамоти алоқаи назди Ҳукумати Ҷумҳурии Тоҷикистон,"Коғазӣ, электронӣ",Музднок
ХАДАМОТИ АЛОҚАИ НАЗДИ ҲУКУМАТИ ҶУМҲУРИИ ТОҶИКИСТОН,Иҷозатнома,689,000689,Иҷозатнома барои фаъолият оид ба почтаи курйерӣ ва хизматрасониҳои курйерӣ,Шахсони воқеӣ ва ҳуқуқӣ,Хадамоти алоқаи назди Ҳукумати Ҷумҳурии Тоҷикистон,Хадамоти алоқаи назди Ҳукумати Ҷумҳурии Тоҷикистон,"Коғазӣ, электронӣ",Музднок
ХАДАМОТИ АЛОҚАИ НАЗДИ ҲУКУМАТИ ҶУМҲУРИИ ТОҶИКИСТОН,Иҷозатнома,690,000690,Иҷозатнома барои фаъолият оид ба хизматрасониҳои почтаи байналмилалӣ,Шахсони воқеӣ ва ҳуқуқӣ,Хадамоти алоқаи назди Ҳукумати Ҷумҳурии Тоҷикистон,Хадамоти алоқаи назди Ҳукумати Ҷумҳурии Тоҷикистон,"Коғазӣ, электронӣ",Музднок
ХАДАМОТИ АЛОҚАИ НАЗДИ ҲУКУМАТИ ҶУМҲУРИИ ТОҶИКИСТОН,Иҷозатнома,691,000691,Иҷозатнома барои фаъолият оид ба истеҳсол ва фурўши аломатҳои давлатии пардохти алоқаи почта,Шахсони воқеӣ ва ҳуқуқӣ,Хадамоти алоқаи назди Ҳукумати Ҷумҳурии Тоҷикистон,Хадамоти алоқаи назди Ҳукумати Ҷумҳурии Тоҷикистон,"Коғазӣ, электронӣ",Музднок
ХАДАМОТИ АЛОҚАИ НАЗДИ ҲУКУМАТИ ҶУМҲУРИИ ТОҶИКИСТОН,Иҷозатнома,692,000692,"Иҷозатнома барои фаъолият оид ба қабул, коркард, кашонидан ва бурда расонидан (супоридан)-и муросилоти алоқаи махсус ва фелдъегерӣ",Шахсони воқеӣ ва ҳуқуқӣ,Хадамоти алоқаи назди Ҳукумати Ҷумҳурии Тоҷикистон,Хадамоти алоқаи назди Ҳукумати Ҷумҳурии Тоҷикистон,"Коғазӣ, электронӣ",Музднок
ХАДАМОТИ АЛОҚАИ НАЗДИ ҲУКУМАТИ ҶУМҲУРИИ ТОҶИКИСТОН,Иҷозатнома,693,000693,Иҷозатнома барои фаъолият оид ба хизматрасониҳои алоқаи радифии глобалии шахсӣ,Шахсони воқеӣ ва ҳуқуқӣ,Хадамоти алоқаи назди Ҳукумати Ҷумҳурии Тоҷикистон,Хадамоти алоқаи назди Ҳукумати Ҷумҳурии Тоҷикистон,"Коғазӣ, электронӣ",Музднок
ХАДАМОТИ АЛОҚАИ НАЗДИ ҲУКУМАТИ ҶУМҲУРИИ ТОҶИКИСТОН,Иҷозатнома,694,000694,Иҷозатнома барои фаъолият оид ба хизматрасониҳои алоқаи телефонии байнишаҳрӣ тавассути шабакаи операторон,Шахсони воқеӣ ва ҳуқуқӣ,Хадамоти алоқаи назди Ҳукумати Ҷумҳурии Тоҷикистон,Хадамоти алоқаи назди Ҳукумати Ҷумҳурии Тоҷикистон,"Коғазӣ, электронӣ",Музднок
ХАДАМОТИ АЛОҚАИ НАЗДИ ҲУКУМАТИ ҶУМҲУРИИ ТОҶИКИСТОН,Иҷозатнома,695,000695,Иҷозатнома барои фаъолият оид ба хизматрасониҳои алоқаи телефонии байналмилалӣ тавассути шабакаи операторон,Шахсони воқеӣ ва ҳуқуқӣ,Хадамоти алоқаи назди Ҳукумати Ҷумҳурии Тоҷикистон,Хадамоти алоқаи назди Ҳукумати Ҷумҳурии Тоҷикистон,"Коғазӣ, электронӣ",Музднок
ХАДАМОТИ АЛОҚАИ НАЗДИ ҲУКУМАТИ ҶУМҲУРИИ ТОҶИКИСТОН,Иҷозатнома,696,000696,Иҷозатнома барои фаъолият оид ба хизматрасониҳои алоқаи транкӣ бо ҷудонамоӣ аз рўйи ҳар як стандарт,Шахсони воқеӣ ва ҳуқуқӣ,Хадамоти алоқаи назди Ҳукумати Ҷумҳурии Тоҷикистон,Хадамоти алоқаи назди Ҳукумати Ҷумҳурии Тоҷикистон,"Коғазӣ, электронӣ",Музднок
ХАДАМОТИ АЛОҚАИ НАЗДИ ҲУКУМАТИ ҶУМҲУРИИ ТОҶИКИСТОН,Иҷозатнома,697,000697,Иҷозатнома барои фаъолият оид ба хизматрасониҳои хадамоти телематикӣ (ба истиснои IР-телефония),Шахсони воқеӣ ва ҳуқуқӣ,Хадамоти алоқаи назди Ҳукумати Ҷумҳурии Тоҷикистон,Хадамоти алоқаи назди Ҳукумати Ҷумҳурии Тоҷикистон,"Коғазӣ, электронӣ",Музднок
ХАДАМОТИ АЛОҚАИ НАЗДИ ҲУКУМАТИ ҶУМҲУРИИ ТОҶИКИСТОН,Иҷозатнома,698,000698,Иҷозатнома барои фаъолият оид ба хизматрасониҳои ҷиҳати интиқоли маълумот (аз ҷумла алоқаи телеграфӣ ва IР - телефония) тавассути шабакаи операторон,Шахсони воқеӣ ва ҳуқуқӣ,Хадамоти алоқаи назди Ҳукумати Ҷумҳурии Тоҷикистон,Хадамоти алоқаи назди Ҳукумати Ҷумҳурии Тоҷикистон,"Коғазӣ, электронӣ",Музднок
ХАДАМОТИ АЛОҚАИ НАЗДИ ҲУКУМАТИ ҶУМҲУРИИ ТОҶИКИСТОН,Иҷозатнома,699,000699,"Иҷозатнома барои фаъолият оид ба хизматҳо ҷиҳати истеҳсол, сохтан ва насби шабакаҳо, системаҳо ва дастгоҳҳои алоқаи барқӣ, радиоалоқа, радио ва телевизион",Шахсони воқеӣ ва ҳуқуқӣ,Хадамоти алоқаи назди Ҳукумати Ҷумҳурии Тоҷикистон,Хадамоти алоқаи назди Ҳукумати Ҷумҳурии Тоҷикистон,"Коғазӣ, электронӣ",Музднок
ХАДАМОТИ АЛОҚАИ НАЗДИ ҲУКУМАТИ ҶУМҲУРИИ ТОҶИКИСТОН,Иҷозатнома,700,000700,"Иҷозатнома барои фаъолият оид ба васл, ба истифода додан ва хизматрасонии техникии истгоҳҳои худкори телефонии хурд",Шахсони воқеӣ ва ҳуқуқӣ,Хадамоти алоқаи назди Ҳукумати Ҷумҳурии Тоҷикистон,Хадамоти алоқаи назди Ҳукумати Ҷумҳурии Тоҷикистон,"Коғазӣ, электронӣ",Музднок
ХАДАМОТИ АЛОҚАИ НАЗДИ ҲУКУМАТИ ҶУМҲУРИИ ТОҶИКИСТОН,Иҷозатнома,701,000701,"Иҷозатнома барои фаъолият оид ба васл, ба истифода додан ва хизматрасонии техникии воситаҳои радиоэлектронӣ (радиоистгоҳҳо, телефонҳои радифӣ ва радиоӣ, истгоҳҳои рўйизаминӣ, радиомодемҳо)",Шахсони воқеӣ ва ҳуқуқӣ,Хадамоти алоқаи назди Ҳукумати Ҷумҳурии Тоҷикистон,Хадамоти алоқаи назди Ҳукумати Ҷумҳурии Тоҷикистон,"Коғазӣ, электронӣ",Музднок
ХАДАМОТИ АЛОҚАИ НАЗДИ ҲУКУМАТИ ҶУМҲУРИИ ТОҶИКИСТОН,Иҷозатнома,702,000702,"Иҷозатнома барои фаъолият оид ба банақшагирӣ, сохтмон, истифодабарии шабакаҳо, воситаҳои алоқа (аз ҷумла ба истифода додани хатҳо, шоҳроҳҳои алоқа)",Шахсони воқеӣ ва ҳуқуқӣ,Хадамоти алоқаи назди Ҳукумати Ҷумҳурии Тоҷикистон,Хадамоти алоқаи назди Ҳукумати Ҷумҳурии Тоҷикистон,"Коғазӣ, электронӣ",Музднок
ХАДАМОТИ АЛОҚАИ НАЗДИ ҲУКУМАТИ ҶУМҲУРИИ ТОҶИКИСТОН,Иҷозатнома,703,000703,Иҷозатнома барои фаъолият оид ба хизматҳои алоқаи телефонии маҳаллӣ,Шахсони воқеӣ ва ҳуқуқӣ,Хадамоти алоқаи назди Ҳукумати Ҷумҳурии Тоҷикистон,Хадамоти алоқаи назди Ҳукумати Ҷумҳурии Тоҷикистон,"Коғазӣ, электронӣ",Музднок
ХАДАМОТИ АЛОҚАИ НАЗДИ ҲУКУМАТИ ҶУМҲУРИИ ТОҶИКИСТОН,Иҷозатнома,704,000704,Иҷозатнома барои фаъолият оид ба хизматҳои алоқаи телефонии байнишаҳрӣ,Шахсони воқеӣ ва ҳуқуқӣ,Хадамоти алоқаи назди Ҳукумати Ҷумҳурии Тоҷикистон,Хадамоти алоқаи назди Ҳукумати Ҷумҳурии Тоҷикистон,"Коғазӣ, электронӣ",Музднок
ХАДАМОТИ АЛОҚАИ НАЗДИ ҲУКУМАТИ ҶУМҲУРИИ ТОҶИКИСТОН,Иҷозатнома,705,000705,Иҷозатнома барои фаъолият оид ба хизматҳои алоқаи телефонии байналмилалӣ,Шахсони воқеӣ ва ҳуқуқӣ,Хадамоти алоқаи назди Ҳукумати Ҷумҳурии Тоҷикистон,Хадамоти алоқаи назди Ҳукумати Ҷумҳурии Тоҷикистон,"Коғазӣ, электронӣ",Музднок
ХАДАМОТИ АЛОҚАИ НАЗДИ ҲУКУМАТИ ҶУМҲУРИИ ТОҶИКИСТОН,Иҷозатнома,706,000706,Иҷозатнома барои фаъолият оид ба хизматҳо ҷиҳати интиқоли маълумот (аз ҷумла алоқаи телеграфӣ ва IР-телефония),Шахсони воқеӣ ва ҳуқуқӣ,Хадамоти алоқаи назди Ҳукумати Ҷумҳурии Тоҷикистон,Хадамоти алоқаи назди Ҳукумати Ҷумҳурии Тоҷикистон,"Коғазӣ, электронӣ",Музднок
ХАДАМОТИ АЛОҚАИ НАЗДИ ҲУКУМАТИ ҶУМҲУРИИ ТОҶИКИСТОН,Иҷозатнома,707,000707,Иҷозатнома барои фаъолият оид ба хизматҳои алоқаи мобилии истифодаи умум бо ҷудонамоӣ аз рўйи ҳар як стандарт,Шахсони воқеӣ ва ҳуқуқӣ,Хадамоти алоқаи назди Ҳукумати Ҷумҳурии Тоҷикистон,Хадамоти алоқаи назди Ҳукумати Ҷумҳурии Тоҷикистон,"Коғазӣ, электронӣ",Музднок
ХАДАМОТИ АЛОҚАИ НАЗДИ ҲУКУМАТИ ҶУМҲУРИИ ТОҶИКИСТОН,Иҷозатнома,708,000708,Иҷозатнома барои фаъолият оид ба хизматҳои радиодаъвати шахсӣ,Шахсони воқеӣ ва ҳуқуқӣ,Хадамоти алоқаи назди Ҳукумати Ҷумҳурии Тоҷикистон,Хадамоти алоқаи назди Ҳукумати Ҷумҳурии Тоҷикистон,"Коғазӣ, электронӣ",Музднок
ХАДАМОТИ АЛОҚАИ НАЗДИ ҲУКУМАТИ ҶУМҲУРИИ ТОҶИКИСТОН,Иҷозатнома,709,000709,Иҷозатнома барои фаъолият оид ба хизматҳо ҷиҳати ба истифода додани шабакаҳои пахши барномаҳои телевизион ва радио,Шахсони воқеӣ ва ҳуқуқӣ,Хадамоти алоқаи назди Ҳукумати Ҷумҳурии Тоҷикистон,Хадамоти алоқаи назди Ҳукумати Ҷумҳурии Тоҷикистон,"Коғазӣ, электронӣ",Музднок
ХАДАМОТИ АЛОҚАИ НАЗДИ ҲУКУМАТИ ҶУМҲУРИИ ТОҶИКИСТОН,Иҷозатнома,710,000710,"Иҷозатнома барои фаъолият оид ба хизматҳои хадамоти телематикӣ, аз ҷумла хизматрасонии контент-провайдерӣ (ба истиснои IР -телефония)",Шахсони воқеӣ ва ҳуқуқӣ,Хадамоти алоқаи назди Ҳукумати Ҷумҳурии Тоҷикистон,Хадамоти алоқаи назди Ҳукумати Ҷумҳурии Тоҷикистон,"Коғазӣ, электронӣ",Музднок
ХАДАМОТИ АЛОҚАИ НАЗДИ ҲУКУМАТИ ҶУМҲУРИИ ТОҶИКИСТОН,Иҷозат,711,000711,Иҷозат барои истифодабарии захираҳои рақамгузорӣ дар соҳаи алоқаи барқӣ,Шахсони воқеӣ ва ҳуқуқӣ,Хадамоти алоқаи назди Ҳукумати Ҷумҳурии Тоҷикистон,Хадамоти алоқаи назди Ҳукумати Ҷумҳурии Тоҷикистон,"Коғазӣ, электронӣ",Музднок
ХАДАМОТИ АЛОҚАИ НАЗДИ ҲУКУМАТИ ҶУМҲУРИИ ТОҶИКИСТОН,Иҷозат,712,000712,Иҷозат барои истифодабарии радиобасомадҳо,Шахсони воқеӣ ва ҳуқуқӣ,Хадамоти алоқаи назди Ҳукумати Ҷумҳурии Тоҷикистон,Хадамоти алоқаи назди Ҳукумати Ҷумҳурии Тоҷикистон,"Коғазӣ, электронӣ",Музднок
ХАДАМОТИ АЛОҚАИ НАЗДИ ҲУКУМАТИ ҶУМҲУРИИ ТОҶИКИСТОН,Иҷозат,713,000713,"Иҷозат барои насби воситаҳои радиоэлектронӣ ва дастгоҳҳои баландбасомаде, ки афканишоти радиозудӣ доранд ё манбаи мавҷҳои электромагнитӣ мебошанд",Шахсони воқеӣ ва ҳуқуқӣ,Хадамоти алоқаи назди Ҳукумати Ҷумҳурии Тоҷикистон,Хадамоти алоқаи назди Ҳукумати Ҷумҳурии Тоҷикистон,"Коғазӣ, электронӣ",Музднок
ХАДАМОТИ АЛОҚАИ НАЗДИ ҲУКУМАТИ ҶУМҲУРИИ ТОҶИКИСТОН,Иҷозат,714,000714,"Иҷозат барои фаъолият барои истифодабарии воситаҳои радиоэлектронӣ ва дастгоҳҳои баландбасомаде, ки афканишоти радиозудӣ доранд ё манбаи мавҷҳои электромагнитӣ мебошанд",Шахсони воқеӣ ва ҳуқуқӣ,Хадамоти алоқаи назди Ҳукумати Ҷумҳурии Тоҷикистон,Хадамоти алоқаи назди Ҳукумати Ҷумҳурии Тоҷикистон,"Коғазӣ, электронӣ",Музднок
ХАДАМОТИ АЛОҚАИ НАЗДИ ҲУКУМАТИ ҶУМҲУРИИ ТОҶИКИСТОН,Сертификат,715,000715,Сертификати мутобиқати ҳатмии таҷҳизот барои соҳаи алоқаи барқӣ,Шахсони воқеӣ ва ҳуқуқӣ,Хадамоти алоқаи назди Ҳукумати Ҷумҳурии Тоҷикистон,Хадамоти алоқаи назди Ҳукумати Ҷумҳурии Тоҷикистон,"Коғазӣ, электронӣ",Музднок
ХАДАМОТИ ГУМРУКИ НАЗДИ ҲУКУМАТИ ҶУМҲУРИИ ТОҶИКИСТОН,Бақайдгирӣ,716,000716,Бақайдгирӣ дар Феҳристи боркашонҳои гумрукӣ (шаҳодатнома дар бораи дохил намудан ба Феҳристи боркашонҳои гумрукӣ),Шахсони воқеӣ ва ҳуқуқӣ,Хадамоти гумруки назди Ҳукумати Ҷумҳурии Тоҷикистон,Хадамоти гумруки назди Ҳукумати Ҷумҳурии Тоҷикистон,"Коғазӣ, электронӣ",Ройгон
ХАДАМОТИ ГУМРУКИ НАЗДИ ҲУКУМАТИ ҶУМҲУРИИ ТОҶИКИСТОН,Бақайдгирӣ,717,000717,Бақайдгирӣ дар Феҳристи танзимгарони ваколатдори иқтисодӣ (шаҳодатнома дар бораи дохил намудан ба Феҳристи танзимгарони ваколатдори иқтисодӣ),Шахсони воқеӣ ва ҳуқуқӣ,Хадамоти гумруки назди Ҳукумати Ҷумҳурии Тоҷикистон,Хадамоти гумруки назди Ҳукумати Ҷумҳурии Тоҷикистон,"Коғазӣ, электронӣ",Ройгон
ХАДАМОТИ ГУМРУКИ НАЗДИ ҲУКУМАТИ ҶУМҲУРИИ ТОҶИКИСТОН,Бақайдгирӣ,718,000718,Бақайдгирӣ дар Феҳристи соҳибони анборҳои нигаҳдории муваққатӣ (шаҳодатнома дар барои дохил намудан ба Феҳристи соҳибони анборҳои нигаҳдории муваққатӣ),Шахсони воқеӣ ва ҳуқуқӣ,Хадамоти гумруки назди Ҳукумати Ҷумҳурии Тоҷикистон,Хадамоти гумруки назди Ҳукумати Ҷумҳурии Тоҷикистон,"Коғазӣ, электронӣ",Ройгон
ХАДАМОТИ ГУМРУКИ НАЗДИ ҲУКУМАТИ ҶУМҲУРИИ ТОҶИКИСТОН,Бақайдгирӣ,719,000719,Бақайдгирӣ дар Феҳристи брокерони гумрук (намояндагон) (шаҳодатнома дар хусуси дохил намудан ба Феҳристи брокерони гумрук (намояндагон)),Шахсони воқеӣ ва ҳуқуқӣ,Хадамоти гумруки назди Ҳукумати Ҷумҳурии Тоҷикистон,Хадамоти гумруки назди Ҳукумати Ҷумҳурии Тоҷикистон,"Коғазӣ, электронӣ",Ройгон
ХАДАМОТИ ГУМРУКИ НАЗДИ ҲУКУМАТИ ҶУМҲУРИИ ТОҶИКИСТОН,Бақайдгирӣ,720,000720,Бақайдгирӣ дар Феҳристи соҳибони анборҳои гумрукӣ (шаҳодатнома дар барои дохил намудан ба Феҳристи соҳибони анборҳои гумрукӣ),Шахсони воқеӣ ва ҳуқуқӣ,Хадамоти гумруки назди Ҳукумати Ҷумҳурии Тоҷикистон,Хадамоти гумруки назди Ҳукумати Ҷумҳурии Тоҷикистон,"Коғазӣ, электронӣ",Ройгон
ХАДАМОТИ ГУМРУКИ НАЗДИ ҲУКУМАТИ ҶУМҲУРИИ ТОҶИКИСТОН,Бақайдгирӣ,721,000721,Бақайдгирӣ дар Феҳристи соҳибони мағозаҳои савдои бебоҷ (шаҳодатнома дар барои дохил кардан ба Феҳристи соҳибони мағозаҳои савдои бебоҷ),Шахсони воқеӣ ва ҳуқуқӣ,Хадамоти гумруки назди Ҳукумати Ҷумҳурии Тоҷикистон,Хадамоти гумруки назди Ҳукумати Ҷумҳурии Тоҷикистон,"Коғазӣ, электронӣ",Ройгон
ХАДАМОТИ ГУМРУКИ НАЗДИ ҲУКУМАТИ ҶУМҲУРИИ ТОҶИКИСТОН,Бақайдгирӣ,722,000722,"Бақайдгирии бонкҳо дар Феҳристи бонкҳое, ки барои додани кафолати бонкӣ ба сифати таъмини пардохти боҷҳои гумрукӣ ва андоз ҳуқуқ доранд (шаҳодатнома дар бораи дохил кардан ба Феҳристи бонкҳое, ки барои додани кафолати бонкӣ ба сифати таъмини пардохти боҷҳои гумрукӣ ва андоз ҳуқуқ доранд)",Шахсони воқеӣ ва ҳуқуқӣ,Хадамоти гумруки назди Ҳукумати Ҷумҳурии Тоҷикистон,Хадамоти гумруки назди Ҳукумати Ҷумҳурии Тоҷикистон,"Коғазӣ, электронӣ",Ройгон
ХАДАМОТИ ГУМРУКИ НАЗДИ ҲУКУМАТИ ҶУМҲУРИИ ТОҶИКИСТОН,Барасмиятдарорӣ,724,000724,Барасмиятдарори гумрукии мол ва воситаҳои нақлиёт,Шахсони воқеӣ ва ҳуқуқӣ,Хадамоти гумруки назди Ҳукумати Ҷумҳурии Тоҷикистон,Хадамоти гумруки назди Ҳукумати Ҷумҳурии Тоҷикистон,"Коғазӣ, электронӣ",Музднок
ХАДАМОТИ ГУМРУКИ НАЗДИ ҲУКУМАТИ ҶУМҲУРИИ ТОҶИКИСТОН,Қарор,725,000725,Қабули қарори пешакӣ мувофиқи Номгӯи молҳои фаъолияти иқтисодии хориҷӣ дар бораи таснифоти мол нисбати моли мушаххас,Шахсони воқеӣ ва ҳуқуқӣ,Хадамоти гумруки назди Ҳукумати Ҷумҳурии Тоҷикистон,Хадамоти гумруки назди Ҳукумати Ҷумҳурии Тоҷикистон,"Коғазӣ, электронӣ",Ройгон
ХАДАМОТИ ГУМРУКИ НАЗДИ ҲУКУМАТИ ҶУМҲУРИИ ТОҶИКИСТОН,Қарор,726,000726,Қабули қарори пешакӣ мувофиқи Номгӯи молҳои фаъолияти иқтисодии хориҷӣ дар бораи истеҳсоли мол аз кишвари мушаххас (кишвари истеҳсолкардаи мол),Шахсони воқеӣ ва ҳуқуқӣ,Хадамоти гумруки назди Ҳукумати Ҷумҳурии Тоҷикистон,Хадамоти гумруки назди Ҳукумати Ҷумҳурии Тоҷикистон,"Коғазӣ, электронӣ",Ройгон
ХАДАМОТИ ГУМРУКИ НАЗДИ ҲУКУМАТИ ҶУМҲУРИИ ТОҶИКИСТОН,Рухсатнома,727,000727,Рухсатнома барои коркарди мол дар ҳудуди гумрукӣ,Шахсони воқеӣ ва ҳуқуқӣ,Хадамоти гумруки назди Ҳукумати Ҷумҳурии Тоҷикистон,Хадамоти гумруки назди Ҳукумати Ҷумҳурии Тоҷикистон,"Коғазӣ, электронӣ",Ройгон
ХАДАМОТИ ГУМРУКИ НАЗДИ ҲУКУМАТИ ҶУМҲУРИИ ТОҶИКИСТОН,Рухсатнома,728,000728,Рухсатномаи коркарди мол барои муомилоти озод,Шахсони воқеӣ ва ҳуқуқӣ,Хадамоти гумруки назди Ҳукумати Ҷумҳурии Тоҷикистон,Хадамоти гумруки назди Ҳукумати Ҷумҳурии Тоҷикистон,"Коғазӣ, электронӣ",Ройгон
ХАДАМОТИ ГУМРУКИ НАЗДИ ҲУКУМАТИ ҶУМҲУРИИ ТОҶИКИСТОН,Рухсатнома,729,000729,Рухсатнома барои коркарди мол берун аз ҳудуди гумрукӣ,Шахсони воқеӣ ва ҳуқуқӣ,Хадамоти гумруки назди Ҳукумати Ҷумҳурии Тоҷикистон,Хадамоти гумруки назди Ҳукумати Ҷумҳурии Тоҷикистон,"Коғазӣ, электронӣ",Ройгон
ХАДАМОТИ ГУМРУКИ НАЗДИ ҲУКУМАТИ ҶУМҲУРИИ ТОҶИКИСТОН,Санад,730,000730,Мушоияти гумрукӣ (Санади мушоияти гумрукӣ),Шахсони воқеӣ ва ҳуқуқӣ,Хадамоти гумруки назди Ҳукумати Ҷумҳурии Тоҷикистон,Хадамоти гумруки назди Ҳукумати Ҷумҳурии Тоҷикистон,"Коғазӣ, электронӣ",Музднок
ХАДАМОТИ ГУМРУКИ НАЗДИ ҲУКУМАТИ ҶУМҲУРИИ ТОҶИКИСТОН,Хулоса,730,000730,Хулоса барои гирифтани тамғаҳои аксизӣ,Шахсони воқеӣ ва ҳуқуқӣ,Хадамоти гумруки назди Ҳукумати Ҷумҳурии Тоҷикистон,Хадамоти гумруки назди Ҳукумати Ҷумҳурии Тоҷикистон,"Коғазӣ, электронӣ",Ройгон
ХАДАМОТИ ГУМРУКИ НАЗДИ ҲУКУМАТИ ҶУМҲУРИИ ТОҶИКИСТОН,Хулоса,731,000731,Хулоса аз натиҷаи гузаронидани экспертиза ва таҳқиқ ҳангоми назорати гумрукӣ,Шахсони воқеӣ ва ҳуқуқӣ,Хадамоти гумруки назди Ҳукумати Ҷумҳурии Тоҷикистон,Хадамоти гумруки назди Ҳукумати Ҷумҳурии Тоҷикистон,"Коғазӣ, электронӣ",Ройгон
ХАДАМОТИ ГУМРУКИ НАЗДИ ҲУКУМАТИ ҶУМҲУРИИ ТОҶИКИСТОН,Шаҳодатнома,732,000732,Шаҳодатномаи тахассусии мутахассиси барасмиятдарорандаи гумрукӣ,Шахсони воқеӣ ва ҳуқуқӣ,Хадамоти гумруки назди Ҳукумати Ҷумҳурии Тоҷикистон,Хадамоти гумруки назди Ҳукумати Ҷумҳурии Тоҷикистон,"Коғазӣ, электронӣ",Музднок
ХАДАМОТИ ГУМРУКИ НАЗДИ ҲУКУМАТИ ҶУМҲУРИИ ТОҶИКИСТОН,Декларатсия,733,000733,Декларатсия аз натиҷаи нигоҳдории мол дар анбори мақомоти гумрук,Шахсони воқеӣ ва ҳуқуқӣ,Хадамоти гумруки назди Ҳукумати Ҷумҳурии Тоҷикистон,Хадамоти гумруки назди Ҳукумати Ҷумҳурии Тоҷикистон,"Коғазӣ, электронӣ",Музднок
ХАДАМОТИ ЗИДДИИНҲИСОРИИ НАЗДИ ҲУКУМАТИ ҶУМҲУРИИ ТОҶИКИСТОН,Мувофиқасозӣ,734,000734,"Мувофиқа намудани нархҳо (тарифҳо)-и хизматрасонии субъектҳои хоҷагидор, ки дар бозорҳои моли муайяни Ҷумҳурии Тоҷикистон мавқеи ҳукмфармо ва инҳисориро ишғол мекунанд",Шахсони воқеӣ ва ҳуқуқӣ,Хадамоти зиддиинҳисории назди Ҳукумати Ҷумҳурии Тоҷикистон,Хадамоти зиддиинҳисории назди Ҳукумати Ҷумҳурии Тоҷикистон,"Коғазӣ, электронӣ",Ройгон
ХАДАМОТИ НАЗОРАТИ ДАВЛАТИИ БЕХАТАРИИ КОРҲО ДАР САНОАТ ВА СОҲАИ КӮҲКОРИИ НАЗДИ ҲУКУМАТИ ҶУМҲУРИИ ТОҶИКИСТОН,Иҷозатнома,742,000742,Иҷозатнома барои фаъолият оид ба таъмири кранҳо,Шахсони воқеӣ ва ҳуқуқӣ,Хадамоти назорати давлатии бехатарии корҳо дар саноат ва соҳаи кӯҳкории назди Ҳукумати Ҷумҳурии Тоҷикистон,Хадамоти назорати давлатии бехатарии корҳо дар саноат ва соҳаи кӯҳкории назди Ҳукумати Ҷумҳурии Тоҷикистон,"Коғазӣ, электронӣ",Музднок
ХАДАМОТИ НАЗОРАТИ ДАВЛАТИИ БЕХАТАРИИ КОРҲО ДАР САНОАТ ВА СОҲАИ КӮҲКОРИИ НАЗДИ ҲУКУМАТИ ҶУМҲУРИИ ТОҶИКИСТОН,Иҷозатнома,743,000743,Иҷозатнома барои фаъолият оид ба хизматрасонии кранҳо,Шахсони воқеӣ ва ҳуқуқӣ,Хадамоти назорати давлатии бехатарии корҳо дар саноат ва соҳаи кӯҳкории назди Ҳукумати Ҷумҳурии Тоҷикистон,Хадамоти назорати давлатии бехатарии корҳо дар саноат ва соҳаи кӯҳкории назди Ҳукумати Ҷумҳурии Тоҷикистон,"Коғазӣ, электронӣ",Музднок
ХАДАМОТИ НАЗОРАТИ ДАВЛАТИИ БЕХАТАРИИ КОРҲО ДАР САНОАТ ВА СОҲАИ КӮҲКОРИИ НАЗДИ ҲУКУМАТИ ҶУМҲУРИИ ТОҶИКИСТОН,Иҷозатнома,744,000744,Иҷозатнома барои фаъолият оид ба васлкунии кранҳо,Шахсони воқеӣ ва ҳуқуқӣ,Хадамоти назорати давлатии бехатарии корҳо дар саноат ва соҳаи кӯҳкории назди Ҳукумати Ҷумҳурии Тоҷикистон,Хадамоти назорати давлатии бехатарии корҳо дар саноат ва соҳаи кӯҳкории назди Ҳукумати Ҷумҳурии Тоҷикистон,"Коғазӣ, электронӣ",Музднок
ХАДАМОТИ НАЗОРАТИ ДАВЛАТИИ БЕХАТАРИИ КОРҲО ДАР САНОАТ ВА СОҲАИ КӮҲКОРИИ НАЗДИ ҲУКУМАТИ ҶУМҲУРИИ ТОҶИКИСТОН,Иҷозатнома,745,000745,Иҷозатнома барои фаъолият оид ба таъмир ва хизматрасонии лифтҳо,Шахсони воқеӣ ва ҳуқуқӣ,Хадамоти назорати давлатии бехатарии корҳо дар саноат ва соҳаи кӯҳкории назди Ҳукумати Ҷумҳурии Тоҷикистон,Хадамоти назорати давлатии бехатарии корҳо дар саноат ва соҳаи кӯҳкории назди Ҳукумати Ҷумҳурии Тоҷикистон,"Коғазӣ, электронӣ",Музднок
ХАДАМОТИ НАЗОРАТИ ДАВЛАТИИ БЕХАТАРИИ КОРҲО ДАР САНОАТ ВА СОҲАИ КӮҲКОРИИ НАЗДИ ҲУКУМАТИ ҶУМҲУРИИ ТОҶИКИСТОН,Иҷозатнома,746,000746,Иҷозатнома барои фаъолият оид ба васлкунии лифтҳо,Шахсони воқеӣ ва ҳуқуқӣ,Хадамоти назорати давлатии бехатарии корҳо дар саноат ва соҳаи кӯҳкории назди Ҳукумати Ҷумҳурии Тоҷикистон,Хадамоти назорати давлатии бехатарии корҳо дар саноат ва соҳаи кӯҳкории назди Ҳукумати Ҷумҳурии Тоҷикистон,"Коғазӣ, электронӣ",Музднок
ХАДАМОТИ НАЗОРАТИ ДАВЛАТИИ БЕХАТАРИИ КОРҲО ДАР САНОАТ ВА СОҲАИ КӮҲКОРИИ НАЗДИ ҲУКУМАТИ ҶУМҲУРИИ ТОҶИКИСТОН,Иҷозатнома,747,000747,"Иҷозатнома барои фаъолият оид ба истифодаи иншоотҳои истеҳсолие, ки хавфи таркидан доранд, аз ҷумла лоиҳакашии иншоотҳои кӯҳии рӯйизаминӣ ва зеризаминӣ, лоиҳакашии шабакаҳои гази табиӣ ва моеъ",Шахсони воқеӣ ва ҳуқуқӣ,Хадамоти назорати давлатии бехатарии корҳо дар саноат ва соҳаи кӯҳкории назди Ҳукумати Ҷумҳурии Тоҷикистон,Хадамоти назорати давлатии бехатарии корҳо дар саноат ва соҳаи кӯҳкории назди Ҳукумати Ҷумҳурии Тоҷикистон,"Коғазӣ, электронӣ",Музднок
ХАДАМОТИ НАЗОРАТИ ДАВЛАТИИ БЕХАТАРИИ КОРҲО ДАР САНОАТ ВА СОҲАИ КӮҲКОРИИ НАЗДИ ҲУКУМАТИ ҶУМҲУРИИ ТОҶИКИСТОН,Иҷозатнома,748,000748,"Иҷозатнома барои фаъолият оид ба истифодаи иншоотҳои истеҳсолие, ки хавфи сӯхтан доранд, аз ҷумла лоиҳакашии иншоотҳои кӯҳии рӯйизаминӣ ва зеризаминӣ, лоиҳакашии шабакаҳои гази табиӣ ва моеъ",Шахсони воқеӣ ва ҳуқуқӣ,Хадамоти назорати давлатии бехатарии корҳо дар саноат ва соҳаи кӯҳкории назди Ҳукумати Ҷумҳурии Тоҷикистон,Хадамоти назорати давлатии бехатарии корҳо дар саноат ва соҳаи кӯҳкории назди Ҳукумати Ҷумҳурии Тоҷикистон,"Коғазӣ, электронӣ",Музднок
ХАДАМОТИ НАЗОРАТИ ДАВЛАТИИ БЕХАТАРИИ КОРҲО ДАР САНОАТ ВА СОҲАИ КӮҲКОРИИ НАЗДИ ҲУКУМАТИ ҶУМҲУРИИ ТОҶИКИСТОН,Иҷозатнома,749,000749,"Иҷозатнома барои фаъолият оид ба истифодаи иншоотҳои истеҳсолие, ки хавфи химиявӣ доранд, аз ҷумла лоиҳакашии иншоотҳои кӯҳии рӯйизаминӣ ва зеризаминӣ, лоиҳакашии шабакаҳои гази табиӣ ва моеъ",Шахсони воқеӣ ва ҳуқуқӣ,Хадамоти назорати давлатии бехатарии корҳо дар саноат ва соҳаи кӯҳкории назди Ҳукумати Ҷумҳурии Тоҷикистон,Хадамоти назорати давлатии бехатарии корҳо дар саноат ва соҳаи кӯҳкории назди Ҳукумати Ҷумҳурии Тоҷикистон,"Коғазӣ, электронӣ",Музднок
ХАДАМОТИ НАЗОРАТИ ДАВЛАТИИ БЕХАТАРИИ КОРҲО ДАР САНОАТ ВА СОҲАИ КӮҲКОРИИ НАЗДИ ҲУКУМАТИ ҶУМҲУРИИ ТОҶИКИСТОН,Иҷозатнома,750,000750,Иҷозатнома барои фаъолият оид ба гузаронидани экспертизаи бехатарии саноатӣ,Шахсони воқеӣ ва ҳуқуқӣ,Хадамоти назорати давлатии бехатарии корҳо дар саноат ва соҳаи кӯҳкории назди Ҳукумати Ҷумҳурии Тоҷикистон,Хадамоти назорати давлатии бехатарии корҳо дар саноат ва соҳаи кӯҳкории назди Ҳукумати Ҷумҳурии Тоҷикистон,"Коғазӣ, электронӣ",Музднок
ХАДАМОТИ НАЗОРАТИ ДАВЛАТИИ БЕХАТАРИИ КОРҲО ДАР САНОАТ ВА СОҲАИ КӮҲКОРИИ НАЗДИ ҲУКУМАТИ ҶУМҲУРИИ ТОҶИКИСТОН,Иҷозатнома,751,000751,"Иҷозатнома барои фаъолият оид ба истеҳсол, нигоҳдорӣ ва истифодаи маводди таркандаи таъиноти саноатӣ",Шахсони воқеӣ ва ҳуқуқӣ,Хадамоти назорати давлатии бехатарии корҳо дар саноат ва соҳаи кӯҳкории назди Ҳукумати Ҷумҳурии Тоҷикистон,Хадамоти назорати давлатии бехатарии корҳо дар саноат ва соҳаи кӯҳкории назди Ҳукумати Ҷумҳурии Тоҷикистон,"Коғазӣ, электронӣ",Музднок
ХАДАМОТИ НАЗОРАТИ ДАВЛАТИИ БЕХАТАРИИ КОРҲО ДАР САНОАТ ВА СОҲАИ КӮҲКОРИИ НАЗДИ ҲУКУМАТИ ҶУМҲУРИИ ТОҶИКИСТОН,Иҷозатнома,752,000752,"Иҷозатнома барои фаъолият оид ба нигоҳдорӣ, паҳн кардан, интиқол додан ва истифодаи маводди таркандаи таъиноти саноатӣ",Шахсони воқеӣ ва ҳуқуқӣ,Хадамоти назорати давлатии бехатарии корҳо дар саноат ва соҳаи кӯҳкории назди Ҳукумати Ҷумҳурии Тоҷикистон,Хадамоти назорати давлатии бехатарии корҳо дар саноат ва соҳаи кӯҳкории назди Ҳукумати Ҷумҳурии Тоҷикистон,"Коғазӣ, электронӣ",Музднок
ХАДАМОТИ НАЗОРАТИ ДАВЛАТИИ БЕХАТАРИИ КОРҲО ДАР САНОАТ ВА СОҲАИ КӮҲКОРИИ НАЗДИ ҲУКУМАТИ ҶУМҲУРИИ ТОҶИКИСТОН,Иҷозатнома,753,000753,"Иҷозатнома барои фаъолият оид ба истеҳсоли маснуоти тарфгарӣ, ки ба кадастри давлатии маводи тарканда дохил шудаанд",Шахсони воқеӣ ва ҳуқуқӣ,Хадамоти назорати давлатии бехатарии корҳо дар саноат ва соҳаи кӯҳкории назди Ҳукумати Ҷумҳурии Тоҷикистон,Хадамоти назорати давлатии бехатарии корҳо дар саноат ва соҳаи кӯҳкории назди Ҳукумати Ҷумҳурии Тоҷикистон,"Коғазӣ, электронӣ",Музднок
ХАДАМОТИ НАЗОРАТИ ДАВЛАТИИ БЕХАТАРИИ КОРҲО ДАР САНОАТ ВА СОҲАИ КӮҲКОРИИ НАЗДИ ҲУКУМАТИ ҶУМҲУРИИ ТОҶИКИСТОН,Иҷозатнома,754,000754,"Иҷозатнома барои фаъолият оид ба паҳн намудани маснуоти тарфгарӣ, ки ба кадастри давлатии маводи тарканда дохил шудаанд",Шахсони воқеӣ ва ҳуқуқӣ,Хадамоти назорати давлатии бехатарии корҳо дар саноат ва соҳаи кӯҳкории назди Ҳукумати Ҷумҳурии Тоҷикистон,Хадамоти назорати давлатии бехатарии корҳо дар саноат ва соҳаи кӯҳкории назди Ҳукумати Ҷумҳурии Тоҷикистон,"Коғазӣ, электронӣ",Музднок
ХАДАМОТИ НАЗОРАТИ ДАВЛАТИИ БЕХАТАРИИ КОРҲО ДАР САНОАТ ВА СОҲАИ КӮҲКОРИИ НАЗДИ ҲУКУМАТИ ҶУМҲУРИИ ТОҶИКИСТОН,Иҷозатнома,755,000755,Иҷозатнома барои фаъолият оид ба корҳои маркшейдерӣ,Шахсони воқеӣ ва ҳуқуқӣ,Хадамоти назорати давлатии бехатарии корҳо дар саноат ва соҳаи кӯҳкории назди Ҳукумати Ҷумҳурии Тоҷикистон,Хадамоти назорати давлатии бехатарии корҳо дар саноат ва соҳаи кӯҳкории назди Ҳукумати Ҷумҳурии Тоҷикистон,"Коғазӣ, электронӣ",Музднок
ХАДАМОТИ НАЗОРАТИ ДАВЛАТИИ БЕХАТАРИИ КОРҲО ДАР САНОАТ ВА СОҲАИ КӮҲКОРИИ НАЗДИ ҲУКУМАТИ ҶУМҲУРИИ ТОҶИКИСТОН,Иҷозат,756,000756,Иҷозат барои иҷрои корҳои таркишӣ,Шахсони воқеӣ ва ҳуқуқӣ,Хадамоти назорати давлатии бехатарии корҳо дар саноат ва соҳаи кӯҳкории назди Ҳукумати Ҷумҳурии Тоҷикистон,Хадамоти назорати давлатии бехатарии корҳо дар саноат ва соҳаи кӯҳкории назди Ҳукумати Ҷумҳурии Тоҷикистон,"Коғазӣ, электронӣ",Музднок
ХАДАМОТИ НАЗОРАТИ ДАВЛАТИИ БЕХАТАРИИ КОРҲО ДАР САНОАТ ВА СОҲАИ КӮҲКОРИИ НАЗДИ ҲУКУМАТИ ҶУМҲУРИИ ТОҶИКИСТОН,Иҷозат,757,000757,Иҷозат барои пайваст намудани таҷҳизоти газӣ дар нақлиёти борбардор,Шахсони воқеӣ ва ҳуқуқӣ,Хадамоти назорати давлатии бехатарии корҳо дар саноат ва соҳаи кӯҳкории назди Ҳукумати Ҷумҳурии Тоҷикистон,Хадамоти назорати давлатии бехатарии корҳо дар саноат ва соҳаи кӯҳкории назди Ҳукумати Ҷумҳурии Тоҷикистон,"Коғазӣ, электронӣ",Музднок
ХАДАМОТИ НАЗОРАТИ ДАВЛАТИИ БЕХАТАРИИ КОРҲО ДАР САНОАТ ВА СОҲАИ КӮҲКОРИИ НАЗДИ ҲУКУМАТИ ҶУМҲУРИИ ТОҶИКИСТОН,Шаҳодатнома,758,000758,Шаҳодатномаи бақайдгирии иншооти истеҳсолии хатарнок дар феҳристи давлатӣ,Шахсони воқеӣ ва ҳуқуқӣ,Хадамоти назорати давлатии бехатарии корҳо дар саноат ва соҳаи кӯҳкории назди Ҳукумати Ҷумҳурии Тоҷикистон,Хадамоти назорати давлатии бехатарии корҳо дар саноат ва соҳаи кӯҳкории назди Ҳукумати Ҷумҳурии Тоҷикистон,"Коғазӣ, электронӣ",Музднок
ХАДАМОТИ НАЗОРАТИ ДАВЛАТИИ БЕХАТАРИИ КОРҲО ДАР САНОАТ ВА СОҲАИ КӮҲКОРИИ НАЗДИ ҲУКУМАТИ ҶУМҲУРИИ ТОҶИКИСТОН,Шаҳодатнома,759,000759,Шаҳодатнома барои истифодабарии анбори маводди тарканда,Шахсони воқеӣ ва ҳуқуқӣ,Хадамоти назорати давлатии бехатарии корҳо дар саноат ва соҳаи кӯҳкории назди Ҳукумати Ҷумҳурии Тоҷикистон,Хадамоти назорати давлатии бехатарии корҳо дар саноат ва соҳаи кӯҳкории назди Ҳукумати Ҷумҳурии Тоҷикистон,"Коғазӣ, электронӣ",Музднок
ХАДАМОТИ НАЗОРАТИ ДАВЛАТИИ БЕХАТАРИИ КОРҲО ДАР САНОАТ ВА СОҲАИ КӮҲКОРИИ НАЗДИ ҲУКУМАТИ ҶУМҲУРИИ ТОҶИКИСТОН,Шаҳодатнома,760,000760,Шаҳодатнома барои харидани маводди тарканда,Шахсони воқеӣ ва ҳуқуқӣ,Хадамоти назорати давлатии бехатарии корҳо дар саноат ва соҳаи кӯҳкории назди Ҳукумати Ҷумҳурии Тоҷикистон,Хадамоти назорати давлатии бехатарии корҳо дар саноат ва соҳаи кӯҳкории назди Ҳукумати Ҷумҳурии Тоҷикистон,"Коғазӣ, электронӣ",Музднок
АГЕНТИИ СОДИРОТИ НАЗДИ ҲУКУМАТИ ҶУМҲУРИИ ТОҶИКИСТОН,,761,000761,Бақайдгирии субъектҳои содироткунанда дар низоми содироткунандагони бақайдгирифташудаи Иттиҳоди Аврупо,Шахсони воқеӣ ва ҳуқуқӣ,Агентии содироти назди Ҳукумати Ҷумҳурии Тоҷикистон,Агентии содироти назди Ҳукумати Ҷумҳурии Тоҷикистон,"Коғазӣ, электронӣ",Ройгон
АГЕНТИИ СОДИРОТИ НАЗДИ ҲУКУМАТИ ҶУМҲУРИИ ТОҶИКИСТОН,,762,000762,Бақайгдгирии тағйиру иловаҳо ба низоми содироткунандагони бақайдгирифташудаи Иттиҳоди Аврупо,Шахсони воқеӣ ва ҳуқуқӣ,Агентии содироти назди Ҳукумати Ҷумҳурии Тоҷикистон,Агентии содироти назди Ҳукумати Ҷумҳурии Тоҷикистон,"Коғазӣ, электронӣ",Ройгон
АГЕНТИИ СОДИРОТИ НАЗДИ ҲУКУМАТИ ҶУМҲУРИИ ТОҶИКИСТОН,,763,000763,Бақайдгирии хориҷ намудан аз низоми содироткунандагони бақайдгирифташудаи Иттиҳоди Аврупо,Шахсони воқеӣ ва ҳуқуқӣ,Агентии содироти назди Ҳукумати Ҷумҳурии Тоҷикистон,Агентии содироти назди Ҳукумати Ҷумҳурии Тоҷикистон,"Коғазӣ, электронӣ",Ройгон
АГЕНТИИ СОДИРОТИ НАЗДИ ҲУКУМАТИ ҶУМҲУРИИ ТОҶИКИСТОН,,764,000764,Бақайдгирии бекор кардани бақайдгирӣ дар низоми содироткунандагони бақайдгирифташудаи Иттиҳоди Аврупо,Шахсони воқеӣ ва ҳуқуқӣ,Агентии содироти назди Ҳукумати Ҷумҳурии Тоҷикистон,Агентии содироти назди Ҳукумати Ҷумҳурии Тоҷикистон,"Коғазӣ, электронӣ",Ройгон
"АГЕНТИИ СТАНДАРТИЗАТСИЯ, МЕТРОЛОГИЯ, СЕРТИФИКАТСИЯ ВА НОЗИРОТИ САВДОИ НАЗДИ ҲУКУМАТИ ҶУМҲУРИИ ТОҶИКИСТОН",Аттестат,803,000803,Аттестати воситаҳои ченак,Шахсони воқеӣ ва ҳуқуқӣ,"Агентии стандартизатсия, метрология, сертификатсия ва нозироти савдои назди Ҳукумати Ҷумҳурии Тоҷикистон, марказ ва раёсатҳои стандартизатсия, метрология, сертификатсия ва нозироти савдои Вилояти Мухтори Кӯҳистони Бадахшон, вилоятҳо, минтақаи Кӯлоб, марказҳои ташхиси минтақавӣ дар шаҳру ноҳияҳо","Агентии стандартизатсия, метрология, сертификатсия ва нозироти савдои назди Ҳукумати Ҷумҳурии Тоҷикистон, марказ ва раёсатҳои стандартизатсия, метрология, сертификатсия ва нозироти савдои Вилояти Мухтори Кӯҳистони Бадахшон, вилоятҳо, минтақаи Кӯлоб, марказҳои ташхиси минтақавӣ дар шаҳру ноҳияҳо","Коғазӣ, электронӣ",Музднок
"АГЕНТИИ СТАНДАРТИЗАТСИЯ, МЕТРОЛОГИЯ, СЕРТИФИКАТСИЯ ВА НОЗИРОТИ САВДОИ НАЗДИ ҲУКУМАТИ ҶУМҲУРИИ ТОҶИКИСТОН",Аттестат,804,000804,Аттестати хадамоти меторологӣ,Шахсони воқеӣ ва ҳуқуқӣ,"Агентии стандартизатсия, метрология, сертификатсия ва нозироти савдои назди Ҳукумати Ҷумҳурии Тоҷикистон, марказ ва раёсатҳои стандартизатсия, метрология, сертификатсия ва нозироти савдои Вилояти Мухтори Кӯҳистони Бадахшон, вилоятҳо, минтақаи Кӯлоб, марказҳои ташхиси минтақавӣ дар шаҳру ноҳияҳо","Агентии стандартизатсия, метрология, сертификатсия ва нозироти савдои назди Ҳукумати Ҷумҳурии Тоҷикистон, марказ ва раёсатҳои стандартизатсия, метрология, сертификатсия ва нозироти савдои Вилояти Мухтори Кӯҳистони Бадахшон, вилоятҳо, минтақаи Кӯлоб, марказҳои ташхиси минтақавӣ дар шаҳру ноҳияҳо","Коғазӣ, электронӣ",Музднок
"АГЕНТИИ СТАНДАРТИЗАТСИЯ, МЕТРОЛОГИЯ, СЕРТИФИКАТСИЯ ВА НОЗИРОТИ САВДОИ НАЗДИ ҲУКУМАТИ ҶУМҲУРИИ ТОҶИКИСТОН",Аттестат,805,000805,"Аттестати аккредитатсияи озмоишгоҳ (Шаҳодатномаи аккредитатсия барои иҷрои корҳо оид ба сертификатсия ё санҷиши маҳсулот, кор ва хизматрасонӣ)",Шахсони воқеӣ ва ҳуқуқӣ,Муассисаи давлатии «Маркази миллӣ оид ба аккредитатсия»,Муассисаи давлатии «Маркази миллӣ оид ба аккредитатсия»,"Коғазӣ, электронӣ",Музднок
"АГЕНТИИ СТАНДАРТИЗАТСИЯ, МЕТРОЛОГИЯ, СЕРТИФИКАТСИЯ ВА НОЗИРОТИ САВДОИ НАЗДИ ҲУКУМАТИ ҶУМҲУРИИ ТОҶИКИСТОН",Аттестат,806,000806,"Аттестати акредитатсияи мақомот оид ба сертификатсия (Шаҳодатномаи аккредитатсия барои иҷрои корҳо оид ба сертификатсия ё санҷиши маҳсулот, кор ва хизматрасонӣ)",Шахсони воқеӣ ва ҳуқуқӣ,Муассисаи давлатии «Маркази миллӣ оид ба аккредитатсия»,Муассисаи давлатии «Маркази миллӣ оид ба аккредитатсия»,"Коғазӣ, электронӣ",Музднок
"АГЕНТИИ СТАНДАРТИЗАТСИЯ, МЕТРОЛОГИЯ, СЕРТИФИКАТСИЯ ВА НОЗИРОТИ САВДОИ НАЗДИ ҲУКУМАТИ ҶУМҲУРИИ ТОҶИКИСТОН",Маълумот,807,000807,Маълумот оид ба Стандарти давлатии Ҷумҳурии Тоҷикистон,Шахсони воқеӣ ва ҳуқуқӣ,"Агентии стандартизатсия, метрология, сертификатсия ва нозироти савдои назди Ҳукумати Ҷумҳурии Тоҷикистон","Агентии стандартизатсия, метрология, сертификатсия ва нозироти савдои назди Ҳукумати Ҷумҳурии Тоҷикистон","Коғазӣ, электронӣ",Музднок
"АГЕНТИИ СТАНДАРТИЗАТСИЯ, МЕТРОЛОГИЯ, СЕРТИФИКАТСИЯ ВА НОЗИРОТИ САВДОИ НАЗДИ ҲУКУМАТИ ҶУМҲУРИИ ТОҶИКИСТОН",Сертификат,808,000808,Сертификати тасдиқи навъи воситаҳои ченак,Шахсони воқеӣ ва ҳуқуқӣ,"Агентии стандартизатсия, метрология, сертификатсия ва нозироти савдои назди Ҳукумати Ҷумҳурии Тоҷикистон, марказ ва раёсатҳои стандартизатсия, метрология, сертификатсия ва нозироти савдои Вилояти Мухтори Кӯҳистони Бадахшон, вилоятҳо, минтақаи Кӯлоб, марказҳои ташхиси минтақавӣ дар шаҳру ноҳияҳо","Агентии стандартизатсия, метрология, сертификатсия ва нозироти савдои назди Ҳукумати Ҷумҳурии Тоҷикистон, марказ ва раёсатҳои стандартизатсия, метрология, сертификатсия ва нозироти савдои Вилояти Мухтори Кӯҳистони Бадахшон, вилоятҳо, минтақаи Кӯлоб, марказҳои ташхиси минтақавӣ дар шаҳру ноҳияҳо","Коғазӣ, электронӣ",Музднок
"АГЕНТИИ СТАНДАРТИЗАТСИЯ, МЕТРОЛОГИЯ, СЕРТИФИКАТСИЯ ВА НОЗИРОТИ САВДОИ НАЗДИ ҲУКУМАТИ ҶУМҲУРИИ ТОҶИКИСТОН",Сертификат,809,000809,Сертификати мутобиқат барои маҳсулот,Шахсони воқеӣ ва ҳуқуқӣ,"Агентии стандартизатсия, метрология, сертификатсия ва нозироти савдои назди Ҳукумати Ҷумҳурии Тоҷикистон, марказ ва раёсатҳои стандартизатсия, метрология, сертификатсия ва нозироти савдои Вилояти Мухтори Кӯҳистони Бадахшон, вилоятҳо, минтақаи Кӯлоб, марказҳои ташхиси минтақавӣ дар шаҳру ноҳияҳо","Агентии стандартизатсия, метрология, сертификатсия ва нозироти савдои назди Ҳукумати Ҷумҳурии Тоҷикистон, марказ ва раёсатҳои стандартизатсия, метрология, сертификатсия ва нозироти савдои Вилояти Мухтори Кӯҳистони Бадахшон, вилоятҳо, минтақаи Кӯлоб, марказҳои ташхиси минтақавӣ дар шаҳру ноҳияҳо","Коғазӣ, электронӣ",Музднок
"АГЕНТИИ СТАНДАРТИЗАТСИЯ, МЕТРОЛОГИЯ, СЕРТИФИКАТСИЯ ВА НОЗИРОТИ САВДОИ НАЗДИ ҲУКУМАТИ ҶУМҲУРИИ ТОҶИКИСТОН",Сертификат,810,000810,Сертификати мутобиқати кору хизматрасонӣ,Шахсони воқеӣ ва ҳуқуқӣ,"Агентии стандартизатсия, метрология, сертификатсия ва нозироти савдои назди Ҳукумати Ҷумҳурии Тоҷикистон, марказ ва раёсатҳои стандартизатсия, метрология, сертификатсия ва нозироти савдои Вилояти Мухтори Кӯҳистони Бадахшон, вилоятҳо, минтақаи Кӯлоб, марказҳои ташхиси минтақавӣ дар шаҳру ноҳияҳо","Агентии стандартизатсия, метрология, сертификатсия ва нозироти савдои назди Ҳукумати Ҷумҳурии Тоҷикистон, марказ ва раёсатҳои стандартизатсия, метрология, сертификатсия ва нозироти савдои Вилояти Мухтори Кӯҳистони Бадахшон, вилоятҳо, минтақаи Кӯлоб, марказҳои ташхиси минтақавӣ дар шаҳру ноҳияҳо","Коғазӣ, электронӣ",Музднок
"АГЕНТИИ СТАНДАРТИЗАТСИЯ, МЕТРОЛОГИЯ, СЕРТИФИКАТСИЯ ВА НОЗИРОТИ САВДОИ НАЗДИ ҲУКУМАТИ ҶУМҲУРИИ ТОҶИКИСТОН",Сертификат,811,000811,Сертификати системаи менеҷменти сифат (ISO 9001 2015),Шахсони воқеӣ ва ҳуқуқӣ,"Агентии стандартизатсия, метрология, сертификатсия ва нозироти савдои назди Ҳукумати Ҷумҳурии Тоҷикистон","Агентии стандартизатсия, метрология, сертификатсия ва нозироти савдои назди Ҳукумати Ҷумҳурии Тоҷикистон, марказ ва раёсатҳои стандартизатсия, метрология, сертификатсия ва нозироти савдои Вилояти Мухтори Кӯҳистони Бадахшон, вилоятҳо, минтақаи Кӯлоб, марказҳои ташхиси минтақавӣ дар шаҳру ноҳияҳо","Коғазӣ, электронӣ",Музднок
"АГЕНТИИ СТАНДАРТИЗАТСИЯ, МЕТРОЛОГИЯ, СЕРТИФИКАТСИЯ ВА НОЗИРОТИ САВДОИ НАЗДИ ҲУКУМАТИ ҶУМҲУРИИ ТОҶИКИСТОН",Сертификат,812,000812,Cертификатсияи низоми менеҷменти сифат (ГОСТ ISO\ MЭК 17021.1),Шахсони воқеӣ ва ҳуқуқӣ,"Агентии стандартизатсия, метрология, сертификатсия ва нозироти савдои назди Ҳукумати Ҷумҳурии Тоҷикистон","Агентии стандартизатсия, метрология, сертификатсия ва нозироти савдои назди Ҳукумати Ҷумҳурии Тоҷикистон, марказ ва раёсатҳои стандартизатсия, метрология, сертификатсия ва нозироти савдои Вилояти Мухтори Кӯҳистони Бадахшон, вилоятҳо, минтақаи Кӯлоб, марказҳои ташхиси минтақавӣ дар шаҳру ноҳияҳо","Коғазӣ, электронӣ",Музднок
"АГЕНТИИ СТАНДАРТИЗАТСИЯ, МЕТРОЛОГИЯ, СЕРТИФИКАТСИЯ ВА НОЗИРОТИ САВДОИ НАЗДИ ҲУКУМАТИ ҶУМҲУРИИ ТОҶИКИСТОН",Сертификат,813,000813,Сертификати низоми таҳлили хавфҳо ва нуқтаҳои назорати интиқодӣ (ХАСП (HACCP)),Шахсони воқеӣ ва ҳуқуқӣ,"Агентии стандартизатсия, метрология, сертификатсия ва нозироти савдои назди Ҳукумати Ҷумҳурии Тоҷикистон","Агентии стандартизатсия, метрология, сертификатсия ва нозироти савдои назди Ҳукумати Ҷумҳурии Тоҷикистон, марказ ва раёсатҳои стандартизатсия, метрология, сертификатсия ва нозироти савдои Вилояти Мухтори Кӯҳистони Бадахшон, вилоятҳо, минтақаи Кӯлоб, марказҳои ташхиси минтақавӣ дар шаҳру ноҳияҳо","Коғазӣ, электронӣ",Музднок
"АГЕНТИИ СТАНДАРТИЗАТСИЯ, МЕТРОЛОГИЯ, СЕРТИФИКАТСИЯ ВА НОЗИРОТИ САВДОИ НАЗДИ ҲУКУМАТИ ҶУМҲУРИИ ТОҶИКИСТОН",Сертификат,814,000814,"Сертификати низоми идоракунии бехатарии озуқавории ташкилотҳое, ки дар занҷири озуқаворӣ, коркард ё истеҳсолкунанда иштирок мекунанд (ISO 22000)",Шахсони воқеӣ ва ҳуқуқӣ,"Агентии стандартизатсия, метрология, сертификатсия ва нозироти савдои назди Ҳукумати Ҷумҳурии Тоҷикистон","Агентии стандартизатсия, метрология, сертификатсия ва нозироти савдои назди Ҳукумати Ҷумҳурии Тоҷикистон, марказ ва раёсатҳои стандартизатсия, метрология, сертификатсия ва нозироти савдои Вилояти Мухтори Кӯҳистони Бадахшон, вилоятҳо, минтақаи Кӯлоб, марказҳои ташхиси минтақавӣ дар шаҳру ноҳияҳо","Коғазӣ, электронӣ",Музднок
"АГЕНТИИ СТАНДАРТИЗАТСИЯ, МЕТРОЛОГИЯ, СЕРТИФИКАТСИЯ ВА НОЗИРОТИ САВДОИ НАЗДИ ҲУКУМАТИ ҶУМҲУРИИ ТОҶИКИСТОН",Сертификат,815,000815,Сертификати менеҷменти экологӣ (ISO 14001),Шахсони воқеӣ ва ҳуқуқӣ,"Агентии стандартизатсия, метрология, сертификатсия ва нозироти савдои назди Ҳукумати Ҷумҳурии Тоҷикистон","Агентии стандартизатсия, метрология, сертификатсия ва нозироти савдои назди Ҳукумати Ҷумҳурии Тоҷикистон","Коғазӣ, электронӣ",Музднок
"АГЕНТИИ СТАНДАРТИЗАТСИЯ, МЕТРОЛОГИЯ, СЕРТИФИКАТСИЯ ВА НОЗИРОТИ САВДОИ НАЗДИ ҲУКУМАТИ ҶУМҲУРИИ ТОҶИКИСТОН",Сертификат,817,000817,Сертификати омузишӣ,Шахсони воқеӣ ва ҳуқуқӣ,"Агентии стандартизатсия, метрология, сертификатсия ва нозироти савдои назди Ҳукумати Ҷумҳурии Тоҷикистон, марказ ва раёсатҳои стандартизатсия, метрология, сертификатсия ва нозироти савдои Вилояти Мухтори Кӯҳистони Бадахшон, вилоятҳо, минтақаи Кӯлоб, марказҳои ташхиси минтақавӣ дар шаҳру ноҳияҳо","Агентии стандартизатсия, метрология, сертификатсия ва нозироти савдои назди Ҳукумати Ҷумҳурии Тоҷикистон, марказ ва раёсатҳои стандартизатсия, метрология, сертификатсия ва нозироти савдои Вилояти Мухтори Кӯҳистони Бадахшон, вилоятҳо, минтақаи Кӯлоб, марказҳои ташхиси минтақавӣ дар шаҳру ноҳияҳо","Коғазӣ, электронӣ",Музднок
"АГЕНТИИ СТАНДАРТИЗАТСИЯ, МЕТРОЛОГИЯ, СЕРТИФИКАТСИЯ ВА НОЗИРОТИ САВДОИ НАЗДИ ҲУКУМАТИ ҶУМҲУРИИ ТОҶИКИСТОН",Сертификат,818,000818,Сертификати ҳифзи муҳити зист (ISO 45001),Шахсони воқеӣ ва ҳуқуқӣ,"Агентии стандартизатсия, метрология, сертификатсия ва нозироти савдои назди Ҳукумати Ҷумҳурии Тоҷикистон, марказ ва раёсатҳои стандартизатсия, метрология, сертификатсия ва нозироти савдои Вилояти Мухтори Кӯҳистони Бадахшон, вилоятҳо, минтақаи Кӯлоб, марказҳои ташхиси минтақавӣ дар шаҳру ноҳияҳо","Агентии стандартизатсия, метрология, сертификатсия ва нозироти савдои назди Ҳукумати Ҷумҳурии Тоҷикистон, марказ ва раёсатҳои стандартизатсия, метрология, сертификатсия ва нозироти савдои Вилояти Мухтори Кӯҳистони Бадахшон, вилоятҳо, минтақаи Кӯлоб, марказҳои ташхиси минтақавӣ дар шаҳру ноҳияҳо","Коғазӣ, электронӣ",Музднок
"АГЕНТИИ СТАНДАРТИЗАТСИЯ, МЕТРОЛОГИЯ, СЕРТИФИКАТСИЯ ВА НОЗИРОТИ САВДОИ НАЗДИ ҲУКУМАТИ ҶУМҲУРИИ ТОҶИКИСТОН",Сертификат,819,000819,Cертификатсияи ҳайати кормандон (ГОСТ ISO\ MЭК 17024),Шахсони воқеӣ ва ҳуқуқӣ,"Агентии стандартизатсия, метрология, сертификатсия ва нозироти савдои назди Ҳукумати Ҷумҳурии Тоҷикистон","Агентии стандартизатсия, метрология, сертификатсия ва нозироти савдои назди Ҳукумати Ҷумҳурии Тоҷикистон","Коғазӣ, электронӣ",Музднок
"АГЕНТИИ СТАНДАРТИЗАТСИЯ, МЕТРОЛОГИЯ, СЕРТИФИКАТСИЯ ВА НОЗИРОТИ САВДОИ НАЗДИ ҲУКУМАТИ ҶУМҲУРИИ ТОҶИКИСТОН",Хулоса,820,000820,Хулоса оид ба ҷавобгӯ будани лоиҳаи стандарт ва шартҳои техникӣ ба Стандарти давлатии Ҷумҳурии Тоҷикистон,Шахсони воқеӣ ва ҳуқуқӣ,"Агентии стандартизатсия, метрология, сертификатсия ва нозироти савдои назди Ҳукумати Ҷумҳурии Тоҷикистон","Агентии стандартизатсия, метрология, сертификатсия ва нозироти савдои назди Ҳукумати Ҷумҳурии Тоҷикистон","Коғазӣ, электронӣ",Музднок
"АГЕНТИИ СТАНДАРТИЗАТСИЯ, МЕТРОЛОГИЯ, СЕРТИФИКАТСИЯ ВА НОЗИРОТИ САВДОИ НАЗДИ ҲУКУМАТИ ҶУМҲУРИИ ТОҶИКИСТОН",Хулоса,821,000821,Хулосаи натиҷаи ташхиси маҳсулот,Шахсони воқеӣ ва ҳуқуқӣ,"Агентии стандартизатсия, метрология, сертификатсия ва нозироти савдои назди Ҳукумати Ҷумҳурии Тоҷикистон, марказ ва раёсатҳои стандартизатсия, метрология, сертификатсия ва нозироти савдои Вилояти Мухтори Кӯҳистони Бадахшон, вилоятҳо, минтақаи Кӯлоб, марказҳои ташхиси минтақавӣ дар шаҳру ноҳияҳо","Агентии стандартизатсия, метрология, сертификатсия ва нозироти савдои назди Ҳукумати Ҷумҳурии Тоҷикистон, марказ ва раёсатҳои стандартизатсия, метрология, сертификатсия ва нозироти савдои Вилояти Мухтори Кӯҳистони Бадахшон, вилоятҳо, минтақаи Кӯлоб, марказҳои ташхиси минтақавӣ дар шаҳру ноҳияҳо","Коғазӣ, электронӣ",Музднок
"АГЕНТИИ СТАНДАРТИЗАТСИЯ, МЕТРОЛОГИЯ, СЕРТИФИКАТСИЯ ВА НОЗИРОТИ САВДОИ НАЗДИ ҲУКУМАТИ ҶУМҲУРИИ ТОҶИКИСТОН",Шаҳодатнома,822,000822,Шаҳодатномаи эътимоднокии воситаҳои ченак,Шахсони воқеӣ ва ҳуқуқӣ,"Агентии стандартизатсия, метрология, сертификатсия ва нозироти савдои назди Ҳукумати Ҷумҳурии Тоҷикистон","Агентии стандартизатсия, метрология, сертификатсия ва нозироти савдои назди Ҳукумати Ҷумҳурии Тоҷикистон, марказ ва раёсатҳои стандартизатсия, метрология, сертификатсия ва нозироти савдои Вилояти Мухтори Кӯҳистони Бадахшон, вилоятҳо, минтақаи Кӯлоб, марказҳои ташхиси минтақавӣ дар шаҳру ноҳияҳо","Коғазӣ, электронӣ",Музднок
"АГЕНТИИ СТАНДАРТИЗАТСИЯ, МЕТРОЛОГИЯ, СЕРТИФИКАТСИЯ ВА НОЗИРОТИ САВДОИ НАЗДИ ҲУКУМАТИ ҶУМҲУРИИ ТОҶИКИСТОН",Шаҳодатнома,823,000823,Шаҳодатнома оид ба воридот ва ба муомилот баровардани гази моеи карбогидридӣ,Шахсони воқеӣ ва ҳуқуқӣ,"Агентии стандартизатсия, метрология, сертификатсия ва нозироти савдои назди Ҳукумати Ҷумҳурии Тоҷикистон","Агентии стандартизатсия, метрология, сертификатсия ва нозироти савдои назди Ҳукумати Ҷумҳурии Тоҷикистон, марказ ва раёсатҳои стандартизатсия, метрология, сертификатсия ва нозироти савдои Вилояти Мухтори Кӯҳистони Бадахшон, вилоятҳо, минтақаи Кӯлоб, марказҳои ташхиси минтақавӣ дар шаҳру ноҳияҳо","Коғазӣ, электронӣ",Музднок
"АГЕНТИИ СТАНДАРТИЗАТСИЯ, МЕТРОЛОГИЯ, СЕРТИФИКАТСИЯ ВА НОЗИРОТИ САВДОИ НАЗДИ ҲУКУМАТИ ҶУМҲУРИИ ТОҶИКИСТОН",Шаҳодатнома,824,000824,Шаҳодатнома оид ба воридоти бензин,Шахсони воқеӣ ва ҳуқуқӣ,"Агентии стандартизатсия, метрология, сертификатсия ва нозироти савдои назди Ҳукумати Ҷумҳурии Тоҷикистон","Агентии стандартизатсия, метрология, сертификатсия ва нозироти савдои назди Ҳукумати Ҷумҳурии Тоҷикистон, марказ ва раёсатҳои стандартизатсия, метрология, сертификатсия ва нозироти савдои Вилояти Мухтори Кӯҳистони Бадахшон, вилоятҳо, минтақаи Кӯлоб, марказҳои ташхиси минтақавӣ дар шаҳру ноҳияҳо","Коғазӣ, электронӣ",Музднок
"АГЕНТИИ ХАРИДИ ДАВЛАТИИ МОЛ, КОР ВА ХИЗМАТРАСОНИИ НАЗДИ ҲУКУМАТИ ҶУМҲУРИИ ТОҶИКИСТОН",Маълумот,826,000826,Маълумот оид ба ҳуҷҷатҳои озмунӣ барои иштирок дар расмиёти хариди давлатӣ,Шахсони воқеӣ ва ҳуқуқӣ,"Агентии хариди давлатии мол, кор ва хизматрасонии назди Ҳукумати Ҷумҳурии Тоҷикистон","Агентии хариди давлатии мол, кор ва хизматрасонии назди Ҳукумати Ҷумҳурии Тоҷикистон","Коғазӣ, электронӣ",Музднок
"АГЕНТИИ ХАРИДИ ДАВЛАТИИ МОЛ, КОР ВА ХИЗМАТРАСОНИИ НАЗДИ ҲУКУМАТИ ҶУМҲУРИИ ТОҶИКИСТОН",Маълумот,827,000827,Маълумот оид ба ҳуҷҷатҳои интихоби пешакии тахассусӣ барои иштирок дар озмун,Шахсони воқеӣ ва ҳуқуқӣ,"Агентии хариди давлатии мол, кор ва хизматрасонии назди Ҳукумати Ҷумҳурии Тоҷикистон","Агентии хариди давлатии мол, кор ва хизматрасонии назди Ҳукумати Ҷумҳурии Тоҷикистон","Коғазӣ, электронӣ",Музднок
САРИДОРАИ БОЙГОНИИ НАЗДИ ҲУКУМАТИ ҶУМҲУРИИ ТОҶИКИСТОН,,830,000830,Маълумотномаи бойгонии мавзуӣ аз хазинаҳои бойгонӣ,Шахсони воқеӣ ва ҳуқуқӣ,"Воҳидҳои сохтории бойгонии мақомоти иҷроияи ҳокимияти давлатии Вилояти Мухтори Кӯҳистони Бадахшон, вилоятҳои Хатлону Суғд, шаҳру ноҳияҳо","Воҳидҳои сохтории бойгонии мақомоти иҷроияи ҳокимияти давлатии Вилояти Мухтори Кӯҳистони Бадахшон, вилоятҳои Хатлону Суғд, шаҳру ноҳияҳо","Коғазӣ, электронӣ",Музднок
САРИДОРАИ ҲИФЗИ СИРРИ ДАВЛАТИИ НАЗДИ ҲУКУМАТИ ҶУМҲУРИИ ТОҶИКИСТОН,Иҷозатнома,834,000834,"Иҷозатнома барои фаъолият оид ба ошкор намудани таҷҳизоти электроние, ки барои ғайриошкоро дастрас намудани маълумот дар биноҳо ва воситаҳои техникӣ таъин гардидаанд",Шахсони воқеӣ ва ҳуқуқӣ,"Саридораи ҳифзи сирри давлатии назди Ҳукумати Ҷумҳурии Тоҷикистон, раёсатҳои ҳифзи сирри давлатӣ дар Вилояти Мухтори Кӯҳистони Бадахшон, вилоятҳои Хатлон ва Суғд","Саридораи ҳифзи сирри давлатии назди Ҳукумати Ҷумҳурии Тоҷикистон, раёсатҳои ҳифзи сирри давлатӣ дар Вилояти Мухтори Кӯҳистони Бадахшон, вилоятҳои Хатлон ва Суғд","Коғазӣ, электронӣ",Музднок
САРИДОРАИ ҲИФЗИ СИРРИ ДАВЛАТИИ НАЗДИ ҲУКУМАТИ ҶУМҲУРИИ ТОҶИКИСТОН,Иҷозатнома,835,000835,Иҷозатнома барои фаъолият оид ба коркард ва истеҳсоли воситаҳои ҳифзи техникии иттилооти махфӣ,Шахсони воқеӣ ва ҳуқуқӣ,"Саридораи ҳифзи сирри давлатии назди Ҳукумати Ҷумҳурии Тоҷикистон, раёсатҳои ҳифзи сирри давлатӣ дар Вилояти Мухтори Кӯҳистони Бадахшон, вилоятҳои Хатлон ва Суғд","Саридораи ҳифзи сирри давлатии назди Ҳукумати Ҷумҳурии Тоҷикистон, раёсатҳои ҳифзи сирри давлатӣ дар Вилояти Мухтори Кӯҳистони Бадахшон, вилоятҳои Хатлон ва Суғд","Коғазӣ, электронӣ",Музднок
САРИДОРАИ ҲИФЗИ СИРРИ ДАВЛАТИИ НАЗДИ ҲУКУМАТИ ҶУМҲУРИИ ТОҶИКИСТОН,Иҷозатнома,836,000836,Иҷозатнома барои фаъолият оид ба ҳифзи техникии иттилооти махфӣ,Шахсони воқеӣ ва ҳуқуқӣ,"Саридораи ҳифзи сирри давлатии назди Ҳукумати Ҷумҳурии Тоҷикистон, раёсатҳои ҳифзи сирри давлатӣ дар Вилояти Мухтори Кӯҳистони Бадахшон, вилоятҳои Хатлон ва Суғд","Саридораи ҳифзи сирри давлатии назди Ҳукумати Ҷумҳурии Тоҷикистон, раёсатҳои ҳифзи сирри давлатӣ дар Вилояти Мухтори Кӯҳистони Бадахшон, вилоятҳои Хатлон ва Суғд","Коғазӣ, электронӣ",Музднок
САРИДОРАИ ҲИФЗИ СИРРИ ДАВЛАТИИ НАЗДИ ҲУКУМАТИ ҶУМҲУРИИ ТОҶИКИСТОН,Иҷозатнома,837,000837,"Иҷозатнома барои фаъолият оид ба коркард ва истеҳсоли воситаҳои махсуси техникие, ки барои ғайриошкоро ба даст овардани иттилоот пешбинӣ шудаанд, инчунин хариду фурўши воситаҳои мазкур",Шахсони воқеӣ ва ҳуқуқӣ,"Саридораи ҳифзи сирри давлатии назди Ҳукумати Ҷумҳурии Тоҷикистон, раёсатҳои ҳифзи сирри давлатӣ дар Вилояти Мухтори Кӯҳистони Бадахшон, вилоятҳои Хатлон ва Суғд","Саридораи ҳифзи сирри давлатии назди Ҳукумати Ҷумҳурии Тоҷикистон, раёсатҳои ҳифзи сирри давлатӣ дар Вилояти Мухтори Кӯҳистони Бадахшон, вилоятҳои Хатлон ва Суғд","Коғазӣ, электронӣ",Музднок
САРИДОРАИ ҲИФЗИ СИРРИ ДАВЛАТИИ НАЗДИ ҲУКУМАТИ ҶУМҲУРИИ ТОҶИКИСТОН,Рухсатнома,838,000838,Рухсатнома барои гузаронидани корҳо бо истифодаи маълумоти дорои сирри давлатӣ,Шахсони воқеӣ ва ҳуқуқӣ,"Саридораи ҳифзи сирри давлатии назди Ҳукумати Ҷумҳурии Тоҷикистон, раёсатҳои ҳифзи сирри давлатӣ дар Вилояти Мухтори Кӯҳистони Бадахшон, вилоятҳои Хатлон ва Суғд","Саридораи ҳифзи сирри давлатии назди Ҳукумати Ҷумҳурии Тоҷикистон, раёсатҳои ҳифзи сирри давлатӣ дар Вилояти Мухтори Кӯҳистони Бадахшон, вилоятҳои Хатлон ва Суғд","Коғазӣ, электронӣ",Музднок
САРИДОРАИ ҲИФЗИ СИРРИ ДАВЛАТИИ НАЗДИ ҲУКУМАТИ ҶУМҲУРИИ ТОҶИКИСТОН,Санад,839,000839,Санади корҳои иҷрошуда аз натиҷаи баргузории корҳои аттестатсионии объектҳои иттилоотонӣ,Шахсони воқеӣ ва ҳуқуқӣ,"Корхонаи воҳиди давлатии «Маркази ҳифзи техникии иттилоот, сертификатсия ва экспертиза»","Корхонаи воҳиди давлатии «Маркази ҳифзи техникии иттилоот, сертификатсия ва экспертиза»","Коғазӣ, электронӣ",Музднок
САРИДОРАИ ҲИФЗИ СИРРИ ДАВЛАТИИ НАЗДИ ҲУКУМАТИ ҶУМҲУРИИ ТОҶИКИСТОН,Сертификат,840,000840,Сертификати мутобиқат оид ба ҳифзи техникии иттилоот,Шахсони воқеӣ ва ҳуқуқӣ,Саридораи ҳифзи сирри давлатии назди Ҳукумати Ҷумҳурии Тоҷикистон,"Саридораи ҳифзи сирри давлатии назди Ҳукумати Ҷумҳурии Тоҷикистон, раёсатҳои ҳифзи сирри давлатӣ дар Вилояти Мухтори Кӯҳистони Бадахшон, вилоятҳои Хатлон ва Суғд","Коғазӣ, электронӣ",Музднок
САРИДОРАИ ҲИФЗИ СИРРИ ДАВЛАТИИ НАЗДИ ҲУКУМАТИ ҶУМҲУРИИ ТОҶИКИСТОН,Хулоса,841,000841,Хулосаи озмоишҳои сертификатсионӣ ва аттестатсионӣ тибқи талаботи амнияти иттилоотӣ,Шахсони воқеӣ ва ҳуқуқӣ,Саридораи ҳифзи сирри давлатии назди Ҳукумати Ҷумҳурии Тоҷикистон,"Саридораи ҳифзи сирри давлатии назди Ҳукумати Ҷумҳурии Тоҷикистон, раёсатҳои ҳифзи сирри давлатӣ дар Вилояти Мухтори Кӯҳистони Бадахшон, вилоятҳои Хатлон ва Суғд","Коғазӣ, электронӣ",Музднок
"АГЕНТИИ АМНИЯТИ ХИМИЯВӢ, БИОЛОГӢ, РАДИАТСИОНӢ ВА ЯДРОИИ АКАДЕМИЯИ МИЛЛИИ ИЛМҲОИ ТОҶИКИСТОН",Иҷозатнома,870,000870,Иҷозатнома барои фаъолият оиди ба муомилот баровардан (фурўш)-и таҷҳизоти ҳосилкунандаи афканишоти иондоркунанда,Шахсони воқеӣ ва ҳуқуқӣ,"Агентии амнияти химиявӣ, биологӣ, радиатсионӣ ва ядроии Академияи миллии илмҳои Тоҷикистон","Агентии амнияти химиявӣ, биологӣ, радиатсионӣ ва ядроии Академияи миллии илмҳои Тоҷикистон","Коғазӣ, электронӣ",Музднок
"АГЕНТИИ АМНИЯТИ ХИМИЯВӢ, БИОЛОГӢ, РАДИАТСИОНӢ ВА ЯДРОИИ АКАДЕМИЯИ МИЛЛИИ ИЛМҲОИ ТОҶИКИСТОН",Иҷозатнома,871,000871,Иҷозатнома барои фаъолият оид ба гузаронидани ташхис ва муолиҷаи рентгенӣ,Шахсони воқеӣ ва ҳуқуқӣ,"Агентии амнияти химиявӣ, биологӣ, радиатсионӣ ва ядроии Академияи миллии илмҳои Тоҷикистон","Агентии амнияти химиявӣ, биологӣ, радиатсионӣ ва ядроии Академияи миллии илмҳои Тоҷикистон","Коғазӣ, электронӣ",Музднок
"АГЕНТИИ АМНИЯТИ ХИМИЯВӢ, БИОЛОГӢ, РАДИАТСИОНӢ ВА ЯДРОИИ АКАДЕМИЯИ МИЛЛИИ ИЛМҲОИ ТОҶИКИСТОН",Иҷозатнома,872,000872,Иҷозатнома барои фаъолият оид ба истифодаи манбаъҳои ҳосилкунандаи афканишоти иондоркунанда дар фаъолияти илмӣ ва таълимӣ,Шахсони воқеӣ ва ҳуқуқӣ,"Агентии амнияти химиявӣ, биологӣ, радиатсионӣ ва ядроии Академияи миллии илмҳои Тоҷикистон","Агентии амнияти химиявӣ, биологӣ, радиатсионӣ ва ядроии Академияи миллии илмҳои Тоҷикистон","Коғазӣ, электронӣ",Музднок
"АГЕНТИИ АМНИЯТИ ХИМИЯВӢ, БИОЛОГӢ, РАДИАТСИОНӢ ВА ЯДРОИИ АКАДЕМИЯИ МИЛЛИИ ИЛМҲОИ ТОҶИКИСТОН",Иҷозатнома,873,000873,Иҷозатнома барои фаъолият оид ба истифодабарии таҷҳизотҳои рентгении назоратӣ (бағоҷи дастӣ ва интиқоли бор тавассути нақлиёт),Шахсони воқеӣ ва ҳуқуқӣ,"Агентии амнияти химиявӣ, биологӣ, радиатсионӣ ва ядроии Академияи миллии илмҳои Тоҷикистон","Агентии амнияти химиявӣ, биологӣ, радиатсионӣ ва ядроии Академияи миллии илмҳои Тоҷикистон","Коғазӣ, электронӣ",Музднок
"АГЕНТИИ АМНИЯТИ ХИМИЯВӢ, БИОЛОГӢ, РАДИАТСИОНӢ ВА ЯДРОИИ АКАДЕМИЯИ МИЛЛИИ ИЛМҲОИ ТОҶИКИСТОН",Иҷозатнома,874,000874,Иҷозатнома барои истифодаи суръатфизои хаттии электронҳо,Шахсони воқеӣ ва ҳуқуқӣ,"Агентии амнияти химиявӣ, биологӣ, радиатсионӣ ва ядроии Академияи миллии илмҳои Тоҷикистон","Агентии амнияти химиявӣ, биологӣ, радиатсионӣ ва ядроии Академияи миллии илмҳои Тоҷикистон","Коғазӣ, электронӣ",Музднок
"АГЕНТИИ АМНИЯТИ ХИМИЯВӢ, БИОЛОГӢ, РАДИАТСИОНӢ ВА ЯДРОИИ АКАДЕМИЯИ МИЛЛИИ ИЛМҲОИ ТОҶИКИСТОН",Иҷозатнома,875,000875,Иҷозатнома барои фаъолият оид ба хизматрасонии техникӣ (васл ва таъмир)-и таҷҳизоти ҳосилкунандаи афканишоти иондоркунанда,Шахсони воқеӣ ва ҳуқуқӣ,"Агентии амнияти химиявӣ, биологӣ, радиатсионӣ ва ядроии Академияи миллии илмҳои Тоҷикистон","Агентии амнияти химиявӣ, биологӣ, радиатсионӣ ва ядроии Академияи миллии илмҳои Тоҷикистон","Коғазӣ, электронӣ",Музднок
"АГЕНТИИ АМНИЯТИ ХИМИЯВӢ, БИОЛОГӢ, РАДИАТСИОНӢ ВА ЯДРОИИ АКАДЕМИЯИ МИЛЛИИ ИЛМҲОИ ТОҶИКИСТОН",Иҷозатнома,876,000876,"Иҷозатнома барои фаъолият оид ба хизматрасониҳои назорати дозиметрӣ, сифати таҷҳизот, дозиметрияи инфиродӣ",Шахсони воқеӣ ва ҳуқуқӣ,"Агентии амнияти химиявӣ, биологӣ, радиатсионӣ ва ядроии Академияи миллии илмҳои Тоҷикистон","Агентии амнияти химиявӣ, биологӣ, радиатсионӣ ва ядроии Академияи миллии илмҳои Тоҷикистон","Коғазӣ, электронӣ",Музднок
"АГЕНТИИ АМНИЯТИ ХИМИЯВӢ, БИОЛОГӢ, РАДИАТСИОНӢ ВА ЯДРОИИ АКАДЕМИЯИ МИЛЛИИ ИЛМҲОИ ТОҶИКИСТОН",Иҷозатнома,877,000877,Иҷозатнома барои фаъолият оид ба таълим ва омўзиш дар соҳаи бехатарии радиатсионӣ,Шахсони воқеӣ ва ҳуқуқӣ,"Агентии амнияти химиявӣ, биологӣ, радиатсионӣ ва ядроии Академияи миллии илмҳои Тоҷикистон","Агентии амнияти химиявӣ, биологӣ, радиатсионӣ ва ядроии Академияи миллии илмҳои Тоҷикистон","Коғазӣ, электронӣ",Музднок
"АГЕНТИИ АМНИЯТИ ХИМИЯВӢ, БИОЛОГӢ, РАДИАТСИОНӢ ВА ЯДРОИИ АКАДЕМИЯИ МИЛЛИИ ИЛМҲОИ ТОҶИКИСТОН",Иҷозатнома,878,000878,"Иҷозатнома барои фаъолият оид ба лоиҳакашӣ, гузаронидани баҳодиҳӣ ва асосноккунии техникию иқтисодии консерватсиякунӣ ва солимгардонии маҳфузгоҳҳои партовҳои радиоактивӣ ва ҳудудҳои бо партовҳои радиоактивӣ ифлосгардида",Шахсони воқеӣ ва ҳуқуқӣ,"Агентии амнияти химиявӣ, биологӣ, радиатсионӣ ва ядроии Академияи миллии илмҳои Тоҷикистон","Агентии амнияти химиявӣ, биологӣ, радиатсионӣ ва ядроии Академияи миллии илмҳои Тоҷикистон","Коғазӣ, электронӣ",Музднок
"АГЕНТИИ АМНИЯТИ ХИМИЯВӢ, БИОЛОГӢ, РАДИАТСИОНӢ ВА ЯДРОИИ АКАДЕМИЯИ МИЛЛИИ ИЛМҲОИ ТОҶИКИСТОН",Иҷозатнома,879,000879,Иҷозатнома барои фаъолият оид ба гузаронидани корҳои консерватсиякунӣ ва солимгардонии маҳфузгоҳҳои партовҳои радиоактивӣ ва ҳудудҳои бо партовҳои радиоактивӣ ифлосгардида,Шахсони воқеӣ ва ҳуқуқӣ,"Агентии амнияти химиявӣ, биологӣ, радиатсионӣ ва ядроии Академияи миллии илмҳои Тоҷикистон","Агентии амнияти химиявӣ, биологӣ, радиатсионӣ ва ядроии Академияи миллии илмҳои Тоҷикистон","Коғазӣ, электронӣ",Музднок
"АГЕНТИИ АМНИЯТИ ХИМИЯВӢ, БИОЛОГӢ, РАДИАТСИОНӢ ВА ЯДРОИИ АКАДЕМИЯИ МИЛЛИИ ИЛМҲОИ ТОҶИКИСТОН",Иҷозатнома,880,000880,"Иҷозатнома барои фаъолият оид ба коркарди пешакӣ, коркард ва хурдҳаҷмгардонии партовҳои радиоактивӣ",Шахсони воқеӣ ва ҳуқуқӣ,"Агентии амнияти химиявӣ, биологӣ, радиатсионӣ ва ядроии Академияи миллии илмҳои Тоҷикистон","Агентии амнияти химиявӣ, биологӣ, радиатсионӣ ва ядроии Академияи миллии илмҳои Тоҷикистон","Коғазӣ, электронӣ",Музднок
"АГЕНТИИ АМНИЯТИ ХИМИЯВӢ, БИОЛОГӢ, РАДИАТСИОНӢ ВА ЯДРОИИ АКАДЕМИЯИ МИЛЛИИ ИЛМҲОИ ТОҶИКИСТОН",Иҷозатнома,881,000881,"Иҷозатнома барои фаъолият оид ба интиқол, нигоҳдории муваққатӣ ва дарозмуддати партовҳои радиоактивӣ",Шахсони воқеӣ ва ҳуқуқӣ,"Агентии амнияти химиявӣ, биологӣ, радиатсионӣ ва ядроии Академияи миллии илмҳои Тоҷикистон","Агентии амнияти химиявӣ, биологӣ, радиатсионӣ ва ядроии Академияи миллии илмҳои Тоҷикистон","Коғазӣ, электронӣ",Музднок
"АГЕНТИИ АМНИЯТИ ХИМИЯВӢ, БИОЛОГӢ, РАДИАТСИОНӢ ВА ЯДРОИИ АКАДЕМИЯИ МИЛЛИИ ИЛМҲОИ ТОҶИКИСТОН",Иҷозатнома,882,000882,Иҷозатнома барои фаъолият оид ба аз истифода баровардани объекти радиатсионии хатарнок,Шахсони воқеӣ ва ҳуқуқӣ,"Агентии амнияти химиявӣ, биологӣ, радиатсионӣ ва ядроии Академияи миллии илмҳои Тоҷикистон","Агентии амнияти химиявӣ, биологӣ, радиатсионӣ ва ядроии Академияи миллии илмҳои Тоҷикистон","Коғазӣ, электронӣ",Музднок
"АГЕНТИИ АМНИЯТИ ХИМИЯВӢ, БИОЛОГӢ, РАДИАТСИОНӢ ВА ЯДРОИИ АКАДЕМИЯИ МИЛЛИИ ИЛМҲОИ ТОҶИКИСТОН",Иҷозатнома,883,000883,"Иҷозатнома барои фаъолият оид ба воридот, содирот ва транзити моддаҳо (манбаъҳо)-и радиоактивии кушода ва пўшида ба ҳудуди ҷумҳурӣ",Шахсони воқеӣ ва ҳуқуқӣ,"Агентии амнияти химиявӣ, биологӣ, радиатсионӣ ва ядроии Академияи миллии илмҳои Тоҷикистон","Агентии амнияти химиявӣ, биологӣ, радиатсионӣ ва ядроии Академияи миллии илмҳои Тоҷикистон","Коғазӣ, электронӣ",Музднок
"АГЕНТИИ АМНИЯТИ ХИМИЯВӢ, БИОЛОГӢ, РАДИАТСИОНӢ ВА ЯДРОИИ АКАДЕМИЯИ МИЛЛИИ ИЛМҲОИ ТОҶИКИСТОН",Иҷозатнома,884,000884,Иҷозатнома барои фаъолият оид ба истифодабарии моддаҳо (манбаъҳо)-и радиоактивии пўшида,Шахсони воқеӣ ва ҳуқуқӣ,"Агентии амнияти химиявӣ, биологӣ, радиатсионӣ ва ядроии Академияи миллии илмҳои Тоҷикистон","Агентии амнияти химиявӣ, биологӣ, радиатсионӣ ва ядроии Академияи миллии илмҳои Тоҷикистон","Коғазӣ, электронӣ",Музднок
"АГЕНТИИ АМНИЯТИ ХИМИЯВӢ, БИОЛОГӢ, РАДИАТСИОНӢ ВА ЯДРОИИ АКАДЕМИЯИ МИЛЛИИ ИЛМҲОИ ТОҶИКИСТОН",Иҷозатнома,885,000885,Иҷозатнома барои фаъолият оид ба истифодабарии моддаҳо (манбаъҳо)-и радиоактивии кушода,Шахсони воқеӣ ва ҳуқуқӣ,"Агентии амнияти химиявӣ, биологӣ, радиатсионӣ ва ядроии Академияи миллии илмҳои Тоҷикистон","Агентии амнияти химиявӣ, биологӣ, радиатсионӣ ва ядроии Академияи миллии илмҳои Тоҷикистон","Коғазӣ, электронӣ",Музднок
"АГЕНТИИ АМНИЯТИ ХИМИЯВӢ, БИОЛОГӢ, РАДИАТСИОНӢ ВА ЯДРОИИ АКАДЕМИЯИ МИЛЛИИ ИЛМҲОИ ТОҶИКИСТОН",Иҷозатнома,886,000886,Иҷозатнома барои фаъолият оид ба нигоҳдории муваққатии моддаҳо (манбаъҳо)-и радиоактивӣ,Шахсони воқеӣ ва ҳуқуқӣ,"Агентии амнияти химиявӣ, биологӣ, радиатсионӣ ва ядроии Академияи миллии илмҳои Тоҷикистон","Агентии амнияти химиявӣ, биологӣ, радиатсионӣ ва ядроии Академияи миллии илмҳои Тоҷикистон","Коғазӣ, электронӣ",Музднок
"АГЕНТИИ АМНИЯТИ ХИМИЯВӢ, БИОЛОГӢ, РАДИАТСИОНӢ ВА ЯДРОИИ АКАДЕМИЯИ МИЛЛИИ ИЛМҲОИ ТОҶИКИСТОН",Иҷозатнома,887,000887,Иҷозатнома барои фаъолият оид ба нигоҳдории дарозмуддати моддаҳо (манбаъҳо)-и радиоактивӣ,Шахсони воқеӣ ва ҳуқуқӣ,"Агентии амнияти химиявӣ, биологӣ, радиатсионӣ ва ядроии Академияи миллии илмҳои Тоҷикистон","Агентии амнияти химиявӣ, биологӣ, радиатсионӣ ва ядроии Академияи миллии илмҳои Тоҷикистон","Коғазӣ, электронӣ",Музднок
"АГЕНТИИ АМНИЯТИ ХИМИЯВӢ, БИОЛОГӢ, РАДИАТСИОНӢ ВА ЯДРОИИ АКАДЕМИЯИ МИЛЛИИ ИЛМҲОИ ТОҶИКИСТОН",Иҷозатнома,888,000888,Иҷозатнома барои фаъолият оид ба ҳамлу нақли моддаҳо (манбаъҳо)-и радиоактивӣ,Шахсони воқеӣ ва ҳуқуқӣ,"Агентии амнияти химиявӣ, биологӣ, радиатсионӣ ва ядроии Академияи миллии илмҳои Тоҷикистон","Агентии амнияти химиявӣ, биологӣ, радиатсионӣ ва ядроии Академияи миллии илмҳои Тоҷикистон","Коғазӣ, электронӣ",Музднок
"АГЕНТИИ АМНИЯТИ ХИМИЯВӢ, БИОЛОГӢ, РАДИАТСИОНӢ ВА ЯДРОИИ АКАДЕМИЯИ МИЛЛИИ ИЛМҲОИ ТОҶИКИСТОН",Иҷозатнома,889,000889,"Иҷозатнома барои фаъолият оид ба пешкаш намудани хизматрасонии техникӣ (васл ва таъмир)-и асбоб ва таҷҳизоте, ки моддаҳо (манбаъҳо)-и радиоактивӣ доранд",Шахсони воқеӣ ва ҳуқуқӣ,"Агентии амнияти химиявӣ, биологӣ, радиатсионӣ ва ядроии Академияи миллии илмҳои Тоҷикистон","Агентии амнияти химиявӣ, биологӣ, радиатсионӣ ва ядроии Академияи миллии илмҳои Тоҷикистон","Коғазӣ, электронӣ",Музднок
"АГЕНТИИ АМНИЯТИ ХИМИЯВӢ, БИОЛОГӢ, РАДИАТСИОНӢ ВА ЯДРОИИ АКАДЕМИЯИ МИЛЛИИ ИЛМҲОИ ТОҶИКИСТОН",Иҷозатнома,890,000890,"Иҷозатнома барои фаъолият оид ба истеҳсол, истифодабарӣ, коркард, ҳамлу нақл ва нигодории маводи ядроӣ",Шахсони воқеӣ ва ҳуқуқӣ,"Агентии амнияти химиявӣ, биологӣ, радиатсионӣ ва ядроии Академияи миллии илмҳои Тоҷикистон","Агентии амнияти химиявӣ, биологӣ, радиатсионӣ ва ядроии Академияи миллии илмҳои Тоҷикистон","Коғазӣ, электронӣ",Музднок
"АГЕНТИИ АМНИЯТИ ХИМИЯВӢ, БИОЛОГӢ, РАДИАТСИОНӢ ВА ЯДРОИИ АКАДЕМИЯИ МИЛЛИИ ИЛМҲОИ ТОҶИКИСТОН",Иҷозатнома,891,000891,"Иҷозатнома барои фаъолият оид ба интихоби қитъа, баҳодиҳии қитъа (асосноккунии техникию иқтисодӣ ва баҳодиҳии таъсир ба муҳити зист), лоиҳакашӣ, сохтмони иншооти истифодаи энергияи атомӣ",Шахсони воқеӣ ва ҳуқуқӣ,"Агентии амнияти химиявӣ, биологӣ, радиатсионӣ ва ядроии Академияи миллии илмҳои Тоҷикистон","Агентии амнияти химиявӣ, биологӣ, радиатсионӣ ва ядроии Академияи миллии илмҳои Тоҷикистон","Коғазӣ, электронӣ",Музднок
"АГЕНТИИ АМНИЯТИ ХИМИЯВӢ, БИОЛОГӢ, РАДИАТСИОНӢ ВА ЯДРОИИ АКАДЕМИЯИ МИЛЛИИ ИЛМҲОИ ТОҶИКИСТОН",Иҷозатнома,892,000892,"Иҷозатнома барои фаъолияти ба истифода додан, истифодабарӣ ва аз истифода баровардани иншооти истифодаи энергияи атомӣ",Шахсони воқеӣ ва ҳуқуқӣ,"Агентии амнияти химиявӣ, биологӣ, радиатсионӣ ва ядроии Академияи миллии илмҳои Тоҷикистон","Агентии амнияти химиявӣ, биологӣ, радиатсионӣ ва ядроии Академияи миллии илмҳои Тоҷикистон","Коғазӣ, электронӣ",Музднок
"АГЕНТИИ АМНИЯТИ ХИМИЯВӢ, БИОЛОГӢ, РАДИАТСИОНӢ ВА ЯДРОИИ АКАДЕМИЯИ МИЛЛИИ ИЛМҲОИ ТОҶИКИСТОН",Иҷозат,893,000893,Иҷозат барои воридоти манбаъҳои афканишоти иондоркунанда (манбаъҳои ҳосилкунанда),Шахсони воқеӣ ва ҳуқуқӣ,"Агентии амнияти химиявӣ, биологӣ, радиатсионӣ ва ядроии Академияи миллии илмҳои Тоҷикистон","Агентии амнияти химиявӣ, биологӣ, радиатсионӣ ва ядроии Академияи миллии илмҳои Тоҷикистон","Коғазӣ, электронӣ",Музднок
"АГЕНТИИ АМНИЯТИ ХИМИЯВӢ, БИОЛОГӢ, РАДИАТСИОНӢ ВА ЯДРОИИ АКАДЕМИЯИ МИЛЛИИ ИЛМҲОИ ТОҶИКИСТОН",Сертификат,894,000894,Сертификат оид ба санҷиш ё андозагирии воситаҳои ченкунӣ (дозиметрҳо),Шахсони воқеӣ ва ҳуқуқӣ,"Агентии амнияти химиявӣ, биологӣ, радиатсионӣ ва ядроии Академияи миллии илмҳои Тоҷикистон","Агентии амнияти химиявӣ, биологӣ, радиатсионӣ ва ядроии Академияи миллии илмҳои Тоҷикистон","Коғазӣ, электронӣ",Музднок
"АГЕНТИИ АМНИЯТИ ХИМИЯВӢ, БИОЛОГӢ, РАДИАТСИОНӢ ВА ЯДРОИИ АКАДЕМИЯИ МИЛЛИИ ИЛМҲОИ ТОҶИКИСТОН",Сертификат,895,000895,"Сертификати аккредитатсияи ташкилот, кормандон ва шахсони гузаронандаи экспертизаи бехатарии ядроӣ, радиатсионӣ ва амнияти ҷисмонии ядроӣ",Шахсони воқеӣ ва ҳуқуқӣ,"Агентии амнияти химиявӣ, биологӣ, радиатсионӣ ва ядроии Академияи миллии илмҳои Тоҷикистон","Агентии амнияти химиявӣ, биологӣ, радиатсионӣ ва ядроии Академияи миллии илмҳои Тоҷикистон","Коғазӣ, электронӣ",Музднок
"АГЕНТИИ АМНИЯТИ ХИМИЯВӢ, БИОЛОГӢ, РАДИАТСИОНӢ ВА ЯДРОИИ АКАДЕМИЯИ МИЛЛИИ ИЛМҲОИ ТОҶИКИСТОН",Сертификат,896,000896,Сертификат оид ба такмили ихтисоси кормандон дар соҳаи бехатарии радиатсионӣ,Шахсони воқеӣ ва ҳуқуқӣ,"Агентии амнияти химиявӣ, биологӣ, радиатсионӣ ва ядроии Академияи миллии илмҳои Тоҷикистон","Агентии амнияти химиявӣ, биологӣ, радиатсионӣ ва ядроии Академияи миллии илмҳои Тоҷикистон","Коғазӣ, электронӣ",Музднок
"АГЕНТИИ АМНИЯТИ ХИМИЯВӢ, БИОЛОГӢ, РАДИАТСИОНӢ ВА ЯДРОИИ АКАДЕМИЯИ МИЛЛИИ ИЛМҲОИ ТОҶИКИСТОН",Хулоса,897,000897,Хулоса оид ба сифати нишондодҳои дастгоҳҳои рентгенӣ,Шахсони воқеӣ ва ҳуқуқӣ,"Агентии амнияти химиявӣ, биологӣ, радиатсионӣ ва ядроии Академияи миллии илмҳои Тоҷикистон","Агентии амнияти химиявӣ, биологӣ, радиатсионӣ ва ядроии Академияи миллии илмҳои Тоҷикистон","Коғазӣ, электронӣ",Музднок
"АГЕНТИИ АМНИЯТИ ХИМИЯВӢ, БИОЛОГӢ, РАДИАТСИОНӢ ВА ЯДРОИИ АКАДЕМИЯИ МИЛЛИИ ИЛМҲОИ ТОҶИКИСТОН",Хулоса,898,000898,Хулоса оид ба мавҷудияти радионуклидҳо дар маҳсулотҳои сохтмонӣ,Шахсони воқеӣ ва ҳуқуқӣ,"Агентии амнияти химиявӣ, биологӣ, радиатсионӣ ва ядроии Академияи миллии илмҳои Тоҷикистон","Агентии амнияти химиявӣ, биологӣ, радиатсионӣ ва ядроии Академияи миллии илмҳои Тоҷикистон","Коғазӣ, электронӣ",Музднок
"АГЕНТИИ АМНИЯТИ ХИМИЯВӢ, БИОЛОГӢ, РАДИАТСИОНӢ ВА ЯДРОИИ АКАДЕМИЯИ МИЛЛИИ ИЛМҲОИ ТОҶИКИСТОН",Хулоса,899,000899,Хулоса оид ба мавҷудияти радионуклидҳо дар маҳсулотҳои озуқаворӣ,Шахсони воқеӣ ва ҳуқуқӣ,"Агентии амнияти химиявӣ, биологӣ, радиатсионӣ ва ядроии Академияи миллии илмҳои Тоҷикистон","Агентии амнияти химиявӣ, биологӣ, радиатсионӣ ва ядроии Академияи миллии илмҳои Тоҷикистон","Коғазӣ, электронӣ",Музднок
"АГЕНТИИ АМНИЯТИ ХИМИЯВӢ, БИОЛОГӢ, РАДИАТСИОНӢ ВА ЯДРОИИ АКАДЕМИЯИ МИЛЛИИ ИЛМҲОИ ТОҶИКИСТОН",Хулоса,900,000900,Хулоса оид ба мавҷудияти радионуклидҳо дар намунаҳои гуногун,Шахсони воқеӣ ва ҳуқуқӣ,"Агентии амнияти химиявӣ, биологӣ, радиатсионӣ ва ядроии Академияи миллии илмҳои Тоҷикистон","Агентии амнияти химиявӣ, биологӣ, радиатсионӣ ва ядроии Академияи миллии илмҳои Тоҷикистон","Коғазӣ, электронӣ",Музднок
"АГЕНТИИ АМНИЯТИ ХИМИЯВӢ, БИОЛОГӢ, РАДИАТСИОНӢ ВА ЯДРОИИ АКАДЕМИЯИ МИЛЛИИ ИЛМҲОИ ТОҶИКИСТОН",Хулоса,901,000901,Хулоса барои маводди таъиноти дуҳадафа,Шахсони воқеӣ ва ҳуқуқӣ,"Агентии амнияти химиявӣ, биологӣ, радиатсионӣ ва ядроии Академияи миллии илмҳои Тоҷикистон","Агентии амнияти химиявӣ, биологӣ, радиатсионӣ ва ядроии Академияи миллии илмҳои Тоҷикистон","Коғазӣ, электронӣ",Музднок
"АГЕНТИИ АМНИЯТИ ХИМИЯВӢ, БИОЛОГӢ, РАДИАТСИОНӢ ВА ЯДРОИИ АКАДЕМИЯИ МИЛЛИИ ИЛМҲОИ ТОҶИКИСТОН",Хулоса,902,000902,Хулоса аз натиҷаи экспертизаи илмии тиббӣ,Шахсони воқеӣ ва ҳуқуқӣ,"Агентии амнияти химиявӣ, биологӣ, радиатсионӣ ва ядроии Академияи миллии илмҳои Тоҷикистон","Агентии амнияти химиявӣ, биологӣ, радиатсионӣ ва ядроии Академияи миллии илмҳои Тоҷикистон","Коғазӣ, электронӣ",Музднок
"АГЕНТИИ АМНИЯТИ ХИМИЯВӢ, БИОЛОГӢ, РАДИАТСИОНӢ ВА ЯДРОИИ АКАДЕМИЯИ МИЛЛИИ ИЛМҲОИ ТОҶИКИСТОН",Хулоса,903,000903,Хулоса аз натиҷаи санҷиши сифати нишондодҳои дастгоҳҳои рентгенӣ,Шахсони воқеӣ ва ҳуқуқӣ,"Агентии амнияти химиявӣ, биологӣ, радиатсионӣ ва ядроии Академияи миллии илмҳои Тоҷикистон","Агентии амнияти химиявӣ, биологӣ, радиатсионӣ ва ядроии Академияи миллии илмҳои Тоҷикистон","Коғазӣ, электронӣ",Музднок
"АГЕНТИИ АМНИЯТИ ХИМИЯВӢ, БИОЛОГӢ, РАДИАТСИОНӢ ВА ЯДРОИИ АКАДЕМИЯИ МИЛЛИИ ИЛМҲОИ ТОҶИКИСТОН",Хулоса,904,000904,Хулоса аз натиҷаи гузаронидани санҷиш ё андозагирии воситаҳои ченкунӣ,Шахсони воқеӣ ва ҳуқуқӣ,"Агентии амнияти химиявӣ, биологӣ, радиатсионӣ ва ядроии Академияи миллии илмҳои Тоҷикистон","Агентии амнияти химиявӣ, биологӣ, радиатсионӣ ва ядроии Академияи миллии илмҳои Тоҷикистон","Коғазӣ, электронӣ",Музднок
"АГЕНТИИ АМНИЯТИ ХИМИЯВӢ, БИОЛОГӢ, РАДИАТСИОНӢ ВА ЯДРОИИ АКАДЕМИЯИ МИЛЛИИ ИЛМҲОИ ТОҶИКИСТОН",Мувофиқасозӣ,905,000905,"Мувофиқакунонии нақшаҳо, лоиҳаҳо, методикаҳо, конструксияҳо ва ҳуҷҷатҳои ба соҳаи бехатарии радиатсионӣ ва ядроӣ дахлдошта",Шахсони воқеӣ ва ҳуқуқӣ,"Агентии амнияти химиявӣ, биологӣ, радиатсионӣ ва ядроии Академияи миллии илмҳои Тоҷикистон","Агентии амнияти химиявӣ, биологӣ, радиатсионӣ ва ядроии Академияи миллии илмҳои Тоҷикистон","Коғазӣ, электронӣ",Музднок
МУАСССИСАИ ДАВЛАТИИ «МАРКАЗИ МИЛЛИИ ТЕСТИИ НАЗДИ ПРЕЗИДЕНТИ ҶУМҲУРИИ ТОҶИКИСТОН»,Бақайдгирӣ (азнавбақайдгирӣ),906,000906,Бақайдгирӣ барои иштирок дар имтиҳонҳои марказонидаи дохилшавӣ ба муассисаҳои таълимӣ,Шахсони воқеӣ ва ҳуқуқӣ,Маркази миллии тестии назди Президенти Ҷумҳурии Тоҷикистон,Маркази миллии тестии назди Президенти Ҷумҳурии Тоҷикистон,"Коғазӣ, электронӣ",Музднок
МУАСССИСАИ ДАВЛАТИИ «МАРКАЗИ МИЛЛИИ ТЕСТИИ НАЗДИ ПРЕЗИДЕНТИ ҶУМҲУРИИ ТОҶИКИСТОН»,Бақайдгирӣ (азнавбақайдгирӣ),907,000907,Азнавбақайдгирӣ барои тағйир додани интихоби аввалия ва (ё) маълумоти шахсӣ ё иштироки довталаб дар тақсимоти такрорӣ,Шахсони воқеӣ ва ҳуқуқӣ,Маркази миллии тестии назди Президенти Ҷумҳурии Тоҷикистон,Маркази миллии тестии назди Президенти Ҷумҳурии Тоҷикистон,"Коғазӣ, электронӣ",Музднок
МУАСССИСАИ ДАВЛАТИИ «МАРКАЗИ МИЛЛИИ ТЕСТИИ НАЗДИ ПРЕЗИДЕНТИ ҶУМҲУРИИ ТОҶИКИСТОН»,Иҷозат,908,000908,"Иҷозат барои иштирок дар даври дуюми имтиҳонҳои марказонидаи дохилшавӣ ба муассисаҳои таълимӣ ба довталабе, ки дар даври якуми имтиҳон иштирок карда натавонистааст",Шахсони воқеӣ ва ҳуқуқӣ,Маркази миллии тестии назди Президенти Ҷумҳурии Тоҷикистон,Маркази миллии тестии назди Президенти Ҷумҳурии Тоҷикистон,"Коғазӣ, электронӣ",Музднок
МУАСССИСАИ ДАВЛАТИИ «МАРКАЗИ МИЛЛИИ ТЕСТИИ НАЗДИ ПРЕЗИДЕНТИ ҶУМҲУРИИ ТОҶИКИСТОН»,Маълумотнома,909,000909,Маълумотнома дар бораи натиҷаҳои имтиҳонҳои марказонидаи дохилшавӣ,Шахсони воқеӣ ва ҳуқуқӣ,Маркази миллии тестии назди Президенти Ҷумҳурии Тоҷикистон,Маркази миллии тестии назди Президенти Ҷумҳурии Тоҷикистон,"Коғазӣ, электронӣ",Музднок
МУАССИСИ ДАВЛАТИИ «ОСОРХОНАИ МИЛЛИИ ТОҶИКИСТОН»-И НАЗДИ ДАСТГОҲИ ИҶРОИЯИ ПРЕЗИДЕНТИ ҶУМҲУРИИ ТОҶИКИСТОН,Чипта,921,000921,Чипта барои тамошои экспозитсия,Шахсони воқеӣ ва ҳуқуқӣ,Муассиси давлатии «Осорхонаи миллии Тоҷикистон»,Муассиси давлатии «Осорхонаи миллии Тоҷикистон»,"Коғазӣ, электронӣ",Музднок
МУАССИСИ ДАВЛАТИИ «ОСОРХОНАИ МИЛЛИИ ТОҶИКИСТОН»-И НАЗДИ ДАСТГОҲИ ИҶРОИЯИ ПРЕЗИДЕНТИ ҶУМҲУРИИ ТОҶИКИСТОН,Роҳхат,922,000922,Роҳхат барои баргузории экскурсия,Шахсони воқеӣ ва ҳуқуқӣ,Муассиси давлатии «Осорхонаи миллии Тоҷикистон»,Муассиси давлатии «Осорхонаи миллии Тоҷикистон»,"Коғазӣ, электронӣ",Музднок
МУАССИСИ ДАВЛАТИИ «КИТОБХОНАИ МИЛЛӢ»-И НАЗДИ ДАСТГОҲИ ИҶРОИЯИ ПРЕЗИДЕНТИ ҶУМҲУРИИ ТОҶИКИСТОН,Бақайдгирӣ,923,000923,Бақайдгирии таснифоти даҳрақамаи универсалӣ,Шахсони воқеӣ ва ҳуқуқӣ,Муассиси давлатии «Китобхонаи миллӣ»,Муассиси давлатии «Китобхонаи миллӣ»,"Коғазӣ, электронӣ",Музднок
МУАССИСИ ДАВЛАТИИ «КИТОБХОНАИ МИЛЛӢ»-И НАЗДИ ДАСТГОҲИ ИҶРОИЯИ ПРЕЗИДЕНТИ ҶУМҲУРИИ ТОҶИКИСТОН,Бақайдгирӣ,924,000924,Бақайдгирии таснифоти китобдорӣ,Шахсони воқеӣ ва ҳуқуқӣ,Муассиси давлатии «Китобхонаи миллӣ»,Муассиси давлатии «Китобхонаи миллӣ»,"Коғазӣ, электронӣ",Музднок
МУАССИСИ ДАВЛАТИИ «КИТОБХОНАИ МИЛЛӢ»-И НАЗДИ ДАСТГОҲИ ИҶРОИЯИ ПРЕЗИДЕНТИ ҶУМҲУРИИ ТОҶИКИСТОН,Нусхабардорӣ,925,000925,Нусхабардории электронӣ (сканер)-и китоб ва ҳуҷҷатҳо,Шахсони воқеӣ ва ҳуқуқӣ,Муассиси давлатии «Китобхонаи миллӣ»,Муассиси давлатии «Китобхонаи миллӣ»,"Коғазӣ, электронӣ",Музднок
МУАССИСИ ДАВЛАТИИ «КИТОБХОНАИ МИЛЛӢ»-И НАЗДИ ДАСТГОҲИ ИҶРОИЯИ ПРЕЗИДЕНТИ ҶУМҲУРИИ ТОҶИКИСТОН,Нусхабардорӣ,926,000926,Нусхабардории китоб ва ҳуҷҷатҳо,Шахсони воқеӣ ва ҳуқуқӣ,Муассиси давлатии «Китобхонаи миллӣ»,Муассиси давлатии «Китобхонаи миллӣ»,"Коғазӣ, электронӣ",Музднок
МУАССИСИ ДАВЛАТИИ «КИТОБХОНАИ МИЛЛӢ»-И НАЗДИ ДАСТГОҲИ ИҶРОИЯИ ПРЕЗИДЕНТИ ҶУМҲУРИИ ТОҶИКИСТОН,Корт,927,000927,Корти даромаду баромади хонандагон,Шахсони воқеӣ ва ҳуқуқӣ,Муассиси давлатии «Китобхонаи миллӣ»,Муассиси давлатии «Китобхонаи миллӣ»,"Коғазӣ, электронӣ",Музднок
